-- MySQL dump 10.13  Distrib 5.7.34, for Linux (x86_64)
--
-- Host: localhost    Database: small_eod
-- ------------------------------------------------------
-- Server version	5.7.34

/*!40101 SET @OLD_CHARACTER_SET_CLIENT=@@CHARACTER_SET_CLIENT */;
/*!40101 SET @OLD_CHARACTER_SET_RESULTS=@@CHARACTER_SET_RESULTS */;
/*!40101 SET @OLD_COLLATION_CONNECTION=@@COLLATION_CONNECTION */;
/*!40101 SET NAMES utf8 */;
/*!40103 SET @OLD_TIME_ZONE=@@TIME_ZONE */;
/*!40103 SET TIME_ZONE='+00:00' */;
/*!40014 SET @OLD_UNIQUE_CHECKS=@@UNIQUE_CHECKS, UNIQUE_CHECKS=0 */;
/*!40014 SET @OLD_FOREIGN_KEY_CHECKS=@@FOREIGN_KEY_CHECKS, FOREIGN_KEY_CHECKS=0 */;
/*!40101 SET @OLD_SQL_MODE=@@SQL_MODE, SQL_MODE='NO_AUTO_VALUE_ON_ZERO' */;
/*!40111 SET @OLD_SQL_NOTES=@@SQL_NOTES, SQL_NOTES=0 */;

--
-- Table structure for table `account_emailaddress`
--

DROP TABLE IF EXISTS `account_emailaddress`;
/*!40101 SET @saved_cs_client     = @@character_set_client */;
/*!40101 SET character_set_client = utf8 */;
CREATE TABLE `account_emailaddress` (
  `id` int(11) NOT NULL AUTO_INCREMENT,
  `email` varchar(254) COLLATE utf8_polish_ci NOT NULL,
  `verified` tinyint(1) NOT NULL,
  `primary` tinyint(1) NOT NULL,
  `user_id` int(11) NOT NULL,
  PRIMARY KEY (`id`),
  UNIQUE KEY `email` (`email`),
  KEY `account_emailaddress_user_id_2c513194_fk_auth_user_id` (`user_id`),
  CONSTRAINT `account_emailaddress_user_id_2c513194_fk_auth_user_id` FOREIGN KEY (`user_id`) REFERENCES `auth_user` (`id`)
) ENGINE=InnoDB AUTO_INCREMENT=52 DEFAULT CHARSET=utf8 COLLATE=utf8_polish_ci;
/*!40101 SET character_set_client = @saved_cs_client */;

--
-- Dumping data for table `account_emailaddress`
--

LOCK TABLES `account_emailaddress` WRITE;
/*!40000 ALTER TABLE `account_emailaddress` DISABLE KEYS */;
INSERT INTO `account_emailaddress` VALUES (3,'katarzyna.witek@siecobywatelska.pl',1,1,7),(4,'bartosz.wilk@siecobywatelska.pl',1,1,8),(6,'agnieszka.zdanowicz@siecobywatelska.pl',0,0,3),(7,'joanna.gucman@siecobywatelska.pl',1,1,11),(8,'paula.klucinska@siecobywatelska.pl',1,1,12),(9,'adam.kuczynski@siecobywatelska.pl',1,1,13),(11,'ewa.newelska@siecobywatelska.pl',1,1,15),(12,'roksana.maslankiewicz@siecobywatelska.pl',1,1,16),(14,'agnieszka.podgorska@siecobywatelska.pl',1,1,18),(15,'martyna.bojko@siecobywatelska.pl',1,1,19),(16,'szymon.osowski@siecobywatelska.pl',1,1,20),(22,'katarzyna.batko@siecobywatelska.pl',1,1,26),(31,'alina.czyzewska@siecobywatelska.pl',1,1,35),(32,'szymon.dubiel@siecobywatelska.pl',1,1,36),(34,'marta.marszal@siecobywatelska.pl',1,1,38),(39,'marcin.bojko@siecobywatelska.pl',1,1,44),(41,'adam.mikos@siecobywatelska.pl',1,1,46),(44,'marzena.blaszczyk@siecobywatelska.pl',1,1,49),(45,'patryk.luczynski@siecobywatelska.pl',1,1,50),(49,'maciej.wojtkumski@siecobywatelska.pl',1,1,54);
/*!40000 ALTER TABLE `account_emailaddress` ENABLE KEYS */;
UNLOCK TABLES;

--
-- Table structure for table `account_emailconfirmation`
--

DROP TABLE IF EXISTS `account_emailconfirmation`;
/*!40101 SET @saved_cs_client     = @@character_set_client */;
/*!40101 SET character_set_client = utf8 */;
CREATE TABLE `account_emailconfirmation` (
  `id` int(11) NOT NULL AUTO_INCREMENT,
  `created` datetime(6) NOT NULL,
  `sent` datetime(6) DEFAULT NULL,
  `key` varchar(64) COLLATE utf8_polish_ci NOT NULL,
  `email_address_id` int(11) NOT NULL,
  PRIMARY KEY (`id`),
  UNIQUE KEY `key` (`key`),
  KEY `account_emailconfirm_email_address_id_5b7f8c58_fk_account_e` (`email_address_id`),
  CONSTRAINT `account_emailconfirm_email_address_id_5b7f8c58_fk_account_e` FOREIGN KEY (`email_address_id`) REFERENCES `account_emailaddress` (`id`)
) ENGINE=InnoDB DEFAULT CHARSET=utf8 COLLATE=utf8_polish_ci;
/*!40101 SET character_set_client = @saved_cs_client */;

--
-- Dumping data for table `account_emailconfirmation`
--

LOCK TABLES `account_emailconfirmation` WRITE;
/*!40000 ALTER TABLE `account_emailconfirmation` DISABLE KEYS */;
/*!40000 ALTER TABLE `account_emailconfirmation` ENABLE KEYS */;
UNLOCK TABLES;

--
-- Table structure for table `auth_group`
--

DROP TABLE IF EXISTS `auth_group`;
/*!40101 SET @saved_cs_client     = @@character_set_client */;
/*!40101 SET character_set_client = utf8 */;
CREATE TABLE `auth_group` (
  `id` int(11) NOT NULL AUTO_INCREMENT,
  `name` varchar(150) COLLATE utf8_polish_ci NOT NULL,
  PRIMARY KEY (`id`),
  UNIQUE KEY `name` (`name`)
) ENGINE=InnoDB DEFAULT CHARSET=utf8 COLLATE=utf8_polish_ci;
/*!40101 SET character_set_client = @saved_cs_client */;

--
-- Dumping data for table `auth_group`
--

LOCK TABLES `auth_group` WRITE;
/*!40000 ALTER TABLE `auth_group` DISABLE KEYS */;
/*!40000 ALTER TABLE `auth_group` ENABLE KEYS */;
UNLOCK TABLES;

--
-- Table structure for table `auth_group_permissions`
--

DROP TABLE IF EXISTS `auth_group_permissions`;
/*!40101 SET @saved_cs_client     = @@character_set_client */;
/*!40101 SET character_set_client = utf8 */;
CREATE TABLE `auth_group_permissions` (
  `id` int(11) NOT NULL AUTO_INCREMENT,
  `group_id` int(11) NOT NULL,
  `permission_id` int(11) NOT NULL,
  PRIMARY KEY (`id`),
  UNIQUE KEY `auth_group_permissions_group_id_permission_id_0cd325b0_uniq` (`group_id`,`permission_id`),
  KEY `auth_group_permissio_permission_id_84c5c92e_fk_auth_perm` (`permission_id`),
  CONSTRAINT `auth_group_permissio_permission_id_84c5c92e_fk_auth_perm` FOREIGN KEY (`permission_id`) REFERENCES `auth_permission` (`id`),
  CONSTRAINT `auth_group_permissions_group_id_b120cbf9_fk_auth_group_id` FOREIGN KEY (`group_id`) REFERENCES `auth_group` (`id`)
) ENGINE=InnoDB DEFAULT CHARSET=utf8 COLLATE=utf8_polish_ci;
/*!40101 SET character_set_client = @saved_cs_client */;

--
-- Dumping data for table `auth_group_permissions`
--

LOCK TABLES `auth_group_permissions` WRITE;
/*!40000 ALTER TABLE `auth_group_permissions` DISABLE KEYS */;
/*!40000 ALTER TABLE `auth_group_permissions` ENABLE KEYS */;
UNLOCK TABLES;

--
-- Table structure for table `auth_permission`
--

DROP TABLE IF EXISTS `auth_permission`;
/*!40101 SET @saved_cs_client     = @@character_set_client */;
/*!40101 SET character_set_client = utf8 */;
CREATE TABLE `auth_permission` (
  `id` int(11) NOT NULL AUTO_INCREMENT,
  `name` varchar(255) COLLATE utf8_polish_ci NOT NULL,
  `content_type_id` int(11) NOT NULL,
  `codename` varchar(100) COLLATE utf8_polish_ci NOT NULL,
  PRIMARY KEY (`id`),
  UNIQUE KEY `auth_permission_content_type_id_codename_01ab375a_uniq` (`content_type_id`,`codename`),
  CONSTRAINT `auth_permission_content_type_id_2f476e4b_fk_django_co` FOREIGN KEY (`content_type_id`) REFERENCES `django_content_type` (`id`)
) ENGINE=InnoDB AUTO_INCREMENT=97 DEFAULT CHARSET=utf8 COLLATE=utf8_polish_ci;
/*!40101 SET character_set_client = @saved_cs_client */;

--
-- Dumping data for table `auth_permission`
--

LOCK TABLES `auth_permission` WRITE;
/*!40000 ALTER TABLE `auth_permission` DISABLE KEYS */;
INSERT INTO `auth_permission` VALUES (1,'Can add log entry',1,'add_logentry'),(2,'Can change log entry',1,'change_logentry'),(3,'Can delete log entry',1,'delete_logentry'),(4,'Can add permission',2,'add_permission'),(5,'Can change permission',2,'change_permission'),(6,'Can delete permission',2,'delete_permission'),(7,'Can add user',3,'add_user'),(8,'Can change user',3,'change_user'),(9,'Can delete user',3,'delete_user'),(10,'Can add group',4,'add_group'),(11,'Can change group',4,'change_group'),(12,'Can delete group',4,'delete_group'),(13,'Can add content type',5,'add_contenttype'),(14,'Can change content type',5,'change_contenttype'),(15,'Can delete content type',5,'delete_contenttype'),(16,'Can add session',6,'add_session'),(17,'Can change session',6,'change_session'),(18,'Can delete session',6,'delete_session'),(19,'Can add site',7,'add_site'),(20,'Can change site',7,'change_site'),(21,'Can delete site',7,'delete_site'),(22,'Can add email confirmation',8,'add_emailconfirmation'),(23,'Can change email confirmation',8,'change_emailconfirmation'),(24,'Can delete email confirmation',8,'delete_emailconfirmation'),(25,'Can add email address',9,'add_emailaddress'),(26,'Can change email address',9,'change_emailaddress'),(27,'Can delete email address',9,'delete_emailaddress'),(28,'Can add social application token',10,'add_socialtoken'),(29,'Can change social application token',10,'change_socialtoken'),(30,'Can delete social application token',10,'delete_socialtoken'),(31,'Can add social account',11,'add_socialaccount'),(32,'Can change social account',11,'change_socialaccount'),(33,'Can delete social account',11,'delete_socialaccount'),(34,'Can add social application',12,'add_socialapp'),(35,'Can change social application',12,'change_socialapp'),(36,'Can delete social application',12,'delete_socialapp'),(37,'Can add institution',13,'add_institution'),(38,'Can change institution',13,'change_institution'),(39,'Can delete institution',13,'delete_institution'),(40,'Can add case',14,'add_case'),(41,'Can change case',14,'change_case'),(42,'Can delete case',14,'delete_case'),(43,'Can add letter',15,'add_letter'),(44,'Can change letter',15,'change_letter'),(45,'Can delete letter',15,'delete_letter'),(46,'Can add Tag',16,'add_tag'),(47,'Can change Tag',16,'change_tag'),(48,'Can delete Tag',16,'delete_tag'),(49,'Can add Channel',17,'add_channel'),(50,'Can change Channel',17,'change_channel'),(51,'Can delete Channel',17,'delete_channel'),(52,'Can add Person',18,'add_person'),(53,'Can change Person',18,'change_person'),(54,'Can delete Person',18,'delete_person'),(55,'Can add Dictionary',19,'add_dictionary'),(56,'Can change Dictionary',19,'change_dictionary'),(57,'Can delete Dictionary',19,'delete_dictionary'),(58,'Can add Mails',20,'add_mail'),(59,'Can change Mails',20,'change_mail'),(60,'Can delete Mails',20,'delete_mail'),(61,'Can view Case',14,'view_case'),(62,'Can view Institution',13,'view_institution'),(63,'Can view Letter',15,'view_letter'),(64,'Can view Channel',17,'view_channel'),(65,'Can view Person',18,'view_person'),(66,'Can view Tag',16,'view_tag'),(67,'Can view Dictionary',19,'view_dictionary'),(68,'Can view Mails',20,'view_mail'),(69,'Can view log entry',1,'view_logentry'),(70,'Can view permission',2,'view_permission'),(71,'Can view group',4,'view_group'),(72,'Can view user',3,'view_user'),(73,'Can view content type',5,'view_contenttype'),(74,'Can view session',6,'view_session'),(75,'Can view site',7,'view_site'),(76,'Can view email address',9,'view_emailaddress'),(77,'Can view email confirmation',8,'view_emailconfirmation'),(78,'Can view social account',11,'view_socialaccount'),(79,'Can view social application',12,'view_socialapp'),(80,'Can view social application token',10,'view_socialtoken'),(81,'Can add Letter description',21,'add_lettername'),(82,'Can change Letter description',21,'change_lettername'),(83,'Can delete Letter description',21,'delete_lettername'),(84,'Can view Letter description',21,'view_lettername'),(85,'Can add event',22,'add_event'),(86,'Can change event',22,'change_event'),(87,'Can delete event',22,'delete_event'),(88,'Can view event',22,'view_event'),(89,'Can add key',23,'add_key'),(90,'Can change key',23,'change_key'),(91,'Can delete key',23,'delete_key'),(92,'Can view key',23,'view_key'),(93,'Can add scope',24,'add_scope'),(94,'Can change scope',24,'change_scope'),(95,'Can delete scope',24,'delete_scope'),(96,'Can view scope',24,'view_scope');
/*!40000 ALTER TABLE `auth_permission` ENABLE KEYS */;
UNLOCK TABLES;

--
-- Table structure for table `auth_user`
--

DROP TABLE IF EXISTS `auth_user`;
/*!40101 SET @saved_cs_client     = @@character_set_client */;
/*!40101 SET character_set_client = utf8 */;
CREATE TABLE `auth_user` (
  `id` int(11) NOT NULL AUTO_INCREMENT,
  `password` varchar(128) COLLATE utf8_polish_ci NOT NULL,
  `last_login` datetime(6) DEFAULT NULL,
  `is_superuser` tinyint(1) NOT NULL,
  `username` varchar(150) COLLATE utf8_polish_ci NOT NULL,
  `first_name` varchar(30) COLLATE utf8_polish_ci NOT NULL,
  `last_name` varchar(150) COLLATE utf8_polish_ci NOT NULL,
  `email` varchar(254) COLLATE utf8_polish_ci NOT NULL,
  `is_staff` tinyint(1) NOT NULL,
  `is_active` tinyint(1) NOT NULL,
  `date_joined` datetime(6) NOT NULL,
  PRIMARY KEY (`id`),
  UNIQUE KEY `username` (`username`)
) ENGINE=InnoDB AUTO_INCREMENT=57 DEFAULT CHARSET=utf8 COLLATE=utf8_polish_ci;
/*!40101 SET character_set_client = @saved_cs_client */;

--
-- Dumping data for table `auth_user`
--

LOCK TABLES `auth_user` WRITE;
/*!40000 ALTER TABLE `auth_user` DISABLE KEYS */;
INSERT INTO `auth_user` VALUES (1,'pbkdf2_sha256$150000$B6MMVfdYAmxL$mIrrE23RhWe3Fv3CLfWI/lp3tzwA4LYJRNpFcrI82Is=','2021-05-31 01:53:51.088097',1,'adobrawy','Adam','XXX','adam.XXX@siecobywatelska.pl',1,1,'2018-06-05 08:23:24.000000'),(3,'pbkdf2_sha256$150000$BRYXTwTJeVNw$3Ji/hHQ8HS6kjWsYpyKV9mcNxVWn+9VsRN7pytyCloA=','2021-05-30 08:27:07.540013',1,'azdanowicz','Agnieszka','XXX','agnieszka.XXX@siecobywatelska.pl',1,1,'2018-06-06 10:35:33.000000'),(7,'pbkdf2_sha256$150000$KwSMD71GIVxx$1YK2r2HHho/uiPSxjMcv3370g7678Sxb1tWZSlpZq4k=','2021-05-21 15:03:49.463648',1,'Katarzyna_Witek','Katarzyna','XXX','katarzyna.XXX@siecobywatelska.pl',1,1,'2018-11-15 09:16:33.000000'),(8,'pbkdf2_sha256$150000$9sQOtxnwqsyb$+R19fpB6eOcz47vXhMIM+djI/Tr8mOS9HOvgmNwcGnQ=','2021-05-28 09:02:47.120346',0,'bartosz','Bartosz','XXX','bartosz.XXX@siecobywatelska.pl',1,1,'2018-11-16 09:34:05.000000'),(11,'pbkdf2_sha256$150000$mbtOJrmCN8ZQ$dIxsrNT+XKfCD33K8YKb8fwSO+cI6E8e+evmtqTMdWQ=','2021-05-14 11:49:49.803774',0,'Joanna_Gucman','Joanna','XXX','joanna.XXX@siecobywatelska.pl',1,1,'2018-11-26 15:08:12.000000'),(12,'pbkdf2_sha256$150000$1sCK1u828m7P$G63DfErE6TXWnVb8pZYXD5szy2ZFSfuNPBPlOf1CPZc=','2021-01-04 07:21:00.131779',0,'paula','Paula','XXX','paula.XXX@siecobywatelska.pl',1,1,'2018-11-27 09:48:21.000000'),(13,'pbkdf2_sha256$150000$ktxaeBUt2QeW$VF5wUy5Xhna/kO2kCOSMFGibdMF8cF+dLFARMAelUDM=','2021-05-28 17:06:50.295580',0,'adam','Adam','XXX','adam.XXX@siecobywatelska.pl',1,1,'2018-11-28 12:42:40.000000'),(15,'pbkdf2_sha256$150000$8pHjGm913wmq$kmuJNFZAaYLEIcVqlj/wbHDo+V7S4TmnWgqPzdnuvOY=','2021-04-07 15:06:38.436180',0,'ewa','Ewa','XXX','ewa.XXX@siecobywatelska.pl',1,1,'2018-12-03 08:53:13.000000'),(16,'pbkdf2_sha256$150000$rkajbuojbbFb$9wXy7xbeizZyEGfF1WYbryaUpZ1eWhUCktP4FqBoSLY=','2021-05-28 10:41:00.740097',0,'roksana','Roksana','XXX','roksana.XXX@siecobywatelska.pl',1,1,'2018-12-03 15:39:47.000000'),(18,'pbkdf2_sha256$150000$wpbKUZxy0GAE$Kqd8J5kqorjUYxwmPOBP1Rf5m0Mr5WOkQDgsXR626jY=','2020-04-16 10:36:49.666652',0,'agnieszka','Agnieszka','XXX','agnieszka.XXX@siecobywatelska.pl',1,1,'2018-12-04 09:42:25.000000'),(19,'pbkdf2_sha256$150000$RbqFt0SMX9qi$mQNzPHN9hzyVObwyq0GnNn92J7Tb1YF6zBL3pjLT/HI=','2021-05-26 12:33:04.423115',0,'martyna','Martyna','XXX','martyna.XXX@siecobywatelska.pl',1,1,'2018-12-04 09:42:28.000000'),(20,'pbkdf2_sha256$150000$yEOHd0nTYg1b$DDBrWmJ+Md5rPNY5WANjnWy6kXpIJp9aXYkLUGKkgO8=','2021-05-27 06:50:03.970365',0,'szymon','Szymon','XXX','szymon.XXX@siecobywatelska.pl',1,1,'2018-12-12 14:02:07.000000'),(26,'pbkdf2_sha256$150000$taRIJQIu2NLw$IoJSkxwIqPrxDrmVESXFXbqfBUQvKUG+UrQ/0nfajRY=','2021-05-27 09:03:32.578280',0,'katarzyna','Katarzyna','XXX','katarzyna.XXX@siecobywatelska.pl',1,1,'2019-02-19 16:16:38.000000'),(35,'pbkdf2_sha256$150000$tIL0LAdM4bSs$16Fb1X4g6sbu3sijb3b6xuJYN5IARdiE3g4rpfs//9w=','2021-05-28 07:21:32.199616',0,'alina','Alina','XXX','alina.XXX@siecobywatelska.pl',1,1,'2019-11-05 16:47:28.444840'),(36,'pbkdf2_sha256$150000$DW3e8GfVoP9Y$LSrxtC8KQFQZHtd8NY276u4GUsFD3cULN7Otr2Qz4gI=','2021-05-26 13:31:21.902117',0,'szymon3','Szymon','XXX','szymon.XXX@siecobywatelska.pl',1,1,'2019-12-12 08:39:07.000000'),(38,'pbkdf2_sha256$150000$ViJExf0usZCO$cKlTsZQ6p0EZXCy6zH9EYiN2Cvx/thi2uBJd9bIieSQ=','2020-08-27 11:05:50.000000',0,'marta','marta','XXX','marta.XXX@siecobywatelska.pl',0,0,'2020-01-10 09:00:54.000000'),(44,'pbkdf2_sha256$150000$lL7MQlRWVWsM$rZvPkmWsd8aAQVWpaQ3UmZ8eklVvFtDDmeroN80C3yg=','2020-11-04 13:05:21.791385',1,'marcin1','Marcin','XXX','marcin.XXX@siecobywatelska.pl',1,1,'2020-07-01 18:27:24.000000'),(46,'pbkdf2_sha256$150000$kVd1h0au2ASr$89LyHVVLPsIyAGyTlPnV+txB/98RJ98Bz5EVj/5Y580=','2020-09-22 07:48:13.000000',0,'adam8','Adam','XXX','adam.XXX@siecobywatelska.pl',0,1,'2020-08-31 16:58:00.000000'),(49,'pbkdf2_sha256$150000$rvckwpL6yw0Z$BbIVWBykPIKvyOVgg1r3XIodrN0AhjMlGfJDVc9Lf8w=','2021-05-18 18:05:09.734821',0,'marzena','Marzena','XXX','marzena.XXX@siecobywatelska.pl',1,1,'2020-10-08 13:31:37.000000'),(50,'pbkdf2_sha256$150000$I5Ygdw2eInM9$Z/utR+LzbEUEIuOyJM3V6Q8D50g1X2vdPebTMAVyIYU=','2020-12-23 22:36:27.450663',0,'patryk','Patryk','XXX','patryk.XXX@siecobywatelska.pl',0,1,'2020-11-12 10:06:15.860276'),(54,'pbkdf2_sha256$150000$wrklbDsJ7o9s$0hVZZcqSQrbRULrgngKCnxGicHnbpGzdz3f3DldQEVI=','2021-05-23 01:32:49.070114',0,'maciej','Maciej','XXX','maciej.XXX@siecobywatelska.pl',1,1,'2021-02-19 11:15:48.000000');
/*!40000 ALTER TABLE `auth_user` ENABLE KEYS */;
UNLOCK TABLES;

--
-- Table structure for table `auth_user_groups`
--

DROP TABLE IF EXISTS `auth_user_groups`;
/*!40101 SET @saved_cs_client     = @@character_set_client */;
/*!40101 SET character_set_client = utf8 */;
CREATE TABLE `auth_user_groups` (
  `id` int(11) NOT NULL AUTO_INCREMENT,
  `user_id` int(11) NOT NULL,
  `group_id` int(11) NOT NULL,
  PRIMARY KEY (`id`),
  UNIQUE KEY `auth_user_groups_user_id_group_id_94350c0c_uniq` (`user_id`,`group_id`),
  KEY `auth_user_groups_group_id_97559544_fk_auth_group_id` (`group_id`),
  CONSTRAINT `auth_user_groups_group_id_97559544_fk_auth_group_id` FOREIGN KEY (`group_id`) REFERENCES `auth_group` (`id`),
  CONSTRAINT `auth_user_groups_user_id_6a12ed8b_fk_auth_user_id` FOREIGN KEY (`user_id`) REFERENCES `auth_user` (`id`)
) ENGINE=InnoDB DEFAULT CHARSET=utf8 COLLATE=utf8_polish_ci;
/*!40101 SET character_set_client = @saved_cs_client */;

--
-- Dumping data for table `auth_user_groups`
--

LOCK TABLES `auth_user_groups` WRITE;
/*!40000 ALTER TABLE `auth_user_groups` DISABLE KEYS */;
/*!40000 ALTER TABLE `auth_user_groups` ENABLE KEYS */;
UNLOCK TABLES;

--
-- Table structure for table `auth_user_user_permissions`
--

DROP TABLE IF EXISTS `auth_user_user_permissions`;
/*!40101 SET @saved_cs_client     = @@character_set_client */;
/*!40101 SET character_set_client = utf8 */;
CREATE TABLE `auth_user_user_permissions` (
  `id` int(11) NOT NULL AUTO_INCREMENT,
  `user_id` int(11) NOT NULL,
  `permission_id` int(11) NOT NULL,
  PRIMARY KEY (`id`),
  UNIQUE KEY `auth_user_user_permissions_user_id_permission_id_14a6b632_uniq` (`user_id`,`permission_id`),
  KEY `auth_user_user_permi_permission_id_1fbb5f2c_fk_auth_perm` (`permission_id`),
  CONSTRAINT `auth_user_user_permi_permission_id_1fbb5f2c_fk_auth_perm` FOREIGN KEY (`permission_id`) REFERENCES `auth_permission` (`id`),
  CONSTRAINT `auth_user_user_permissions_user_id_a95ead1b_fk_auth_user_id` FOREIGN KEY (`user_id`) REFERENCES `auth_user` (`id`)
) ENGINE=InnoDB AUTO_INCREMENT=246 DEFAULT CHARSET=utf8 COLLATE=utf8_polish_ci;
/*!40101 SET character_set_client = @saved_cs_client */;

--
-- Dumping data for table `auth_user_user_permissions`
--

LOCK TABLES `auth_user_user_permissions` WRITE;
/*!40000 ALTER TABLE `auth_user_user_permissions` DISABLE KEYS */;
INSERT INTO `auth_user_user_permissions` VALUES (75,8,61),(77,8,63),(35,11,61),(37,11,63),(20,11,66),(55,12,61),(57,12,63),(95,13,61),(97,13,63),(109,15,1),(110,15,2),(111,15,3),(112,15,4),(113,15,5),(114,15,6),(115,15,7),(116,15,8),(117,15,9),(118,15,10),(119,15,11),(120,15,12),(121,15,13),(122,15,14),(123,15,15),(124,15,16),(125,15,17),(126,15,18),(127,15,19),(128,15,20),(129,15,21),(130,15,22),(131,15,23),(132,15,24),(133,15,25),(134,15,26),(135,15,27),(136,15,28),(137,15,29),(138,15,30),(139,15,31),(140,15,32),(141,15,33),(142,15,34),(143,15,35),(144,15,36),(145,15,37),(146,15,38),(147,15,39),(148,15,40),(149,15,41),(150,15,42),(151,15,43),(152,15,44),(153,15,45),(154,15,46),(155,15,47),(156,15,48),(157,15,49),(158,15,50),(159,15,51),(160,15,52),(161,15,53),(162,15,54),(163,15,55),(164,15,56),(165,15,57),(166,15,58),(167,15,59),(168,15,60),(99,15,61),(169,15,62),(100,15,63),(170,15,64),(171,15,65),(172,15,66),(173,15,67),(174,15,68),(175,15,69),(176,15,70),(177,15,71),(178,15,72),(179,15,73),(180,15,74),(181,15,75),(182,15,76),(183,15,77),(184,15,78),(185,15,79),(186,15,80),(101,16,61),(102,16,63),(103,18,61),(104,18,63),(105,19,61),(106,19,63),(107,20,61),(108,20,63),(187,26,61),(188,26,63),(193,35,61),(194,35,63),(195,36,61),(196,36,63),(225,46,41),(226,46,44),(228,46,61),(229,46,63),(227,46,82),(230,49,61),(231,49,63),(244,54,41),(245,54,44),(232,54,61),(233,54,63);
/*!40000 ALTER TABLE `auth_user_user_permissions` ENABLE KEYS */;
UNLOCK TABLES;

--
-- Table structure for table `authkey_key`
--

DROP TABLE IF EXISTS `authkey_key`;
/*!40101 SET @saved_cs_client     = @@character_set_client */;
/*!40101 SET character_set_client = utf8 */;
CREATE TABLE `authkey_key` (
  `id` int(11) NOT NULL AUTO_INCREMENT,
  `modified_on` datetime(6) NOT NULL,
  `created_on` datetime(6) NOT NULL,
  `token` varchar(40) COLLATE utf8_polish_ci NOT NULL,
  `used_on` datetime(6) NOT NULL,
  `user_id` int(11) NOT NULL,
  PRIMARY KEY (`id`),
  UNIQUE KEY `token` (`token`),
  KEY `authkey_key_user_id_20df30bc_fk_auth_user_id` (`user_id`),
  CONSTRAINT `authkey_key_user_id_20df30bc_fk_auth_user_id` FOREIGN KEY (`user_id`) REFERENCES `auth_user` (`id`)
) ENGINE=InnoDB AUTO_INCREMENT=7 DEFAULT CHARSET=utf8 COLLATE=utf8_polish_ci;
/*!40101 SET character_set_client = @saved_cs_client */;

--
-- Dumping data for table `authkey_key`
--

LOCK TABLES `authkey_key` WRITE;
/*!40000 ALTER TABLE `authkey_key` DISABLE KEYS */;
/*!40000 ALTER TABLE `authkey_key` ENABLE KEYS */;
UNLOCK TABLES;

--
-- Table structure for table `authkey_key_scopes`
--

DROP TABLE IF EXISTS `authkey_key_scopes`;
/*!40101 SET @saved_cs_client     = @@character_set_client */;
/*!40101 SET character_set_client = utf8 */;
CREATE TABLE `authkey_key_scopes` (
  `id` int(11) NOT NULL AUTO_INCREMENT,
  `key_id` int(11) NOT NULL,
  `scope_id` int(11) NOT NULL,
  PRIMARY KEY (`id`),
  UNIQUE KEY `authkey_key_scopes_key_id_scope_id_5d13348b_uniq` (`key_id`,`scope_id`),
  KEY `authkey_key_scopes_scope_id_424cae3a_fk_authkey_scope_id` (`scope_id`),
  CONSTRAINT `authkey_key_scopes_key_id_81cc73ad_fk_authkey_key_id` FOREIGN KEY (`key_id`) REFERENCES `authkey_key` (`id`),
  CONSTRAINT `authkey_key_scopes_scope_id_424cae3a_fk_authkey_scope_id` FOREIGN KEY (`scope_id`) REFERENCES `authkey_scope` (`id`)
) ENGINE=InnoDB AUTO_INCREMENT=7 DEFAULT CHARSET=utf8 COLLATE=utf8_polish_ci;
/*!40101 SET character_set_client = @saved_cs_client */;

--
-- Dumping data for table `authkey_key_scopes`
--

LOCK TABLES `authkey_key_scopes` WRITE;
/*!40000 ALTER TABLE `authkey_key_scopes` DISABLE KEYS */;
/*!40000 ALTER TABLE `authkey_key_scopes` ENABLE KEYS */;
UNLOCK TABLES;

--
-- Table structure for table `authkey_scope`
--

DROP TABLE IF EXISTS `authkey_scope`;
/*!40101 SET @saved_cs_client     = @@character_set_client */;
/*!40101 SET character_set_client = utf8 */;
CREATE TABLE `authkey_scope` (
  `id` int(11) NOT NULL AUTO_INCREMENT,
  `name` varchar(50) COLLATE utf8_polish_ci NOT NULL,
  PRIMARY KEY (`id`)
) ENGINE=InnoDB AUTO_INCREMENT=2 DEFAULT CHARSET=utf8 COLLATE=utf8_polish_ci;
/*!40101 SET character_set_client = @saved_cs_client */;

--
-- Dumping data for table `authkey_scope`
--

LOCK TABLES `authkey_scope` WRITE;
/*!40000 ALTER TABLE `authkey_scope` DISABLE KEYS */;
INSERT INTO `authkey_scope` VALUES (1,'export_ical');
/*!40000 ALTER TABLE `authkey_scope` ENABLE KEYS */;
UNLOCK TABLES;

--
-- Table structure for table `cases_case`
--

DROP TABLE IF EXISTS `cases_case`;
/*!40101 SET @saved_cs_client     = @@character_set_client */;
/*!40101 SET character_set_client = utf8 */;
CREATE TABLE `cases_case` (
  `id` int(11) NOT NULL AUTO_INCREMENT,
  `created` datetime(6) NOT NULL,
  `modified` datetime(6) NOT NULL,
  `name` varchar(100) COLLATE utf8_polish_ci NOT NULL,
  `comment` longtext COLLATE utf8_polish_ci NOT NULL,
  `audited_institution_id` int(11) DEFAULT NULL,
  PRIMARY KEY (`id`),
  KEY `cases_case_audited_institution__75ae3116_fk_cases_ins` (`audited_institution_id`),
  CONSTRAINT `cases_case_audited_institution__75ae3116_fk_cases_ins` FOREIGN KEY (`audited_institution_id`) REFERENCES `cases_institution` (`id`)
) ENGINE=InnoDB AUTO_INCREMENT=1623 DEFAULT CHARSET=utf8 COLLATE=utf8_polish_ci;
/*!40101 SET character_set_client = @saved_cs_client */;

--
-- Dumping data for table `cases_case`
--

LOCK TABLES `cases_case` WRITE;
/*!40000 ALTER TABLE `cases_case` DISABLE KEYS */;
INSERT INTO `cases_case` VALUES (1404,'2020-10-15 12:54:27.590658','2020-11-27 12:17:42.064616','UG Wolanów - Prokuratura Rejonowa w Przysusze (udostępnienie danych Poczcie Polskiej)','',1147),(1406,'2020-10-16 12:01:14.609152','2021-04-16 13:13:25.371108','UG w Zbójnej - Prokuratura Rejonowa w Łomży (udostępnienie danych Poczcie Polskiej)','',1148),(1407,'2020-10-16 12:22:26.135997','2020-11-27 12:17:47.557017','UM Golczewo - Prokuratura Rejonowa w Kamieniu Pomorskim (udostępnienie danych Poczcie Polskiej)','',1149),(1408,'2020-10-19 14:52:21.223223','2021-03-11 11:20:18.353955','UMiG Chocianów (lekceważące posty na fb ws. sprawy udip)','https://porady.siecobywatelska.pl/sprawy/sprawa-9672/',484),(1409,'2020-10-20 09:40:11.067111','2021-01-28 13:53:33.314187','Telewizja Polska TVP (szkoła z TVP - umowy, koszty, program)','',168),(1410,'2020-10-26 13:59:56.465708','2021-05-13 17:31:26.751098','Telewizja Polska TVP (porozumienie z Episkopatem ws.  audycji)','',168),(1413,'2020-10-27 12:23:26.804356','2021-04-22 10:28:04.975652','Telewizja Polska TVP (autor pytań na debatę prezydencką z 17.06.2020)','',168),(1414,'2020-10-27 12:54:48.834450','2020-10-27 12:57:03.591435','Ministerstwo Rozwoju (nagrody 10.2020 r. przyznane ostatniego dnia pracy ministry Emilewicz)','',11),(1415,'2020-10-28 14:13:44.885859','2020-10-28 14:13:44.885859','Sąd Rejonowy w Zakopanem (wyrok ws. skazanego prezesa PKP)','https://wyborcza.pl/7,155287,26389937,tylko-u-nas-prezes-pkp-zostal-skazany-w-procesie-karnym-wyborcza.html',1154),(1416,'2020-11-02 08:15:59.747079','2020-12-01 10:25:06.518768','MINISTERSTWO AKTYWÓW PAŃSTWOWYCH (umowy zawartej między MAP a KPMG Advisory Sp. z o.o. Sp. k.)','',714),(1417,'2020-11-02 08:21:13.786417','2021-03-18 06:58:13.325905','WSSE w Lublinie (testy trójgenowe na obecność COVID-19, ilość, koszt 09,10.2020)','',1155),(1418,'2020-11-02 13:45:14.356837','2020-12-30 16:27:33.376327','Ministerstwo Spraw Wewnętrznych i Administracji (pisma wysłane do UG Czarny Dunajec)','',14),(1419,'2020-11-02 14:15:19.821818','2020-11-02 14:15:19.821818','UG Czarny Dunajec (pisma otrzymane z MSWiA)','',1156),(1420,'2020-11-03 11:44:57.973760','2021-03-26 13:25:20.708447','UMiG Otmuchów - Prokuratura Rejonowa w Nysie (przekazanie danych Poczcie Polskiej)','',1159),(1421,'2020-11-03 13:25:21.814047','2021-05-18 18:48:54.936581','Ministerstwo Zdrowia (raport zespołu o przygotowaniu ws. epidemii na jesień 2020 r.)','',18),(1424,'2020-11-05 10:25:11.091557','2021-04-09 08:38:43.011910','Ministerstwo Edukacji Narodowej (protest kobiet, zdalna szkoła i wypadnięcie z systemu szkolnego)','',2),(1425,'2020-11-05 10:31:31.520331','2020-12-10 09:11:38.413507','Prokuratura Okręgowa w Wawie_Okręgowa Warszawa-Prag (ostatnia rozmowa Kaczyńskich z dnia 10.04.2010)','',137),(1426,'2020-11-05 10:39:03.559792','2021-03-09 11:54:11.036689','Kancelaria Prezesa Rady Ministrów (zamknięcie cmentarzy 11.2020)','',498),(1427,'2020-11-05 10:45:55.796079','2020-11-17 11:49:58.237259','MIEJSKI ZAKŁAD GOSPODARKI KOMUNALNEJ I MIESZKANIOWEJ w Chocianowie (portal społecznościowy)','',1161),(1428,'2020-11-05 10:53:01.256069','2021-01-08 07:24:41.166634','KOMENDA STOŁECZNA POLICJI (patrole prezesa PIS)','',1162),(1429,'2020-11-06 09:49:13.478987','2021-01-14 13:59:39.738318','UG Olszewo-Borki - Prokuratura Rejonowa w Ostrołęce (udostępnienie danych Poczcie Polskiej)','',1165),(1430,'2020-11-06 09:53:38.887936','2020-11-27 12:17:52.169530','UG Bytoń - Prokuratura Rejonowa w Radziejowie (udostępnienie danych Poczcie Polskiej)','',1166),(1431,'2020-11-06 09:58:42.298043','2021-03-17 09:50:02.007976','UG Bakałarzewo - Prokuratura Rejonowa w Suwałkach (udostępnienie danych Poczcie Polskiej)','',1167),(1432,'2020-11-06 10:02:32.002495','2021-04-08 11:59:14.289266','UG Komarówka Podlaska - Prokuratura Rejonowa w Radzyniu Podlaskim (udostępnienie danych Poczcie Pol)','',1168),(1434,'2020-11-09 10:47:46.033290','2021-04-09 12:57:30.040043','Kancelaria Prezydenta RP (doradcy społeczni)','',94),(1435,'2020-11-10 12:19:52.123978','2021-04-28 07:28:17.961208','UG Kamień (podk.) - Prokuratura Rejonowa w Rzeszowie (udostępnienie danych Poczcie Polskiej)','(woj. podkarpackie)',1170),(1436,'2020-11-10 12:23:01.103947','2021-05-26 06:09:52.069775','UM Lubycza Królewska - Prokuratura Rejonowa w Tomaszowie Lubelskim (udostępnienie danych Poczcie Po)','',1171),(1437,'2020-11-10 12:26:38.962997','2020-11-27 12:17:30.078595','UG Pleśna - Prokuratura Rejonowa w Tarnowie (udostępnienie danych Poczcie Polskiej)','',1172),(1438,'2020-11-12 11:05:02.368644','2020-11-12 11:05:02.368644','Ministerstwo Edukacji i Nauki (habilitacja i publikacje ministra Czarnka)','',1173),(1439,'2020-11-12 12:22:06.784533','2021-05-27 07:41:11.215920','Muzeum Śląska Opolskiego (wynagrodzenie pracowników)','',1174),(1440,'2020-11-12 12:51:40.052402','2021-02-05 10:50:10.992461','Kancelaria Prezesa Rady Ministrów (szczepionki na koronawirusa Pfizer i BioNTech)','',498),(1441,'2020-11-12 13:00:20.218611','2021-05-25 14:16:00.120890','Ministerstwo Spraw Wewnętrznych i Administracji (ochrona SOP - lista osób, koszty, faktury)','',14),(1442,'2020-11-12 13:06:57.356574','2020-12-28 08:52:13.060940','Ministerstwo Spraw Wewnętrznych i Administracji (ochrona SOP dla Kurskiego)','',14),(1443,'2020-11-12 13:13:54.535757','2020-11-30 12:48:29.511487','Ministerstwo Spraw Zagranicznych (kandydaci, procedura wyłaniania sędziów do ETPCz)','',15),(1444,'2020-11-16 09:49:24.657086','2020-11-16 10:00:37.111824','Komenda Główna Policji (profil na fb i wpis z 24.10.20 r.)','',716),(1445,'2020-11-17 10:38:16.221695','2020-11-23 13:15:32.515948','Kancelaria Sejmu (emerytury Straży Marszałkowskiej)','',550),(1448,'2020-11-19 12:25:36.367606','2020-12-02 09:24:25.715075','KANCELARIA PREZESA RADY MINISTRÓW (umowa z PL.2012+ na Szpital Narodowy)','',498),(1449,'2020-11-19 12:28:18.148006','2020-12-02 09:24:29.302974','Kancelaria Prezesa Rady Ministrów (wyposażenie i personel Szpitala Narodowego)','',498),(1450,'2020-11-19 12:50:41.687036','2020-12-03 11:14:28.082171','Komenda Główna Policji (protesty w Warszawie)','',716),(1451,'2020-11-19 12:52:23.829841','2020-12-18 12:51:15.724470','Komenda Stołeczna Policji (protesty w Warszawie)','',1162),(1452,'2020-11-19 12:54:15.999003','2020-11-30 13:31:34.282640','MINISTERSTWO EDUKACJI NARODOWEJ (tłumaczenie encyklopedii filozofii KUL)','',2),(1453,'2020-11-20 12:51:42.339695','2020-12-03 11:16:20.201873','Komenda Główna Policji (wytyczne, dokumenty, polecenia służbowe podczas protestów w Warszawie)','',716),(1454,'2020-11-20 12:53:38.116323','2021-01-29 08:52:51.360011','Komenda Stołeczna Policji (wytyczne, dokumenty, polecenia służbowe podczas protestów w Warszawie)','',1162),(1457,'2020-12-02 13:18:32.781831','2020-12-11 10:44:01.269530','Kancelaria Prezesa Rady Ministrów (wynagrodzenia podsekretarzy 2020 r.)','',498),(1458,'2020-12-02 13:20:49.511729','2020-12-03 10:57:45.540983','Komenda Główna Policji (pałki teleskopowe w czasie Strajku Kobiet 18.11.20)','',716),(1459,'2020-12-02 13:28:07.818723','2021-01-07 13:27:50.087843','Komenda Stołeczna Policji (pałki teleskopowe w czasie Strajku Kobiet 18.11.20)','',1162),(1460,'2020-12-02 13:32:17.595414','2020-12-16 14:12:54.963261','Ministerstwo Kultury, Dziedzictwa Narodowego i Sportu (Fundusz Wsparcia Kultury)','',111),(1461,'2020-12-02 13:36:45.380019','2020-12-11 09:44:59.308218','Urząd Marszałkowski Woj. Mazowieckiego (konkurs na dyrektora Państwowego Muzeum Etnograficzne w War)','Urząd Marszałkowski Województwa Mazowieckiego (konkurs na dyrektora Państwowego Muzeum Etnograficznego w Warszawie) - wniosek o informację',676),(1462,'2020-12-02 13:56:34.200948','2020-12-10 14:00:21.761254','Urząd Marsz. Woj. War-Maz (wyniki prac zespołu ds. dyskryminow, mobbingu, naruszenia postanowień KE)','Urząd Marszałkowski Województwa Warmińsko - Mazurskiego (wyniki prac zespołu ds. dyskryminowania, mobbingu oraz naruszenia postanowień Kodeksu Etycznego) - wniosek o informację',51),(1463,'2020-12-04 13:16:44.603170','2021-01-04 11:51:36.136795','SKO w Jeleniej Górze (umowy cywilnoprawne z 2013r.)','',253),(1464,'2020-12-07 08:49:47.594048','2020-12-16 09:33:26.776064','Komenda Wojewódzka Policji w Katowicach (zbieranie danych o demonstracjach Strajku Kobiet)','',1183),(1465,'2020-12-07 08:59:24.152623','2021-02-22 08:06:49.664182','Uniwersytet Gdański (plagiaty)','',1184),(1466,'2020-12-07 09:09:07.778669','2021-04-29 07:18:41.678647','Katolicki Uniwersytet Lubelski (tłumaczenie encyklopedii filozofii-wniosek o podwyższenie subwencji)','',1185),(1467,'2020-12-07 09:27:43.204935','2020-12-16 14:21:14.546420','MINISTERSTWO EDUKACJI NARODOWEJ (tłumaczenie encyklopedii filozofii KUL)','',2),(1468,'2020-12-07 09:37:15.001270','2021-04-06 12:49:31.919767','Instytut Teatralny  (Fundusz Wsparcia Kultury)','INSTYTUT TEATRALNY IM.ZBIGNIEWA RASZEWSKIEGO',1186),(1469,'2020-12-07 09:48:42.111033','2021-04-09 07:43:09.504303','Instytut Muzyki i Tańca (Fundusz Wsparcia Kultury)','',1187),(1470,'2020-12-09 12:21:49.641260','2020-12-09 12:21:49.641260','Polski Koncern Naftowy ORLEN S.A. (przejęcia wydawnictwa Polska Press)','https://lodz.wyborcza.pl/lodz/7,35136,26584133,orlen-przejmie-lokalne-media-dwa-lodzkie-dzienniki-w-rekach.html?_ga=2.99439709.2114444094.1601110005-1484150039.1601110005#S.main_topic-K.P-B.1-L.7.zw',159),(1471,'2020-12-09 12:35:32.531676','2020-12-29 14:49:20.776046','UG Małkinia Górna - Prokuratura Rejonowa w Ostrowi Mazowieckiej (udostępnienie danych Poczcie Polsk)','',1188),(1472,'2020-12-09 13:45:03.847121','2020-12-22 13:59:30.513290','MIASTO STOŁECZNE WARSZAWA (ilość, wynagrodzenie kapelanów w szpitalach miejskich)','',636),(1473,'2020-12-09 13:54:40.978237','2020-12-22 11:36:52.030655','Prokuratura Regionalna w Poznaniu (zespół do ścigania Giertycha)','',1189),(1474,'2020-12-09 13:57:32.157311','2020-12-29 11:27:12.342860','Kancelaria Prezesa Rady Ministrów (transport maseczek KGHM)','',498),(1475,'2020-12-09 14:01:35.569596','2021-05-28 06:13:52.045030','Minister Rodziny i Polityki Społecznej (raporty dot. demografii)','',169),(1476,'2020-12-10 09:03:38.933982','2021-01-08 13:39:25.438297','Polski Koncern Naftowy ORLEN (przejęcie mediów przez Orlen)','',159),(1479,'2020-12-11 10:10:38.132169','2020-12-16 14:24:12.168106','Szpital Wolski w Warszawie (wynagrodzenie kapelanów)','',1193),(1480,'2020-12-11 10:14:53.139994','2020-12-18 12:14:55.477692','SZPITAL SPECJALISTYCZNY IM.ŚWIĘTEJ RODZINY Madalińskiego (wynagrodzenie kapelanów)','',1194),(1481,'2020-12-11 10:20:36.138966','2020-12-21 12:32:38.272032','Szpital Bielański (wynagrodzenie kapelanów)','',1195),(1482,'2020-12-11 13:57:54.095149','2021-01-20 13:59:26.527701','Nadleśnictwa zbiorczo (Konsultacje społeczne w Nadleśnictwach - Fedrowanie)','',1205),(1488,'2020-12-17 13:35:52.433790','2021-03-03 14:03:49.459096','Polski Związek Motorowy (BIP, umowa z ligą żużlową)','',1203),(1489,'2020-12-18 09:16:23.580854','2021-04-20 09:21:10.057127','Ekstraliga żużlowa (BIP, statut, umowa ze związkiem)','',1204),(1490,'2020-12-18 09:18:27.472742','2021-02-17 11:38:40.648072','Ministerstwo Sportu (liga żużlowa - kontrole, umowy)','',720),(1491,'2020-12-21 12:24:07.166012','2021-05-18 07:49:21.213634','Kancelaria Prezesa Rady Ministrów (wprowadzenie Narodowej Kwarantanny)','',498),(1492,'2020-12-21 12:29:36.180138','2021-05-18 07:49:31.218120','Ministerstwo Zdrowia (wprowadzenie Narodowej Kwarantanny)','',18),(1493,'2020-12-22 09:12:06.085529','2021-02-23 12:23:02.864453','KRAJOWE BIURO WYBORCZE (wnioski o kompensaty za wybory)','',1207),(1494,'2020-12-22 09:17:49.807567','2020-12-29 13:05:50.961459','POWIATOWA STACJA SANITARNO-EPIDEMIOLOGICZNA W M.ST. WARSZAWIE (kary sanepidu za udział w protestach)','',1208),(1495,'2020-12-22 12:33:34.725390','2021-04-06 12:59:05.634316','Poczta Polska (wnioski o kompensaty za wybory)','',151),(1496,'2020-12-22 12:36:57.046630','2021-03-22 13:26:03.004912','Polska Wytwórnia Papierów Wartościowych (wnioski o kompensaty za wybory)','',155),(1497,'2020-12-28 09:18:12.117951','2020-12-28 09:19:36.743622','Stadion Narodowy w Warszawie (Szpital Narodowy)','',634),(1498,'2020-12-28 11:57:10.421579','2020-12-28 12:01:00.437181','Komenda Główna Policji (ochrona domu J. Kaczyńskiego 13.12.2020 r.)','',716),(1499,'2020-12-29 12:47:14.689202','2021-01-12 10:55:07.262371','Główny Inspektorat Ochrony Środowiska (nielegalne składowiska odpadów)','https://warszawa.wyborcza.pl/warszawa/7,54420,26641214,urzednicy-utajnili-liste-toksycznych-wysypisk-smieci.html',1227),(1500,'2020-12-30 18:27:30.671701','2020-12-30 18:27:30.671701','MINISTERSTWO KULTURY I DN (analizy prawne zw. z przedłuż. odp.na wn. dot. Funduszu Wsparcia Kultury)','',111),(1501,'2020-12-30 19:02:41.323140','2020-12-30 19:02:41.323140','MINISTERSTWO KULTURY I DZIEDZICTWA NAR (Fundusz Wsparcia Kultury - powtórna weryfikacja wniosków)','',111),(1504,'2021-01-11 13:51:54.694525','2021-04-22 07:44:26.290176','Nadleśnictwo Prószków (Konsultacje społeczne w Nadleśnictwach - Fedrowanie)','',1275),(1506,'2021-01-12 09:23:08.384482','2021-02-10 13:22:44.155866','Regionalna Dyrekcja Lasów Państwowych w Krakowie (Konsultacje Planów Urządzenia Lasu - fedrowanie)','https://fedrowanie.siecobywatelska.pl/sprawy/konsultacje-planow-urzadzenia-lasu-4',1277),(1507,'2021-01-12 11:14:31.262927','2021-04-30 12:09:57.590476','Poczta Polska (rejestracja odbiorników rtv)','',151),(1508,'2021-01-13 14:08:20.139563','2021-02-01 15:40:16.388825','Muzeum Śląska Opolskiego (regulamin wynagradzania)','',1174),(1509,'2021-01-15 09:56:17.389621','2021-05-13 16:15:13.359278','Instytut Muzyki i Tańca (umowa z Witkac w związku z Funduszem Wsparcia Kultury)','',1187),(1510,'2021-01-15 09:59:38.847196','2021-05-18 08:17:52.643409','Instytut Teatralny (umowa z Witkac w związku z Funduszem Wsparcia Kultury)','',1186),(1511,'2021-01-15 10:08:01.499151','2021-02-11 11:29:02.955377','Ministerstwo Kultury i Dziedzictwa Narodowego (umowa z IT i IMiT w związku z Funduszem Wsparcia Kul)','Fundusz Wsparcia Kultury',111),(1512,'2021-01-15 10:11:06.952282','2021-02-05 10:50:17.954764','KANCELARIA PREZESA RADY MINISTRÓW (umowa na zakup szczepionek na COVID-19 pomiędzy Pfizer a KE)','',498),(1513,'2021-01-15 10:19:23.761145','2021-02-19 14:10:37.046252','KANCELARIA SEJMU (opinie prawne przygotowane przez BAS przedstawione przez Mularczyka)','Biuro Analiz Sejmowych',550),(1516,'2021-01-19 12:07:24.934810','2021-05-27 07:29:48.652679','NADLEŚNICTWO CIERPISZEWO (Konsultacje społeczne w Nadleśnictwach - Fedrowanie)','',1282),(1517,'2021-01-19 13:10:29.814782','2021-05-20 08:04:16.678732','NADLEŚNICTWO GOLENIÓW (Konsultacje społeczne w Nadleśnictwach - Fedrowanie)','',1283),(1520,'2021-01-21 13:41:30.379021','2021-02-03 17:31:03.457612','NARODOWY INSTYTUT SAMORZĄDU TERYTORIALNEGO (ankieta wysłana do samorządów)','',1286),(1521,'2021-01-21 14:00:12.472331','2021-04-28 07:57:55.096900','Gmina Tarnowiec - Prokuratura Rejonowa w Jaśle (udostępnienie danych Poczcie Polskiej)','',1287),(1522,'2021-01-21 14:02:55.412847','2021-02-19 08:59:20.731302','Gmina Olesno - Prokuratura Rejonowa w Dąbrowie Tarnowskiej (udostępnienie danych Poczcie Polskiej)','woj. Małopolskie',1288),(1523,'2021-01-22 11:48:55.408059','2021-05-28 04:26:53.173495','NADLEŚNICTWO KRZYSTKOWICE (Konsultacje społeczne w Nadleśnictwach - Fedrowanie)','',1289),(1524,'2021-01-22 11:52:48.564250','2021-05-11 18:44:19.501586','NADLEŚNICTWO NIEPOŁOMICE (Konsultacje społeczne w Nadleśnictwach - Fedrowanie)','',1290),(1525,'2021-01-25 08:07:48.150116','2021-01-25 08:07:48.150116','Gmina Odrzywół - Prokuratura Rejonowa w Przysusze (udostępnienie danych PP)','',1291),(1526,'2021-01-25 08:13:38.049832','2021-03-04 09:14:29.311060','UM Wyśmierzyce - Prokuratura Rejonowa w Grójcu (udostępnienie danych PP)','',1292),(1527,'2021-01-26 09:29:00.410287','2021-04-02 07:09:31.875207','KPRM (protokoły z posiedzeń Komitetu Rady Ministrów ds.Bezpieczeństwa Narodowego i spraw Obronnych)','',498),(1528,'2021-01-26 09:32:15.748526','2021-02-08 12:38:35.434674','Kancelaria Prezesa Rady Ministrów (spotkanie prezes TK w KPRM z dnia 13.01.2021)','',498),(1529,'2021-01-26 09:34:07.129138','2021-02-04 16:46:01.009659','Kancelaria Prezydenta RP (delegacje K. Dudy i A. Zybertowicza)','',94),(1531,'2021-01-26 09:56:59.501852','2021-03-02 12:38:40.232009','NADLEŚNICTWO BYSTRZYCA KŁODZKA (Konsultacje społeczne w Nadleśnictwach - Fedrowanie)','',1293),(1532,'2021-01-26 10:55:23.937197','2021-01-26 10:55:23.937197','Gmina Osieczna - Prokuratura Rejonowa w Starogardzie Gdańskim (udostępnienie danych PP)','Osieczna (pomorskie / starogardzki)',1295),(1533,'2021-01-26 10:57:28.316358','2021-02-23 10:25:03.577199','Gmina Maków - Prokuratura Rejonowa w Skierniewicach (udostępnienie danych PP)','',1297),(1534,'2021-01-26 11:00:50.223400','2021-03-25 09:51:51.729210','Gmina Zambrów - Prokuratura Rejonowa w Zambrowie (udostępnienie danych PP)','',1298),(1535,'2021-01-28 12:27:44.550884','2021-01-28 12:37:07.757877','UM Olesno - Prokuratura Rejonowa w Oleśnie (udostępnienie danych PP)','woj. Opolskie',1301),(1536,'2021-01-28 12:33:17.910583','2021-05-11 08:00:21.843660','Gmina Łabunie - Prokuratura Rejonowa w Zamościu (udostępnienie danych PP)','',1302),(1537,'2021-01-28 12:39:12.381833','2021-01-28 12:39:12.381833','Gmina Kłoczew - Prokuratura Rejonowa w Rykach (udostępnienie danych PP)','',1303),(1538,'2021-01-29 12:51:47.644638','2021-03-17 07:36:47.397355','KGHM Polska Miedź S.A. (koszt, ilość, magazynowanie środków higienicznych)','kontynuacja skrawy https://small-eod.siecobywatelska.pl/admin/cases/letter/?case__id__exact=1348',148),(1539,'2021-01-29 16:15:00.918400','2021-03-01 09:20:56.267034','NADLEŚNICTWO BARDO ŚLĄSKIE (Konsultacje społeczne w Nadleśnictwach - Fedrowanie)','',1304),(1540,'2021-02-02 08:20:43.523043','2021-02-02 08:20:43.523043','Komisja Europejska (umowa pomiędzy Pfizer a KE na zakup szczepionek)','',1057),(1541,'2021-02-03 17:10:24.366503','2021-03-22 11:28:41.807249','KANCELARIA PREZESA RADY MINISTRÓW (Rada Medyczna)','',498),(1542,'2021-02-03 17:14:59.687766','2021-02-08 11:14:00.816224','Ministerstwo Zdrowia (Narodowy Program Szczepień - kampanie reklamowe)','',18),(1545,'2021-02-08 11:54:11.754804','2021-02-15 15:42:31.269570','Ministerstwo Zdrowia (Rada Medyczna)','',18),(1546,'2021-02-08 11:57:07.963398','2021-05-21 11:08:24.304479','KANCELARIA PREZESA RADY MINISTRÓW (Narodowy Program Szczepień - kampanie reklamowe)','',498),(1547,'2021-02-10 11:56:19.264378','2021-03-08 15:18:43.723858','Nadleśnictwo Supraśl (Konsultacje społeczne w Nadleśnictwach - Fedrowanie)','',1308),(1548,'2021-02-10 12:03:12.929413','2021-03-02 10:32:08.969770','Nadleśnictwo Dobrzejewice (Konsultacje społeczne w Nadleśnictwach - Fedrowanie)','',1309),(1549,'2021-02-10 12:08:39.156626','2021-03-03 13:55:00.204135','Nadleśnictwo Krasnystaw (Konsultacje społeczne w Nadleśnictwach - Fedrowanie)','',1310),(1550,'2021-02-10 12:25:44.491089','2021-03-03 13:59:59.750029','Nadleśnictwo Lwówek Śląski (Konsultacje społeczne w Nadleśnictwach - Fedrowanie)','',1311),(1551,'2021-02-10 12:43:28.576387','2021-03-08 15:27:07.061483','Nadleśnictwo Zwierzyniec (Konsultacje społeczne w Nadleśnictwach - Fedrowanie)','',1312),(1552,'2021-02-10 13:03:41.811465','2021-03-05 09:30:31.802104','Nadleśnictwo Tomaszów (Konsultacje społeczne w Nadleśnictwach - Fedrowanie)','',1313),(1553,'2021-02-10 13:09:22.228544','2021-05-19 08:56:51.311276','Nadleśnictwo Józefów (Konsultacje społeczne w Nadleśnictwach - Fedrowanie)','',1314),(1554,'2021-02-11 08:49:19.819642','2021-03-26 12:21:26.387572','Nadleśnictwo Milicz (Konsultacje społeczne w Nadleśnictwach - Fedrowanie)','',1315),(1555,'2021-02-12 08:35:27.807882','2021-03-09 10:43:12.455585','Nadleśnictwo Radziwiłłów (Konsultacje społeczne w Nadleśnictwach - Fedrowanie)','',1316),(1556,'2021-02-15 08:56:29.462506','2021-03-04 09:14:26.015870','UG Chynów - Prokuratura Rejonowa w Grójcu (udostepnienie danych PP)','',1317),(1557,'2021-02-15 09:00:01.009773','2021-05-06 08:11:45.417360','UG Drzycim - Prokuratura Rejonowa w Świeciu (udostępnienie danych PP)','',1318),(1558,'2021-02-15 09:03:55.599193','2021-02-15 09:03:55.599193','UG Borkowice - Prokuratura Rejonowa w Przysusze (udostępnienie danych PP)','',1320),(1559,'2021-02-15 15:18:36.513312','2021-04-01 06:04:49.312046','Ministerstwo Zdrowia (umowa na zakup szczepionek na COVID-19 pomiędzy Pfizer a KE)','',18),(1560,'2021-02-16 09:34:15.643040','2021-04-30 06:56:25.230685','Telewizja Polska TVP (TV Trwam - udostępnienie sygnału z przemówienia J. Emilewicz w czasie pielgrz)','https://www.wykop.pl/link/5564597/kampania-wyborcza-na-jasnej-gorze-emilewicz-przemawia-z-ambony/',168),(1561,'2021-02-16 11:39:43.137022','2021-02-16 12:32:20.832085','UG Przytuły - Prokuratura Rejonowa w Łomży (udostępnienie danych PP)','',1323),(1562,'2021-02-16 11:46:45.135031','2021-02-16 11:46:45.135031','UMiG Mogielnica - Prokuratura Rejonowa w Grójcu (udostępnienie danych PP)','',1324),(1563,'2021-02-16 11:50:15.417838','2021-02-16 11:50:15.417838','UG Śliwice - Prokuratura Rejonowa w Tucholi (udostępnienie danych PP)','',1325),(1564,'2021-02-17 09:53:09.102393','2021-02-23 09:01:33.668629','MINISTERSTWO INFRASTRUKTURY (pytania egzaminacyjne dla egzaminatorów na prawo jazdy)','',175),(1565,'2021-02-17 10:17:17.652957','2021-03-01 08:57:27.569507','Rada Gminy Nowiny (nieprawidłowości na sesjach Rady Gminy)','',1327),(1566,'2021-02-17 15:29:37.832328','2021-02-17 15:29:37.832328','UG Ostrów Mazowiecka - Prokuratura Rejonowa w Ostrowi Mazowieckiej (przekazanie danych PP)','',1328),(1567,'2021-02-17 15:31:52.711405','2021-02-17 15:31:52.711405','UG Trzeszczany - Prokuratura Rejonowa w Hrubieszowie (udostępnienie danych PP)','',1329),(1568,'2021-02-17 15:37:15.303976','2021-02-17 15:37:15.303976','UG Bargłów Kościelny - Prokuratura Rejonowa w Augustowie (udostępnienie danych PP)','',1330),(1569,'2021-02-22 13:22:47.551954','2021-04-09 06:21:31.369762','Nadleśnictwo Międzyrzecz (Konsultacje społeczne w Nadleśnictwach - Fedrowanie)','https://fedrowanie.siecobywatelska.pl/sprawy/konsultacje-spoleczne-w-nadlesnictwach-291',1332),(1570,'2021-02-22 13:35:11.702309','2021-02-23 12:57:04.418934','Nadleśnictwo Grójec (Konsultacje społeczne w Nadleśnictwach - Fedrowanie)','https://fedrowanie.siecobywatelska.pl/sprawy/konsultacje-spoleczne-w-nadlesnictwach-252',1333),(1571,'2021-02-22 13:45:13.604578','2021-05-21 08:56:35.612979','Nadleśnictwo Krotoszyn (Konsultacje społeczne w Nadleśnictwach - Fedrowanie)','https://fedrowanie.siecobywatelska.pl/sprawy/konsultacje-spoleczne-w-nadlesnictwach-237',1334),(1572,'2021-02-23 08:56:19.216118','2021-03-12 13:04:37.739187','Nadleśnictwo Złotoryja (Konsultacje społeczne w Nadleśnictwach - Fedrowanie)','https://fedrowanie.siecobywatelska.pl/sprawy/konsultacje-spoleczne-w-nadlesnictwach-408',1335),(1573,'2021-02-23 09:25:29.652305','2021-02-23 12:38:27.278165','Nadleśnictwo Ruszów (Konsultacje społeczne w Nadleśnictwach - Fedrowanie)','https://fedrowanie.siecobywatelska.pl/sprawy/konsultacje-spoleczne-w-nadlesnictwach-398',1336),(1575,'2021-02-23 13:23:19.584903','2021-04-13 05:57:45.196995','Komenda Główna Policji (raport działań policji z 18 listopada)','',716),(1576,'2021-02-24 12:28:13.435878','2021-05-14 09:59:24.450645','Gmina Trzcianne (Mieszkańcy i radni wobec raportu o stanie gminy - Fedrowanie)','',493),(1577,'2021-02-24 12:30:39.673639','2021-05-21 09:43:56.826084','Gmina Trzcianne (Monitoring samorządy - Fedrowanie)','',493),(1578,'2021-02-24 12:31:58.948372','2021-05-14 10:09:37.217436','Gmina Trzcianne (O liczbę wniosków - Fedrowanie)','',493),(1579,'2021-02-24 12:32:48.557551','2021-05-21 15:10:45.745379','Gmina Trzcianne (Cyfryzacja urzędów - Fedrowanie)','',493),(1580,'2021-02-25 08:45:03.855440','2021-04-27 09:43:28.573922','Państwowa Komisja ds. Pedofilii (działalność i koszty komisji)','',1338),(1581,'2021-02-25 10:46:43.816017','2021-03-11 11:08:49.416085','Katolicki Uniwersytet Lubelski (współpraca PFN i KUL)','',1185),(1582,'2021-02-26 13:52:56.730793','2021-02-26 13:52:56.730793','Kostrzyńsko - Słubicka Specjalna Strefa Ekonomiczna (Jawność w spółkach komunalnych - Fedrowanie)','',1339),(1586,'2021-03-02 09:55:09.492664','2021-04-27 12:15:12.138125','PKP Intercity (koszty naprawy Pendolino)','',522),(1592,'2021-03-09 08:21:51.061150','2021-03-09 08:23:01.645647','Zarząd Morskich Portów Szczecin i Świnoujście (Jawność w spółkach komunalnych - Fedrowanie)','sprawa z Fedrowanie https://fedrowanie.siecobywatelska.pl/sprawy/jawnosc-w-spolkach-komunalnych-1896',1347),(1593,'2021-03-10 10:18:37.188961','2021-05-11 09:04:35.157873','Rada Gminy Trzcianne (wzmocnienie praworządności)','',1349),(1594,'2021-03-10 10:48:35.717453','2021-04-09 08:13:40.798477','Podlaski Urząd Wojewódzki - Rada Gminy Trzcianne (skarga na działalność)','',1349),(1596,'2021-03-15 10:31:16.847999','2021-03-15 10:31:16.847999','Komenda Rejonowa Policji Warszawa I (interwencja w warszawskim lokalu)','',133),(1597,'2021-03-15 10:34:30.334576','2021-04-27 15:54:13.243553','Komenda Rejonowa Policji Warszawa I (parawan policyjny przed TK podczas protestu 10.03.2021)','',133),(1599,'2021-03-22 09:44:20.600054','2021-04-30 10:55:18.945800','MINISTERSTWO KULTURY I DZIEDZICTWA NARODOWEGO (dokumenty pokontrolne, odwołanie dyrektora FINA)','',111),(1600,'2021-03-22 14:02:42.104841','2021-03-22 14:02:42.104841','Stadion Śląski (ambasador stadionu)','',360),(1601,'2021-03-24 09:16:13.511331','2021-03-31 11:52:31.517030','Ministerstwo Obrony Narodowej (wpisy z oficjalnego profilu Ministerstwa na Twitter)','',8),(1604,'2021-04-02 12:13:03.266529','2021-04-16 08:46:52.905085','Sąd Rejonowy w Olsztynie (rejestr umów, dokumentacja pokontrolna na BIP)','',543),(1605,'2021-04-08 08:53:39.925552','2021-05-06 09:39:23.264391','Telewizja Polska TVP (koszty transmisji meczów piłki ręcznej)','',168),(1609,'2021-04-15 08:50:18.778237','2021-04-15 08:51:49.762795','Anonim - Nadleśnictwo Łuków  (zawiadomienie o popełnieniu przestęp. przez nadleśniczego i zastępcę)','',1357),(1612,'2021-04-20 12:08:28.078088','2021-05-20 08:24:35.712076','Ministerstwo Zdrowia (Nagrody w ministerstwach - Fedrowanie)','monitoring Nagrody w ministerstwach z 19.02.2021 Fedrowanie https://fedrowanie.siecobywatelska.pl/sprawy/nagrody-w-ministerstwach-16\r\nnagrody za rok 2020',18),(1614,'2021-04-27 15:18:55.829635','2021-05-19 04:46:55.759535','Kancelaria Prezesa Rady Ministrów (nagrania z posiedzenia rządu 21.04.2021 dot. FO i KPO)','Fundusz Odbudowy oraz Krajowy Plan Odbudowy',498),(1615,'2021-04-27 16:37:58.237298','2021-04-30 10:25:19.753916','LASY PAŃSTWOWE DYREKCJA GENERALNA LASÓW PAŃSTWOWYCH Warszawa (Plan Urządzenia Lasu w i po 2021)','',1361),(1617,'2021-04-30 10:24:38.610148','2021-04-30 10:25:56.838493','LASY PAŃSTWOWE DYREKCJA GENERALNA LASÓW PAŃSTWOWYCH  Warszawa (rębnie, System Informatyczny)','',1361),(1618,'2021-05-05 16:15:13.194127','2021-05-19 09:01:58.139617','Poradnia psychologiczno-pedagogiczna w Krasnymstawie (nagrody pracowników)','',1365),(1621,'2021-05-17 07:13:01.764010','2021-05-17 07:13:01.764010','Petycja do Pierwszej Prezes Sądu Najwyższego w sprawie jej wniosku do Trybunału Konstytucyjnego','',308);
/*!40000 ALTER TABLE `cases_case` ENABLE KEYS */;
UNLOCK TABLES;

--
-- Table structure for table `cases_case_decision_scope`
--

DROP TABLE IF EXISTS `cases_case_decision_scope`;
/*!40101 SET @saved_cs_client     = @@character_set_client */;
/*!40101 SET character_set_client = utf8 */;
CREATE TABLE `cases_case_decision_scope` (
  `id` int(11) NOT NULL AUTO_INCREMENT,
  `case_id` int(11) NOT NULL,
  `dictionary_id` int(11) NOT NULL,
  PRIMARY KEY (`id`),
  UNIQUE KEY `cases_case_decision_scope_case_id_dictionary_id_d169f52f_uniq` (`case_id`,`dictionary_id`),
  KEY `cases_case_decision__dictionary_id_5dbdccb9_fk_cases_dic` (`dictionary_id`),
  CONSTRAINT `cases_case_decision__dictionary_id_5dbdccb9_fk_cases_dic` FOREIGN KEY (`dictionary_id`) REFERENCES `cases_dictionary` (`id`),
  CONSTRAINT `cases_case_decision_scope_case_id_e524fc0c_fk_cases_case_id` FOREIGN KEY (`case_id`) REFERENCES `cases_case` (`id`)
) ENGINE=InnoDB AUTO_INCREMENT=311 DEFAULT CHARSET=utf8 COLLATE=utf8_polish_ci;
/*!40101 SET character_set_client = @saved_cs_client */;

--
-- Dumping data for table `cases_case_decision_scope`
--

LOCK TABLES `cases_case_decision_scope` WRITE;
/*!40000 ALTER TABLE `cases_case_decision_scope` DISABLE KEYS */;
INSERT INTO `cases_case_decision_scope` VALUES (302,1428,26),(310,1439,6),(307,1538,7),(308,1559,26),(309,1586,7);
/*!40000 ALTER TABLE `cases_case_decision_scope` ENABLE KEYS */;
UNLOCK TABLES;

--
-- Table structure for table `cases_case_inaction_scope`
--

DROP TABLE IF EXISTS `cases_case_inaction_scope`;
/*!40101 SET @saved_cs_client     = @@character_set_client */;
/*!40101 SET character_set_client = utf8 */;
CREATE TABLE `cases_case_inaction_scope` (
  `id` int(11) NOT NULL AUTO_INCREMENT,
  `case_id` int(11) NOT NULL,
  `dictionary_id` int(11) NOT NULL,
  PRIMARY KEY (`id`),
  UNIQUE KEY `cases_case_inaction_scope_case_id_dictionary_id_1d78e9b0_uniq` (`case_id`,`dictionary_id`),
  KEY `cases_case_inaction__dictionary_id_7897ad42_fk_cases_dic` (`dictionary_id`),
  CONSTRAINT `cases_case_inaction__dictionary_id_7897ad42_fk_cases_dic` FOREIGN KEY (`dictionary_id`) REFERENCES `cases_dictionary` (`id`),
  CONSTRAINT `cases_case_inaction_scope_case_id_85e578a0_fk_cases_case_id` FOREIGN KEY (`case_id`) REFERENCES `cases_case` (`id`)
) ENGINE=InnoDB AUTO_INCREMENT=346 DEFAULT CHARSET=utf8 COLLATE=utf8_polish_ci;
/*!40101 SET character_set_client = @saved_cs_client */;

--
-- Dumping data for table `cases_case_inaction_scope`
--

LOCK TABLES `cases_case_inaction_scope` WRITE;
/*!40000 ALTER TABLE `cases_case_inaction_scope` DISABLE KEYS */;
INSERT INTO `cases_case_inaction_scope` VALUES (333,1424,15),(334,1466,16),(338,1527,19),(324,1560,13),(332,1576,13),(331,1577,13),(330,1578,13),(335,1600,13);
/*!40000 ALTER TABLE `cases_case_inaction_scope` ENABLE KEYS */;
UNLOCK TABLES;

--
-- Table structure for table `cases_case_proceddings_interrupted`
--

DROP TABLE IF EXISTS `cases_case_proceddings_interrupted`;
/*!40101 SET @saved_cs_client     = @@character_set_client */;
/*!40101 SET character_set_client = utf8 */;
CREATE TABLE `cases_case_proceddings_interrupted` (
  `id` int(11) NOT NULL AUTO_INCREMENT,
  `case_id` int(11) NOT NULL,
  `dictionary_id` int(11) NOT NULL,
  PRIMARY KEY (`id`),
  UNIQUE KEY `cases_case_proceddings_i_case_id_dictionary_id_a31ce346_uniq` (`case_id`,`dictionary_id`),
  KEY `cases_case_proceddin_dictionary_id_fc73a05e_fk_cases_dic` (`dictionary_id`),
  CONSTRAINT `cases_case_proceddin_case_id_b956b78d_fk_cases_cas` FOREIGN KEY (`case_id`) REFERENCES `cases_case` (`id`),
  CONSTRAINT `cases_case_proceddin_dictionary_id_fc73a05e_fk_cases_dic` FOREIGN KEY (`dictionary_id`) REFERENCES `cases_dictionary` (`id`)
) ENGINE=InnoDB AUTO_INCREMENT=108 DEFAULT CHARSET=utf8 COLLATE=utf8_polish_ci;
/*!40101 SET character_set_client = @saved_cs_client */;

--
-- Dumping data for table `cases_case_proceddings_interrupted`
--

LOCK TABLES `cases_case_proceddings_interrupted` WRITE;
/*!40000 ALTER TABLE `cases_case_proceddings_interrupted` DISABLE KEYS */;
INSERT INTO `cases_case_proceddings_interrupted` VALUES (93,1428,31),(102,1538,31),(103,1559,31),(104,1575,31),(101,1576,41),(100,1577,41),(99,1578,41),(106,1586,31);
/*!40000 ALTER TABLE `cases_case_proceddings_interrupted` ENABLE KEYS */;
UNLOCK TABLES;

--
-- Table structure for table `cases_case_responsible_people`
--

DROP TABLE IF EXISTS `cases_case_responsible_people`;
/*!40101 SET @saved_cs_client     = @@character_set_client */;
/*!40101 SET character_set_client = utf8 */;
CREATE TABLE `cases_case_responsible_people` (
  `id` int(11) NOT NULL AUTO_INCREMENT,
  `case_id` int(11) NOT NULL,
  `person_id` int(11) NOT NULL,
  PRIMARY KEY (`id`),
  UNIQUE KEY `cases_case_responsible_people_case_id_person_id_b8322ff1_uniq` (`case_id`,`person_id`),
  KEY `cases_case_responsib_person_id_85ec42e7_fk_cases_per` (`person_id`),
  CONSTRAINT `cases_case_responsib_person_id_85ec42e7_fk_cases_per` FOREIGN KEY (`person_id`) REFERENCES `cases_person` (`id`),
  CONSTRAINT `cases_case_responsible_people_case_id_25fde1c8_fk_cases_case_id` FOREIGN KEY (`case_id`) REFERENCES `cases_case` (`id`)
) ENGINE=InnoDB AUTO_INCREMENT=168 DEFAULT CHARSET=utf8 COLLATE=utf8_polish_ci;
/*!40101 SET character_set_client = @saved_cs_client */;

--
-- Dumping data for table `cases_case_responsible_people`
--

LOCK TABLES `cases_case_responsible_people` WRITE;
/*!40000 ALTER TABLE `cases_case_responsible_people` DISABLE KEYS */;
INSERT INTO `cases_case_responsible_people` VALUES (126,1409,9),(131,1413,6),(130,1413,17),(133,1414,6),(132,1414,17),(135,1415,6),(134,1415,17),(138,1416,9),(165,1421,7),(140,1470,6),(139,1470,17),(147,1488,9),(161,1489,2),(148,1489,9),(149,1490,9),(150,1499,6),(151,1500,9),(152,1501,9),(154,1506,16),(163,1546,7),(162,1546,13),(157,1599,9),(158,1604,6),(159,1605,9),(166,1618,2);
/*!40000 ALTER TABLE `cases_case_responsible_people` ENABLE KEYS */;
UNLOCK TABLES;

--
-- Table structure for table `cases_case_status`
--

DROP TABLE IF EXISTS `cases_case_status`;
/*!40101 SET @saved_cs_client     = @@character_set_client */;
/*!40101 SET character_set_client = utf8 */;
CREATE TABLE `cases_case_status` (
  `id` int(11) NOT NULL AUTO_INCREMENT,
  `case_id` int(11) NOT NULL,
  `dictionary_id` int(11) NOT NULL,
  PRIMARY KEY (`id`),
  UNIQUE KEY `cases_case_status_case_id_dictionary_id_de284dd7_uniq` (`case_id`,`dictionary_id`),
  KEY `cases_case_status_dictionary_id_3470d7b6_fk_cases_dictionary_id` (`dictionary_id`),
  CONSTRAINT `cases_case_status_case_id_437db35d_fk_cases_case_id` FOREIGN KEY (`case_id`) REFERENCES `cases_case` (`id`),
  CONSTRAINT `cases_case_status_dictionary_id_3470d7b6_fk_cases_dictionary_id` FOREIGN KEY (`dictionary_id`) REFERENCES `cases_dictionary` (`id`)
) ENGINE=InnoDB AUTO_INCREMENT=2121 DEFAULT CHARSET=utf8 COLLATE=utf8_polish_ci;
/*!40101 SET character_set_client = @saved_cs_client */;

--
-- Dumping data for table `cases_case_status`
--

LOCK TABLES `cases_case_status` WRITE;
/*!40000 ALTER TABLE `cases_case_status` DISABLE KEYS */;
INSERT INTO `cases_case_status` VALUES (1851,1404,35),(1853,1406,35),(1854,1407,35),(1855,1409,35),(1899,1413,35),(1858,1415,4),(1859,1416,35),(2082,1417,4),(1861,1418,35),(1862,1419,35),(1863,1420,35),(1864,1421,35),(1867,1424,35),(1868,1425,35),(1869,1426,35),(1870,1427,35),(1959,1428,4),(1872,1429,35),(1873,1430,35),(1874,1431,35),(1875,1432,35),(1877,1434,35),(1879,1435,35),(1880,1436,35),(1881,1437,35),(1882,1438,35),(2119,1439,4),(1884,1440,35),(1885,1441,35),(1886,1442,35),(1887,1443,35),(1888,1444,35),(1889,1445,35),(1892,1448,35),(1893,1449,35),(1894,1450,35),(1941,1451,4),(1896,1452,35),(1897,1453,35),(1995,1454,4),(1903,1457,35),(1904,1458,35),(1905,1459,35),(1906,1460,35),(1907,1461,35),(1908,1462,35),(1957,1463,4),(1910,1464,35),(1911,1465,35),(1912,1466,35),(1933,1467,4),(1914,1468,35),(1915,1469,35),(1918,1470,35),(1954,1471,35),(1919,1472,35),(1920,1473,35),(1921,1474,35),(1922,1475,35),(1923,1476,35),(1926,1479,35),(1927,1480,35),(1928,1481,35),(1929,1482,35),(1938,1488,35),(1939,1489,35),(1940,1490,35),(1943,1491,35),(1944,1492,35),(1945,1493,35),(1946,1494,35),(1947,1495,35),(1948,1496,35),(1950,1497,35),(1951,1498,35),(1952,1499,35),(1955,1500,35),(1956,1501,35),(1961,1504,35),(1963,1506,35),(1964,1507,35),(1965,1508,35),(1966,1509,35),(1967,1510,35),(1968,1511,35),(1969,1512,35),(1970,1513,35),(1973,1516,35),(1974,1517,35),(1977,1520,35),(1978,1521,35),(1979,1522,35),(1980,1523,35),(1981,1524,35),(1982,1525,35),(1983,1526,35),(2091,1527,4),(1985,1528,35),(1986,1529,35),(1988,1531,35),(1989,1532,35),(1990,1533,35),(1991,1534,35),(1992,1535,35),(1993,1536,35),(1994,1537,35),(2081,1538,4),(1997,1539,35),(1998,1540,35),(1999,1541,35),(2000,1542,35),(2003,1545,35),(2004,1546,35),(2006,1547,35),(2007,1548,35),(2008,1549,35),(2009,1550,35),(2010,1551,35),(2011,1552,35),(2012,1553,35),(2013,1554,35),(2014,1555,35),(2015,1556,35),(2016,1557,35),(2017,1558,35),(2089,1559,4),(2019,1560,35),(2024,1561,35),(2025,1562,35),(2026,1563,35),(2027,1564,35),(2028,1565,35),(2029,1566,35),(2030,1567,35),(2031,1568,35),(2032,1569,35),(2033,1570,35),(2034,1571,35),(2035,1572,35),(2036,1573,35),(2094,1575,4),(2077,1576,4),(2076,1577,4),(2075,1578,4),(2043,1579,35),(2047,1580,35),(2048,1581,35),(2049,1582,35),(2108,1586,4),(2069,1592,35),(2070,1593,35),(2071,1594,35),(2078,1596,35),(2079,1597,35),(2083,1599,35),(2084,1600,35),(2085,1601,35),(2092,1604,35),(2093,1605,35),(2099,1609,35),(2102,1612,35),(2110,1614,35),(2113,1615,35),(2112,1617,35),(2114,1618,35),(2117,1621,35);
/*!40000 ALTER TABLE `cases_case_status` ENABLE KEYS */;
UNLOCK TABLES;

--
-- Table structure for table `cases_case_tags`
--

DROP TABLE IF EXISTS `cases_case_tags`;
/*!40101 SET @saved_cs_client     = @@character_set_client */;
/*!40101 SET character_set_client = utf8 */;
CREATE TABLE `cases_case_tags` (
  `id` int(11) NOT NULL AUTO_INCREMENT,
  `case_id` int(11) NOT NULL,
  `tag_id` int(11) NOT NULL,
  PRIMARY KEY (`id`),
  UNIQUE KEY `cases_case_tags_case_id_tag_id_605b8abf_uniq` (`case_id`,`tag_id`),
  KEY `cases_case_tags_tag_id_115e0c99_fk_cases_tag_id` (`tag_id`),
  CONSTRAINT `cases_case_tags_case_id_949bfb6d_fk_cases_case_id` FOREIGN KEY (`case_id`) REFERENCES `cases_case` (`id`),
  CONSTRAINT `cases_case_tags_tag_id_115e0c99_fk_cases_tag_id` FOREIGN KEY (`tag_id`) REFERENCES `cases_tag` (`id`)
) ENGINE=InnoDB AUTO_INCREMENT=3206 DEFAULT CHARSET=utf8 COLLATE=utf8_polish_ci;
/*!40101 SET character_set_client = @saved_cs_client */;

--
-- Dumping data for table `cases_case_tags`
--

LOCK TABLES `cases_case_tags` WRITE;
/*!40000 ALTER TABLE `cases_case_tags` DISABLE KEYS */;
INSERT INTO `cases_case_tags` VALUES (2765,1404,20),(2766,1404,26),(2762,1404,34),(2763,1404,78),(2775,1406,20),(2776,1406,26),(2772,1406,34),(2773,1406,78),(2780,1407,20),(2781,1407,26),(2777,1407,34),(2778,1407,78),(2956,1408,26),(2957,1408,59),(2782,1409,24),(2783,1409,25),(2784,1410,24),(2785,1410,25),(2788,1413,24),(2789,1413,25),(2790,1414,1),(2791,1415,24),(2792,1415,28),(2794,1416,1),(2793,1416,32),(2795,1417,6),(2796,1417,79),(2797,1418,1),(2798,1418,26),(2799,1419,1),(2800,1419,26),(2804,1420,20),(2805,1420,26),(2801,1420,34),(2802,1420,78),(2806,1421,1),(2810,1424,1),(2812,1424,9),(2811,1424,82),(2813,1425,34),(2814,1426,35),(2816,1427,14),(2815,1427,59),(2817,1428,74),(2821,1429,20),(2822,1429,26),(2818,1429,34),(2819,1429,78),(2826,1430,20),(2827,1430,26),(2823,1430,34),(2824,1430,78),(2831,1431,20),(2832,1431,26),(2828,1431,34),(2829,1431,78),(2836,1432,20),(2837,1432,26),(2833,1432,34),(2834,1432,78),(2842,1434,27),(2846,1435,20),(2847,1435,26),(2843,1435,34),(2844,1435,78),(2851,1436,20),(2852,1436,26),(2848,1436,34),(2849,1436,78),(2856,1437,20),(2857,1437,26),(2853,1437,34),(2854,1437,78),(2858,1438,1),(2859,1439,17),(2860,1439,66),(2862,1440,6),(2861,1440,35),(2863,1440,79),(3059,1440,89),(2864,1441,1),(2865,1442,1),(2866,1443,1),(2868,1444,59),(2867,1444,74),(2869,1445,17),(2870,1445,75),(2873,1448,30),(2872,1448,35),(2874,1448,79),(2876,1449,30),(2875,1449,35),(2877,1450,74),(2878,1450,82),(2879,1451,74),(2880,1451,82),(2881,1452,1),(2882,1453,74),(2883,1453,82),(2884,1454,74),(2885,1454,82),(2887,1457,17),(2888,1457,35),(2889,1458,74),(2890,1458,82),(2891,1459,74),(2892,1459,82),(2893,1460,1),(2895,1461,4),(2894,1461,48),(2896,1462,4),(2898,1463,29),(2897,1463,32),(2899,1464,74),(2900,1464,82),(2901,1465,22),(2902,1466,22),(2903,1467,1),(2904,1467,22),(2905,1468,66),(2906,1469,66),(2907,1470,24),(2908,1470,25),(2912,1471,20),(2913,1471,26),(2909,1471,34),(2910,1471,78),(2911,1471,79),(2914,1472,17),(2915,1472,26),(2916,1473,34),(2917,1474,35),(2918,1474,79),(2919,1475,1),(2920,1476,24),(2921,1476,25),(2931,1479,17),(2926,1479,30),(2930,1480,17),(2927,1480,30),(2928,1481,17),(2929,1481,30),(2932,1482,13),(2937,1488,57),(2938,1489,57),(2939,1490,1),(2940,1490,57),(2941,1491,35),(2942,1491,79),(2943,1492,1),(2944,1492,79),(2945,1493,78),(2946,1494,82),(2947,1494,87),(2949,1495,24),(2950,1495,78),(2951,1496,24),(2952,1496,78),(2953,1497,24),(2954,1497,30),(2955,1497,79),(2958,1498,74),(2959,1498,82),(2960,1499,71),(2961,1500,1),(2962,1500,66),(2963,1501,1),(2964,1501,66),(2969,1504,13),(2970,1506,71),(2971,1507,24),(2972,1508,66),(2973,1509,66),(2974,1510,66),(2975,1511,1),(2978,1512,6),(2976,1512,32),(2977,1512,35),(2979,1512,79),(3060,1512,89),(2980,1513,75),(2983,1516,13),(2984,1517,13),(2991,1520,88),(2995,1521,20),(2996,1521,26),(2992,1521,34),(2993,1521,78),(2994,1521,79),(3000,1522,20),(3001,1522,26),(2997,1522,34),(2998,1522,78),(2999,1522,79),(3002,1523,13),(3003,1524,13),(3007,1525,20),(3008,1525,26),(3004,1525,34),(3005,1525,78),(3006,1525,79),(3012,1526,20),(3013,1526,26),(3009,1526,34),(3010,1526,78),(3011,1526,79),(3014,1527,35),(3015,1528,35),(3016,1529,27),(3017,1529,70),(3018,1531,13),(3022,1532,20),(3023,1532,26),(3019,1532,34),(3020,1532,78),(3021,1532,79),(3027,1533,20),(3028,1533,26),(3024,1533,34),(3025,1533,78),(3026,1533,79),(3032,1534,20),(3033,1534,26),(3029,1534,34),(3030,1534,78),(3031,1534,79),(3037,1535,20),(3038,1535,26),(3034,1535,34),(3035,1535,78),(3036,1535,79),(3042,1536,20),(3043,1536,26),(3039,1536,34),(3040,1536,78),(3041,1536,79),(3047,1537,20),(3048,1537,26),(3044,1537,34),(3045,1537,78),(3046,1537,79),(3049,1538,24),(3050,1538,79),(3051,1539,13),(3053,1540,79),(3052,1540,89),(3055,1541,6),(3054,1541,35),(3057,1542,1),(3058,1542,6),(3056,1542,89),(3063,1545,1),(3064,1545,6),(3066,1546,35),(3067,1546,79),(3065,1546,89),(3068,1547,13),(3069,1548,13),(3070,1549,13),(3071,1550,13),(3072,1551,13),(3073,1552,13),(3074,1553,13),(3075,1554,13),(3076,1555,13),(3080,1556,20),(3081,1556,26),(3077,1556,34),(3078,1556,78),(3079,1556,79),(3085,1557,20),(3086,1557,26),(3082,1557,34),(3083,1557,78),(3084,1557,79),(3090,1558,20),(3091,1558,26),(3087,1558,34),(3088,1558,78),(3089,1558,79),(3093,1559,1),(3094,1559,6),(3092,1559,89),(3095,1560,24),(3096,1560,25),(3100,1561,20),(3101,1561,26),(3097,1561,34),(3098,1561,78),(3099,1561,79),(3105,1562,20),(3106,1562,26),(3102,1562,34),(3103,1562,78),(3104,1562,79),(3110,1563,20),(3111,1563,26),(3107,1563,34),(3108,1563,78),(3109,1563,79),(3112,1564,1),(3113,1564,39),(3114,1565,26),(3115,1565,67),(3119,1566,20),(3120,1566,26),(3116,1566,34),(3117,1566,78),(3118,1566,79),(3124,1567,20),(3125,1567,26),(3121,1567,34),(3122,1567,78),(3123,1567,79),(3129,1568,20),(3130,1568,26),(3126,1568,34),(3127,1568,78),(3128,1568,79),(3131,1569,13),(3132,1570,13),(3133,1571,13),(3134,1572,13),(3135,1573,13),(3138,1575,74),(3139,1575,82),(3140,1576,26),(3141,1577,26),(3143,1578,26),(3142,1578,56),(3144,1579,26),(3145,1580,32),(3146,1581,22),(3147,1582,14),(3150,1586,24),(3160,1592,14),(3161,1593,26),(3163,1594,3),(3162,1594,26),(3165,1596,74),(3166,1597,74),(3168,1599,1),(3169,1600,57),(3170,1601,1),(3171,1601,59),(3175,1604,28),(3174,1604,32),(3176,1605,24),(3177,1605,33),(3184,1609,13),(3187,1612,1),(3188,1612,5),(3193,1614,35),(3197,1615,13),(3196,1617,13),(3199,1618,5),(3198,1618,80),(3202,1621,28);
/*!40000 ALTER TABLE `cases_case_tags` ENABLE KEYS */;
UNLOCK TABLES;

--
-- Table structure for table `cases_case_time_of_info_provide`
--

DROP TABLE IF EXISTS `cases_case_time_of_info_provide`;
/*!40101 SET @saved_cs_client     = @@character_set_client */;
/*!40101 SET character_set_client = utf8 */;
CREATE TABLE `cases_case_time_of_info_provide` (
  `id` int(11) NOT NULL AUTO_INCREMENT,
  `case_id` int(11) NOT NULL,
  `dictionary_id` int(11) NOT NULL,
  PRIMARY KEY (`id`),
  UNIQUE KEY `cases_case_time_of_info__case_id_dictionary_id_e1dd827b_uniq` (`case_id`,`dictionary_id`),
  KEY `cases_case_time_of_i_dictionary_id_fbe93df9_fk_cases_dic` (`dictionary_id`),
  CONSTRAINT `cases_case_time_of_i_case_id_7579cea6_fk_cases_cas` FOREIGN KEY (`case_id`) REFERENCES `cases_case` (`id`),
  CONSTRAINT `cases_case_time_of_i_dictionary_id_fbe93df9_fk_cases_dic` FOREIGN KEY (`dictionary_id`) REFERENCES `cases_dictionary` (`id`)
) ENGINE=InnoDB AUTO_INCREMENT=271 DEFAULT CHARSET=utf8 COLLATE=utf8_polish_ci;
/*!40101 SET character_set_client = @saved_cs_client */;

--
-- Dumping data for table `cases_case_time_of_info_provide`
--

LOCK TABLES `cases_case_time_of_info_provide` WRITE;
/*!40000 ALTER TABLE `cases_case_time_of_info_provide` DISABLE KEYS */;
INSERT INTO `cases_case_time_of_info_provide` VALUES (252,1415,27),(266,1417,27),(270,1439,40),(255,1451,27),(254,1467,27),(265,1538,27);
/*!40000 ALTER TABLE `cases_case_time_of_info_provide` ENABLE KEYS */;
UNLOCK TABLES;

--
-- Table structure for table `cases_case_what_scope`
--

DROP TABLE IF EXISTS `cases_case_what_scope`;
/*!40101 SET @saved_cs_client     = @@character_set_client */;
/*!40101 SET character_set_client = utf8 */;
CREATE TABLE `cases_case_what_scope` (
  `id` int(11) NOT NULL AUTO_INCREMENT,
  `case_id` int(11) NOT NULL,
  `dictionary_id` int(11) NOT NULL,
  PRIMARY KEY (`id`),
  UNIQUE KEY `cases_case_what_scope_case_id_dictionary_id_7f5528af_uniq` (`case_id`,`dictionary_id`),
  KEY `cases_case_what_scop_dictionary_id_689d23f7_fk_cases_dic` (`dictionary_id`),
  CONSTRAINT `cases_case_what_scop_dictionary_id_689d23f7_fk_cases_dic` FOREIGN KEY (`dictionary_id`) REFERENCES `cases_dictionary` (`id`),
  CONSTRAINT `cases_case_what_scope_case_id_ab5515a4_fk_cases_case_id` FOREIGN KEY (`case_id`) REFERENCES `cases_case` (`id`)
) ENGINE=InnoDB AUTO_INCREMENT=803 DEFAULT CHARSET=utf8 COLLATE=utf8_polish_ci;
/*!40101 SET character_set_client = @saved_cs_client */;

--
-- Dumping data for table `cases_case_what_scope`
--

LOCK TABLES `cases_case_what_scope` WRITE;
/*!40000 ALTER TABLE `cases_case_what_scope` DISABLE KEYS */;
INSERT INTO `cases_case_what_scope` VALUES (756,1415,11),(785,1424,8),(770,1428,5),(801,1439,5),(766,1451,11),(786,1466,8),(761,1467,11),(767,1482,5),(780,1489,8),(772,1506,5),(773,1507,8),(791,1527,5),(784,1538,5),(790,1559,5),(774,1560,8),(792,1575,5),(783,1576,8),(782,1577,8),(781,1578,8),(798,1586,5),(787,1600,8);
/*!40000 ALTER TABLE `cases_case_what_scope` ENABLE KEYS */;
UNLOCK TABLES;

--
-- Table structure for table `cases_case_whose_case`
--

DROP TABLE IF EXISTS `cases_case_whose_case`;
/*!40101 SET @saved_cs_client     = @@character_set_client */;
/*!40101 SET character_set_client = utf8 */;
CREATE TABLE `cases_case_whose_case` (
  `id` int(11) NOT NULL AUTO_INCREMENT,
  `case_id` int(11) NOT NULL,
  `dictionary_id` int(11) NOT NULL,
  PRIMARY KEY (`id`),
  UNIQUE KEY `cases_case_whose_case_case_id_dictionary_id_b2630b5d_uniq` (`case_id`,`dictionary_id`),
  KEY `cases_case_whose_cas_dictionary_id_c8529244_fk_cases_dic` (`dictionary_id`),
  CONSTRAINT `cases_case_whose_cas_dictionary_id_c8529244_fk_cases_dic` FOREIGN KEY (`dictionary_id`) REFERENCES `cases_dictionary` (`id`),
  CONSTRAINT `cases_case_whose_case_case_id_5c828132_fk_cases_case_id` FOREIGN KEY (`case_id`) REFERENCES `cases_case` (`id`)
) ENGINE=InnoDB AUTO_INCREMENT=1632 DEFAULT CHARSET=utf8 COLLATE=utf8_polish_ci;
/*!40101 SET character_set_client = @saved_cs_client */;

--
-- Dumping data for table `cases_case_whose_case`
--

LOCK TABLES `cases_case_whose_case` WRITE;
/*!40000 ALTER TABLE `cases_case_whose_case` DISABLE KEYS */;
INSERT INTO `cases_case_whose_case` VALUES (1407,1404,3),(1409,1406,3),(1410,1407,3),(1411,1408,3),(1412,1409,3),(1413,1410,3),(1416,1413,3),(1417,1414,3),(1418,1415,3),(1419,1416,3),(1420,1417,3),(1421,1418,3),(1422,1419,3),(1423,1420,3),(1424,1421,3),(1427,1424,3),(1428,1425,3),(1429,1426,3),(1430,1427,3),(1431,1428,3),(1432,1429,3),(1433,1430,3),(1434,1431,3),(1435,1432,3),(1438,1434,3),(1439,1435,3),(1440,1436,3),(1441,1437,3),(1444,1438,3),(1445,1439,3),(1446,1440,3),(1447,1441,3),(1448,1442,3),(1449,1443,3),(1450,1444,3),(1451,1445,3),(1456,1448,3),(1457,1449,3),(1458,1450,3),(1459,1451,3),(1460,1452,3),(1461,1453,3),(1462,1454,3),(1465,1457,3),(1466,1458,3),(1467,1459,3),(1468,1460,3),(1469,1461,3),(1470,1462,3),(1471,1463,3),(1472,1464,3),(1473,1465,3),(1474,1466,3),(1475,1467,3),(1476,1468,3),(1477,1469,3),(1478,1470,3),(1479,1471,3),(1480,1472,3),(1481,1473,3),(1482,1474,3),(1483,1475,3),(1484,1476,3),(1487,1479,3),(1488,1480,3),(1489,1481,3),(1490,1482,3),(1496,1488,3),(1497,1489,3),(1498,1490,3),(1499,1491,3),(1500,1492,3),(1501,1493,3),(1502,1494,3),(1503,1495,3),(1504,1496,3),(1505,1497,3),(1506,1498,3),(1507,1499,3),(1508,1500,3),(1509,1501,3),(1512,1504,3),(1514,1506,3),(1515,1507,3),(1516,1508,3),(1517,1509,3),(1518,1510,3),(1519,1511,3),(1520,1512,3),(1521,1513,3),(1524,1516,3),(1525,1517,3),(1528,1520,3),(1529,1521,3),(1530,1522,3),(1531,1523,3),(1532,1524,3),(1533,1525,3),(1534,1526,3),(1535,1527,3),(1536,1528,3),(1537,1529,3),(1539,1531,3),(1540,1532,3),(1541,1533,3),(1542,1534,3),(1543,1535,3),(1544,1536,3),(1545,1537,3),(1546,1538,3),(1547,1539,3),(1548,1540,3),(1549,1541,3),(1550,1542,3),(1553,1545,3),(1554,1546,3),(1555,1547,3),(1556,1548,3),(1557,1549,3),(1558,1550,3),(1559,1551,3),(1560,1552,3),(1561,1553,3),(1562,1554,3),(1563,1555,3),(1564,1556,3),(1565,1557,3),(1566,1558,3),(1567,1559,3),(1568,1560,3),(1569,1561,3),(1570,1562,3),(1571,1563,3),(1572,1564,3),(1573,1565,3),(1574,1566,3),(1575,1567,3),(1576,1568,3),(1577,1569,3),(1578,1570,3),(1579,1571,3),(1580,1572,3),(1581,1573,3),(1583,1575,3),(1584,1576,3),(1585,1577,3),(1586,1578,3),(1587,1579,3),(1588,1580,3),(1589,1581,3),(1590,1582,3),(1594,1586,3),(1600,1592,3),(1601,1593,3),(1602,1594,3),(1604,1596,3),(1605,1597,3),(1608,1599,3),(1609,1600,3),(1610,1601,3),(1613,1604,3),(1614,1605,3),(1618,1609,3),(1621,1612,3),(1623,1614,3),(1626,1615,3),(1625,1617,3),(1627,1618,3),(1630,1621,3);
/*!40000 ALTER TABLE `cases_case_whose_case` ENABLE KEYS */;
UNLOCK TABLES;

--
-- Table structure for table `cases_channel`
--

DROP TABLE IF EXISTS `cases_channel`;
/*!40101 SET @saved_cs_client     = @@character_set_client */;
/*!40101 SET character_set_client = utf8 */;
CREATE TABLE `cases_channel` (
  `id` int(11) NOT NULL AUTO_INCREMENT,
  `created` datetime(6) NOT NULL,
  `modified` datetime(6) NOT NULL,
  `name` varchar(100) COLLATE utf8_polish_ci NOT NULL,
  PRIMARY KEY (`id`)
) ENGINE=InnoDB AUTO_INCREMENT=10 DEFAULT CHARSET=utf8 COLLATE=utf8_polish_ci;
/*!40101 SET character_set_client = @saved_cs_client */;

--
-- Dumping data for table `cases_channel`
--

LOCK TABLES `cases_channel` WRITE;
/*!40000 ALTER TABLE `cases_channel` DISABLE KEYS */;
INSERT INTO `cases_channel` VALUES (1,'2018-06-08 06:50:39.638613','2020-03-07 16:33:24.160243','epuap'),(2,'2018-06-08 06:50:46.321962','2018-06-08 06:50:46.322718','poczta tradycyjna'),(3,'2018-06-08 06:50:51.592720','2018-06-08 06:50:51.593359','email'),(4,'2018-06-08 06:51:00.314835','2018-06-08 06:51:00.315705','dostarczenie osobiście'),(5,'2018-06-08 06:51:35.507819','2018-06-08 06:51:35.508449','mecenas zewn.'),(6,'2018-11-21 11:40:31.943768','2018-11-21 11:40:31.944566','od klienta'),(7,'2018-11-29 13:46:04.989563','2018-11-29 13:46:04.990333','faks'),(8,'2019-04-09 21:51:51.132424','2019-04-09 21:51:51.133383','fedrowanie'),(9,'2020-04-07 06:25:57.460918','2020-04-07 06:25:57.460918','Z CBOSA');
/*!40000 ALTER TABLE `cases_channel` ENABLE KEYS */;
UNLOCK TABLES;

--
-- Table structure for table `cases_dictionary`
--

DROP TABLE IF EXISTS `cases_dictionary`;
/*!40101 SET @saved_cs_client     = @@character_set_client */;
/*!40101 SET character_set_client = utf8 */;
CREATE TABLE `cases_dictionary` (
  `id` int(11) NOT NULL AUTO_INCREMENT,
  `created` datetime(6) NOT NULL,
  `modified` datetime(6) NOT NULL,
  `type` int(11) NOT NULL,
  `name` varchar(100) COLLATE utf8_polish_ci NOT NULL,
  PRIMARY KEY (`id`)
) ENGINE=InnoDB AUTO_INCREMENT=46 DEFAULT CHARSET=utf8 COLLATE=utf8_polish_ci;
/*!40101 SET character_set_client = @saved_cs_client */;

--
-- Dumping data for table `cases_dictionary`
--

LOCK TABLES `cases_dictionary` WRITE;
/*!40000 ALTER TABLE `cases_dictionary` DISABLE KEYS */;
INSERT INTO `cases_dictionary` VALUES (1,'2018-06-13 08:54:23.518365','2018-06-13 08:54:23.519951',6,'demo'),(2,'2018-06-13 21:34:53.819946','2018-06-13 21:34:53.821661',1,'klient_ka'),(3,'2018-06-13 21:35:09.047679','2018-06-13 21:35:09.048659',1,'SOWP'),(4,'2018-06-13 21:37:04.969544','2018-06-13 21:37:04.970663',7,'zakończona'),(5,'2018-06-13 21:44:32.428388','2018-06-13 21:44:32.429603',2,'decyzja odmowna'),(6,'2018-06-13 21:44:57.025178','2018-06-13 21:44:57.026465',4,'prywatność'),(7,'2018-06-14 07:35:28.350085','2018-06-14 07:35:28.350847',4,'tajemnica przedsiębiorcy'),(8,'2018-06-14 07:39:47.092150','2018-06-14 07:39:47.094495',2,'bezczynność'),(9,'2018-06-14 07:40:01.058137','2018-06-14 07:40:01.059451',2,'Art. 23 udip'),(10,'2018-06-14 07:40:21.837375','2018-06-14 07:40:21.838475',2,'grzywna'),(11,'2018-06-14 07:40:28.813712','2018-06-14 07:40:28.815180',2,'informacja udzielona'),(12,'2018-06-14 07:40:41.768556','2018-06-14 07:40:41.769559',2,'postępowanie niedokończone'),(13,'2018-06-14 07:40:59.531737','2018-06-14 07:40:59.532813',3,'brak odpowiedzi'),(14,'2018-06-14 07:41:13.230244','2018-06-14 07:41:13.230956',3,'informacja nie stanowi IP'),(15,'2018-06-14 07:41:28.205808','2018-06-14 07:41:28.206900',3,'niepełna lub wymijająca odpowiedź'),(16,'2018-06-14 07:41:37.519657','2018-06-14 07:41:37.521541',3,'podmiot nie jest zobowiązany'),(17,'2018-06-14 07:41:46.248518','2018-06-14 07:41:46.249247',3,'przetworzona'),(18,'2018-06-14 07:41:53.799686','2018-06-14 07:41:53.800977',3,'przedłużenie'),(19,'2018-06-14 07:42:04.024324','2018-06-14 07:42:04.027295',3,'konflikt z innymi ustawami'),(20,'2018-06-14 07:42:16.317376','2018-06-14 07:42:16.322712',3,'wezwanie do podpisania'),(21,'2018-06-14 07:42:23.539182','2018-06-14 07:42:23.539956',3,'zmiana formy'),(22,'2018-06-19 13:53:31.811782','2018-06-19 13:53:31.813079',4,'informacja przetworzona'),(23,'2018-06-19 13:53:43.244972','2018-06-19 13:53:43.247044',4,'tajemnica skarbowa'),(24,'2018-06-19 13:53:51.857623','2018-06-19 13:53:51.859065',4,'inne'),(25,'2018-06-19 13:53:58.532700','2018-06-19 13:53:58.533321',4,'opłaty'),(26,'2018-06-19 13:54:12.193197','2018-06-19 13:54:12.194239',4,'konflikt z innymi ustawami'),(27,'2018-06-19 13:54:51.489668','2018-06-19 13:54:51.490932',5,'po złożeniu wniosku'),(28,'2018-06-19 13:55:06.836204','2018-06-19 13:55:06.837708',5,'po skardze/odwołaniu'),(29,'2018-06-19 13:55:16.564769','2018-06-19 13:55:16.567010',5,'po polemice'),(30,'2018-06-19 13:55:47.029220','2018-06-19 13:55:47.030217',6,'odmowy podchodzące pod bezczynność'),(31,'2018-06-19 13:55:55.815087','2018-06-19 13:55:55.816093',6,'decyzje odmowne'),(32,'2018-06-19 13:56:27.804787','2018-06-19 13:56:27.805506',6,'umorzenie postępowania'),(33,'2018-06-19 13:56:45.446133','2018-06-19 13:56:45.447477',6,'wezwanie do opłaty'),(34,'2018-06-19 13:57:05.829561','2018-06-19 13:57:05.831222',6,'same wnioski'),(35,'2018-06-19 14:00:54.476189','2018-06-19 14:00:54.477318',7,'trwa'),(36,'2018-11-22 11:48:59.296176','2018-11-22 11:48:59.297285',2,'opłata'),(37,'2019-02-19 12:43:30.391539','2019-02-19 12:43:30.393625',6,'nie złożyliśmy wniosku o uzasadnienie wyroku'),(38,'2019-05-17 07:52:27.093209','2019-05-17 07:52:27.094625',6,'wezwanie do podpisu'),(39,'2019-06-06 14:37:54.382807','2019-06-06 14:37:54.384273',6,'nie złożyliśmy kasacji'),(40,'2019-10-30 07:49:43.755165','2019-10-30 07:49:43.756580',5,'po wyroku'),(41,'2020-01-10 13:37:37.653274','2020-01-10 13:37:37.653274',6,'nie uiściliśmy wpisu'),(42,'2020-03-16 10:58:00.027008','2020-03-16 10:58:00.027008',6,'nie uzupełniliśmy braków (podpis, KRS etc.)'),(44,'2020-04-17 09:11:14.119093','2020-04-17 09:11:14.119093',3,'brak realizacji wyroku'),(45,'2020-11-09 14:53:43.616321','2020-11-09 14:53:43.616321',6,'nie złożyliśmy zażalenia');
/*!40000 ALTER TABLE `cases_dictionary` ENABLE KEYS */;
UNLOCK TABLES;

--
-- Table structure for table `cases_institution`
--

DROP TABLE IF EXISTS `cases_institution`;
/*!40101 SET @saved_cs_client     = @@character_set_client */;
/*!40101 SET character_set_client = utf8 */;
CREATE TABLE `cases_institution` (
  `id` int(11) NOT NULL AUTO_INCREMENT,
  `created` datetime(6) NOT NULL,
  `modified` datetime(6) NOT NULL,
  `name` varchar(100) COLLATE utf8_polish_ci NOT NULL,
  `comment` longtext COLLATE utf8_polish_ci NOT NULL,
  PRIMARY KEY (`id`)
) ENGINE=InnoDB AUTO_INCREMENT=1367 DEFAULT CHARSET=utf8 COLLATE=utf8_polish_ci;
/*!40101 SET character_set_client = @saved_cs_client */;

--
-- Dumping data for table `cases_institution`
--

LOCK TABLES `cases_institution` WRITE;
/*!40000 ALTER TABLE `cases_institution` DISABLE KEYS */;
INSERT INTO `cases_institution` VALUES (2,'2018-06-14 10:50:37.124738','2018-06-14 10:50:37.128805','Ministerstwo Edukacji Narodowej','brak'),(8,'2018-06-14 10:50:37.287498','2018-06-14 10:50:37.290505','Ministerstwo Obrony Narodowej','brak'),(11,'2018-06-14 10:50:37.371090','2018-06-14 10:50:37.374573','Ministerstwo Rozwoju','brak'),(14,'2018-06-14 10:50:37.456789','2018-06-14 10:50:37.460645','Ministerstwo Spraw Wewnętrznych i Administracji','brak'),(15,'2018-06-14 10:50:37.484450','2018-06-14 10:50:37.487874','Ministerstwo Spraw Zagranicznych','brak'),(18,'2018-06-14 10:50:37.558594','2018-06-14 10:50:37.561624','Ministerstwo Zdrowia','brak'),(29,'2018-06-14 10:50:37.838401','2018-06-14 10:50:37.842530','Dolnośląski Urząd Wojewódzki','brak'),(37,'2018-06-14 10:50:38.033197','2018-06-14 10:50:38.036421','Podlaski Urząd Wojewódzki','brak'),(51,'2018-06-14 10:50:38.378636','2018-06-14 10:50:38.382191','Urząd Marszałkowski Województwa Warmińsko - Mazurskiego','brak'),(66,'2018-10-17 20:53:14.645360','2018-10-17 20:53:14.646514','Nadleśnictwo Wołów',''),(71,'2018-11-16 09:24:26.120291','2018-11-16 09:24:26.120890','Wojewódzki Sąd Administracyjny w Warszawie',''),(74,'2018-11-19 10:29:20.439643','2018-11-19 10:29:20.440830','Wojewódzki Sąd Administracyjny w Gdańsku',''),(80,'2018-11-21 09:18:08.964985','2018-11-21 09:18:08.966136','Prokuratura Rejonowa Warszawa Śródmieście',''),(82,'2018-11-21 09:53:46.512672','2018-11-21 09:53:46.514004','Wojewódzki Sąd Administracyjny w Bydgoszczy',''),(83,'2018-11-21 10:06:21.653503','2018-11-21 10:06:21.655239','Wojewódzki Sąd Administracyjny w Białymstoku',''),(87,'2018-11-22 09:45:39.037582','2018-11-22 09:45:39.039073','Wojewódzki Sąd Administracyjny w Opolu',''),(88,'2018-11-22 10:36:10.198554','2018-12-27 10:38:29.289341','Wojewódzki Sąd Administracyjny w Krakowie',''),(94,'2018-11-26 10:26:13.838829','2018-11-26 10:26:13.840948','Kancelaria Prezydenta RP',''),(111,'2018-11-26 11:15:38.036940','2018-11-29 14:13:58.272325','Ministerstwo Kultury i Dziedzictwa Narodowego',''),(118,'2018-11-29 09:53:09.016306','2018-12-03 12:14:09.321008','anonim',''),(120,'2018-11-29 11:41:26.793559','2018-11-29 11:41:26.794532','Ministerstwo Nauki i Szkolnictwa Wyższego',''),(126,'2018-12-03 09:31:55.652656','2018-12-03 09:31:55.653811','Wojewódzki Sąd Administracyjny w Szczecinie',''),(133,'2018-12-04 09:43:08.551101','2019-01-13 15:17:48.600985','Komenda Rejonowa Policji Warszawa I',''),(137,'2018-12-06 09:40:13.553630','2018-12-06 09:40:13.555220','Prokuratura Okręgowa w Warszawie',''),(148,'2018-12-07 10:39:12.575084','2018-12-07 10:39:12.576509','KGHM Polska Miedź S.A.',''),(151,'2018-12-07 10:42:21.906458','2018-12-07 10:42:21.907372','Poczta Polska S.A.',''),(155,'2018-12-07 10:47:36.956049','2018-12-07 10:47:36.957240','Polska Wytwórnia Papierów Wartościowych S.A.',''),(159,'2018-12-07 10:51:25.391180','2018-12-07 10:51:25.392302','Polski Koncern Naftowy ORLEN S.A.',''),(168,'2018-12-07 11:01:55.298280','2018-12-07 11:01:55.299688','Telewizja Polska S.A.',''),(169,'2018-12-10 12:50:15.334459','2018-12-10 12:50:15.335741','Ministerstwo Rodziny, Pracy i Polityki Społecznej',''),(175,'2018-12-12 09:38:25.409133','2018-12-12 09:38:25.410384','Ministerstwo Infrastruktury',''),(177,'2018-12-12 09:50:54.193889','2018-12-12 09:50:54.195938','Wojewódzki Sąd Administracyjny w Lublinie',''),(210,'2018-12-20 10:21:22.640030','2018-12-20 10:21:22.641268','Wojewódzki Sąd Administracyjny w Gorzowie Wielkopolskim',''),(212,'2018-12-20 10:45:07.943244','2018-12-20 10:45:07.944707','Wojewódzki Sąd Administracyjny we Wrocławiu',''),(216,'2018-12-20 11:20:08.961684','2018-12-20 11:20:08.963615','Nadleśnictwo Dobieszyn',''),(235,'2018-12-28 09:13:36.766528','2018-12-28 09:13:36.767923','Nadleśnictwo Białowieża',''),(250,'2019-01-08 13:42:52.881501','2019-01-08 13:42:52.882687','Komenda Rejonowa Policji Warszawa II',''),(253,'2019-01-10 14:22:28.192741','2019-01-10 14:22:28.197347','Samorządowe Kolegium Odwoławcze w Jeleniej Górze',''),(308,'2019-01-17 10:44:04.137738','2019-01-17 10:44:04.138900','Sąd Najwyższy',''),(337,'2019-02-20 11:33:35.281301','2019-02-20 11:33:35.283018','Urząd Miasta Warszawa',''),(360,'2019-03-07 09:37:38.485695','2019-03-07 09:37:38.486957','Stadion Śląski Sp. z o. o.',''),(484,'2019-05-21 08:40:46.710181','2019-05-21 08:40:46.711083','Urząd Gminy i Miasta Chocianów',''),(493,'2019-05-27 09:42:23.051061','2019-05-27 09:42:23.053408','Urząd Gminy Trzcianne',''),(498,'2019-05-29 07:05:50.576265','2019-05-29 07:05:50.579320','Kancelaria Prezesa Rady Ministrów',''),(522,'2019-07-02 20:32:21.992561','2019-07-02 20:32:21.993770','PKP Intercity S.A.',''),(543,'2019-07-25 10:22:04.025396','2019-07-25 10:22:04.027053','Sąd Rejonowy w Olsztynie',''),(550,'2019-08-19 09:39:45.362079','2019-08-19 09:39:45.362826','Kancelaria Sejmu RP',''),(584,'2019-09-19 07:07:37.050986','2019-09-19 07:07:37.053470','Sąd Okręgowy w Łomży',''),(634,'2019-11-13 12:39:28.355342','2019-11-13 13:11:33.273556','Stadion Narodowy w Warszawie PL.2012 Sp. z o.o.',''),(636,'2019-11-15 10:15:47.910886','2019-11-15 10:15:47.912158','Miasto Stołeczne Warszawa',''),(676,'2020-01-03 08:53:44.904024','2020-01-03 08:53:44.904024','Urząd Marszałkowski Województwa Mazowieckiego',''),(714,'2020-04-08 08:42:42.992428','2020-04-08 08:42:42.992428','MINISTERSTWO AKTYWÓW PAŃSTWOWYCH',''),(716,'2020-04-20 09:44:35.713032','2020-04-20 09:44:35.713032','Komenda Główna Policji',''),(719,'2020-04-21 14:16:08.574318','2020-04-21 14:16:08.574318','Komenda Główna Państwowej Straży Pożarnej',''),(720,'2020-04-22 07:29:23.556281','2020-04-22 07:29:23.556281','Ministerstwo Sportu',''),(723,'2020-05-05 15:39:56.258052','2020-05-05 15:39:56.258052','Prokuratura Rejonowa w Przysusze',''),(759,'2020-05-07 15:44:45.873105','2020-05-07 15:44:45.873105','Prokuratura Rejonowa w Łukowie',''),(764,'2020-05-11 15:48:23.994144','2020-05-11 15:48:23.994144','Prokuratura Rejonowa w Zambrowie',''),(768,'2020-05-11 15:54:23.615962','2020-05-11 15:54:23.615962','Prokuratura Rejonowa w Tarnowie',''),(788,'2020-05-13 16:11:41.306724','2020-05-13 16:11:41.306724','Prokuratura Rejonowa w Tomaszowie Lubelskim',''),(799,'2020-05-14 15:55:22.113511','2020-05-14 15:55:22.113511','Prokuratura Rejonowa w Hrubieszowie',''),(814,'2020-05-19 15:47:58.202143','2020-05-19 15:47:58.202143','Prokuratura Rejonowa w Rzeszowie',''),(852,'2020-05-25 07:59:39.454192','2020-05-25 07:59:39.454192','Prokuratura Rejonowa w Zamościu',''),(855,'2020-05-25 08:08:46.227611','2020-05-25 08:08:46.227611','Prokuratura Rejonowa w Suwałkach',''),(889,'2020-05-29 10:11:28.781259','2020-05-29 10:11:28.781259','Prokuratura Rejonowa w Jaśle',''),(896,'2020-05-29 10:39:24.390753','2020-05-29 10:39:24.390753','Prokuratura Rejonowa w Dąbrowie Tarnowskiej',''),(898,'2020-05-29 10:42:01.676570','2020-05-29 10:42:01.676570','Prokuratura Rejonowa w Radziejowie',''),(908,'2020-06-03 07:30:24.888237','2020-06-03 07:30:24.888237','Prokuratura Okręgowa w Suwałkach',''),(918,'2020-06-07 17:21:44.790059','2020-06-07 17:21:44.790059','Prokuratura Rejonowa w Łomży',''),(922,'2020-06-07 17:36:39.254950','2020-06-07 17:36:39.254950','Prokuratura Rejonowa w Ostrołęce',''),(934,'2020-06-08 09:06:38.577864','2020-06-08 09:06:38.577864','Prokuratura Rejonowa w Ostrowi Mazowieckiej',''),(985,'2020-06-18 07:49:39.664791','2020-06-18 07:49:39.664791','Prokuratura Okręgowa w Zamościu',''),(1002,'2020-06-22 07:41:13.324623','2020-06-22 07:41:13.324623','Prokuratura Rejonowa w Grójcu',''),(1015,'2020-06-25 08:32:55.829519','2020-06-25 08:32:55.829519','Prokuratura Rejonowa w Rykach',''),(1050,'2020-07-21 10:55:00.793491','2020-07-21 10:55:00.793491','Prokuratura Okręgowa we Wrocławiu',''),(1052,'2020-07-24 09:46:52.076121','2020-07-24 09:46:52.076121','Prokuratura Rejonowa w Radzyniu Podlaskim',''),(1057,'2020-08-07 13:42:47.935872','2020-08-07 13:42:47.935872','Komisja Europejska',''),(1065,'2020-08-13 10:59:38.709325','2020-08-13 10:59:38.709325','Prokuratura Okręgowa w Tarnowie',''),(1086,'2020-08-21 07:00:38.951160','2020-08-21 07:00:38.951160','Sąd Rejonowy w Jaśle',''),(1147,'2020-10-15 12:54:16.964664','2020-10-15 12:54:16.964664','Urząd Gminy Wolanów',''),(1148,'2020-10-16 12:00:49.167800','2020-10-16 12:00:49.167800','Urząd Gminy w Zbójnej',''),(1149,'2020-10-16 12:18:58.677796','2020-10-16 12:18:58.677796','Urząd Miejski Golczewo',''),(1150,'2020-10-16 12:22:42.200488','2020-10-16 12:22:42.200488','Prokuratura Rejonowa w Kamieniu Pomorskim',''),(1152,'2020-10-19 14:52:10.013387','2020-10-19 14:52:10.013387','MIEJSKI ZAKŁAD GOSPODARKI KOMUNALNEJ I MIESZKANIOWEJ w Chocianowie',''),(1154,'2020-10-28 14:10:34.945933','2020-10-28 14:10:34.945933','Sąd Rejonowy w Zakopanem',''),(1155,'2020-11-02 08:18:18.070979','2020-11-02 08:18:18.070979','Wojewódzka Stacja Sanitarno-Epidemiologiczna w Lublinie',''),(1156,'2020-11-02 14:14:49.663161','2020-11-02 14:14:49.663161','Urząd Gminy Czarny Dunajec',''),(1158,'2020-11-03 11:41:16.454204','2020-11-03 11:41:16.454204','Prokuratura Rejonowa w Nysie',''),(1159,'2020-11-03 11:43:24.529466','2020-11-03 11:43:24.529466','Urząd Miasta i Gminy Otmuchów',''),(1161,'2020-11-05 10:45:36.129879','2020-11-05 10:45:36.129879','MIEJSKI ZAKŁAD GOSPODARKI KOMUNALNEJ I MIESZKANIOWEJ w Ciechanowie',''),(1162,'2020-11-05 10:52:37.629284','2020-11-05 10:52:37.629284','KOMENDA STOŁECZNA POLICJI',''),(1165,'2020-11-06 09:48:31.349616','2020-11-06 09:48:31.349616','Urząd Gminy Olszewo-Borki',''),(1166,'2020-11-06 09:53:14.629889','2020-11-06 09:53:14.629889','Urząd Gminy Bytoń',''),(1167,'2020-11-06 09:58:09.180605','2020-11-06 09:58:09.180605','Urząd Gminy Bakałarzewo',''),(1168,'2020-11-06 10:02:08.506358','2020-11-06 10:02:08.506358','Urząd Gminy Komarówka Podlaska',''),(1170,'2020-11-10 12:19:46.113862','2020-11-10 12:19:46.113862','Urząd Gminy Kamień (podkarpackie)',''),(1171,'2020-11-10 12:21:39.886286','2020-11-10 12:21:39.886286','Urząd Miejski Lubycza Królewska',''),(1172,'2020-11-10 12:25:22.960382','2020-11-10 12:25:22.960382','Urząd Gminy Pleśna',''),(1173,'2020-11-12 11:01:00.602886','2020-11-12 11:01:00.602886','Ministerstwo Edukacji i Nauki',''),(1174,'2020-11-12 12:20:14.204601','2020-11-12 12:20:14.204601','Muzeum Śląska Opolskiego',''),(1177,'2020-11-18 19:20:01.688907','2020-11-18 19:20:01.688907','Prokuratura Okręgowa Warszawa-Praga',''),(1182,'2020-11-30 17:10:31.288773','2020-11-30 17:10:31.288773','Prokuratura Rejonowa Warszawa Śródmieście Północ',''),(1183,'2020-12-07 08:49:40.801074','2020-12-07 08:49:40.801074','Komenda Wojewódzka Policji w Katowicach',''),(1184,'2020-12-07 08:59:18.186228','2020-12-07 08:59:18.186228','Uniwersytet Gdański',''),(1185,'2020-12-07 09:08:47.227665','2020-12-07 09:08:47.227665','Katolicki Uniwersytet Lubelski','Jana Pawła II'),(1186,'2020-12-07 09:36:35.579448','2020-12-07 09:36:35.579448','Instytut Teatralny',''),(1187,'2020-12-07 09:48:33.625281','2020-12-07 09:48:33.625281','Instytut Muzyki i Tańca',''),(1188,'2020-12-09 12:34:10.681294','2020-12-09 12:34:10.681294','Urząd Gminy Małkinia Górna',''),(1189,'2020-12-09 13:54:36.597480','2020-12-09 13:54:36.597480','Prokuratura Regionalna w Poznaniu',''),(1193,'2020-12-11 10:10:25.213942','2020-12-11 10:10:25.213942','Szpital Wolski im. dr Anny Gostyńskiej Samodzielny Publiczny Zakład Opieki Zdrowotnej',''),(1194,'2020-12-11 10:14:31.385299','2020-12-11 10:16:00.205490','SZPITAL SPECJALISTYCZNY IM.ŚWIĘTEJ RODZINY SAMODZIELNY PUBLICZNY ZAKŁAD OPIEKI ZDROWOTNEJ','Madalińskiego'),(1195,'2020-12-11 10:20:30.569836','2020-12-11 10:20:30.569836','Szpital Bielański w Warszawie',''),(1196,'2020-12-11 13:56:07.563153','2020-12-11 13:56:07.563153','Nadleśnictwo Elbląg',''),(1198,'2020-12-17 10:56:31.224597','2020-12-17 10:56:31.224597','Nadleśnictwo Giżycko',''),(1199,'2020-12-17 10:59:13.182687','2020-12-17 10:59:13.182687','Nadleśnictwo Gdańsk',''),(1200,'2020-12-17 11:00:47.332074','2020-12-17 11:00:47.332074','Nadleśnictwo Kolbudy',''),(1201,'2020-12-17 11:03:41.225549','2020-12-17 11:03:41.225549','Nadleśnictwo Strzebielino',''),(1203,'2020-12-17 13:28:06.758415','2020-12-17 13:28:06.758415','Polski Związek Motorowy',''),(1204,'2020-12-18 09:15:57.983070','2020-12-18 09:15:57.983070','Ekstraliga żużlowa',''),(1205,'2020-12-22 08:58:56.865340','2020-12-22 08:58:56.865340','Nadleśnictwa zbiorczo',''),(1206,'2020-12-22 09:10:11.257972','2020-12-22 09:10:11.257972','Nadleśnictwo Kołaczyce',''),(1207,'2020-12-22 09:11:54.639121','2020-12-22 09:11:54.639121','KRAJOWE BIURO WYBORCZE',''),(1208,'2020-12-22 09:14:01.081445','2020-12-22 09:14:01.081445','POWIATOWA STACJA SANITARNO-EPIDEMIOLOGICZNA W M.ST. WARSZAWIE',''),(1209,'2020-12-22 10:11:39.225017','2020-12-22 10:11:39.225017','Nadleśnictwo Browsk w Gruszkach',''),(1210,'2020-12-22 10:13:10.621168','2020-12-22 10:13:10.621168','Nadleśnictwo Kędzierzyn',''),(1211,'2020-12-22 10:16:16.190453','2020-12-22 10:16:16.190453','Nadleśnictwo Olecko',''),(1212,'2020-12-22 10:25:31.599041','2020-12-22 10:25:31.599041','Nadleśnictwo Suchedniów',''),(1213,'2020-12-22 10:36:29.579448','2020-12-22 10:36:29.579448','Nadleśnictwo Jugów',''),(1214,'2020-12-22 10:43:25.892215','2020-12-22 10:43:25.892215','Nadleśnictwo Piaski',''),(1215,'2020-12-22 10:46:06.986967','2020-12-22 10:46:06.986967','Nadleśnictwo Strzelce Opolskie',''),(1216,'2020-12-29 09:05:48.850016','2020-12-29 09:05:48.850016','Nadleśnictwo Płońsk',''),(1217,'2020-12-29 09:07:56.367646','2020-12-29 09:07:56.367646','Nadleśnictwo Przysucha',''),(1218,'2020-12-29 09:09:29.696949','2020-12-29 09:09:29.696949','Nadleśnictwo Prudnik',''),(1219,'2020-12-29 09:11:02.790430','2020-12-29 09:11:02.790430','Nadleśnictwo Gromnik',''),(1220,'2020-12-29 09:13:14.797172','2020-12-29 09:13:14.797172','Nadleśnictwo Przymuszewo',''),(1221,'2020-12-29 09:16:37.306222','2020-12-29 09:16:37.306222','Nadleśnictwo Lipka',''),(1222,'2020-12-29 09:18:03.832704','2020-12-29 09:18:03.832704','Nadleśnictwo Augustów',''),(1223,'2020-12-29 09:20:18.163713','2020-12-29 09:20:18.163713','Nadleśnictwo Turek',''),(1224,'2020-12-29 09:21:48.024719','2020-12-30 10:50:29.054657','Nadleśnictwo Niedźwiady',''),(1225,'2020-12-29 11:03:45.718637','2020-12-29 11:03:45.718637','Sąd Rejonowy w Ostrołęce',''),(1227,'2020-12-29 12:45:05.417986','2020-12-29 12:45:05.417986','Główny Inspektorat Ochrony Środowiska',''),(1228,'2021-01-04 09:57:04.468867','2021-01-04 09:57:04.468867','Nadleśnictwo Korpele',''),(1229,'2021-01-04 09:58:41.679609','2021-01-04 09:58:41.679609','Nadleśnictwo Jedwabno',''),(1230,'2021-01-04 10:00:29.208550','2021-01-04 10:00:29.208550','Nadleśnictwo Jędrzejów',''),(1231,'2021-01-04 10:01:43.903942','2021-01-04 10:01:43.903942','Nadleśnictwo Nowy Targ',''),(1232,'2021-01-04 10:03:04.444544','2021-01-04 10:03:04.444544','Nadleśnictwo Chmielnik',''),(1233,'2021-01-04 10:04:30.634936','2021-01-04 10:04:30.634936','Nadleśnictwo Golub-Dobrzyń',''),(1234,'2021-01-04 10:22:11.444635','2021-01-04 10:22:11.444635','Nadleśnictwo Olsztyn',''),(1235,'2021-01-04 10:24:08.299767','2021-01-07 08:25:03.865242','Nadleśnictwo Ruda Maleniecka',''),(1236,'2021-01-04 10:25:10.900309','2021-01-04 10:25:10.900309','Nadleśnictwo Złotów',''),(1237,'2021-01-04 10:27:50.276382','2021-01-04 10:27:50.276382','Nadleśnictwo Stąporków',''),(1238,'2021-01-04 10:28:56.632300','2021-01-04 10:28:56.632300','Nadleśnictwo Mińsk Mazowiecki',''),(1239,'2021-01-04 10:30:30.069270','2021-01-04 10:30:30.069270','Nadleśnictwo Chojna',''),(1240,'2021-01-04 10:31:31.886336','2021-01-07 08:28:18.276129','Nadleśnictwo Zwoleń',''),(1241,'2021-01-04 10:34:07.281558','2021-01-04 10:34:07.281558','Nadleśnictwo Konin',''),(1242,'2021-01-04 10:35:36.555119','2021-01-04 10:35:36.555119','Nadleśnictwo Włoszczowa',''),(1243,'2021-01-04 11:05:58.081428','2021-01-04 11:05:58.081428','Nadleśnictwo Oborniki',''),(1244,'2021-01-04 11:07:08.303740','2021-01-04 11:07:08.303740','Nadleśnictwo Marcule',''),(1245,'2021-01-04 11:08:16.370846','2021-01-04 11:08:16.370846','Nadleśnictwo Radom',''),(1246,'2021-01-04 11:09:57.682465','2021-01-04 11:09:57.682465','Nadleśnictwo Gorlice',''),(1247,'2021-01-04 11:13:49.351793','2021-01-04 11:13:49.351793','Nadleśnictwo Barycz',''),(1248,'2021-01-04 11:28:44.857341','2021-01-04 11:28:44.857341','Nadleśnictwo Góra Śląska',''),(1249,'2021-01-04 11:30:07.635208','2021-01-04 11:30:07.635208','Nadleśnictwo Skarżysko',''),(1250,'2021-01-04 11:32:01.659737','2021-01-04 11:32:01.659737','Nadleśnictwo Kańczuga',''),(1251,'2021-01-04 11:33:11.194484','2021-01-04 11:33:11.194484','Nadleśnictwo Rozwadów',''),(1252,'2021-01-04 11:34:34.450082','2021-01-04 11:34:34.450082','Nadleśnictwo Świdnik',''),(1253,'2021-01-04 11:52:12.338326','2021-01-04 11:52:12.338326','Nadleśnictwo Krosno',''),(1254,'2021-01-08 09:05:12.830468','2021-01-08 09:05:12.830468','Nadleśnictwo Warcino',''),(1255,'2021-01-08 09:07:34.327555','2021-01-08 09:07:34.327555','Nadleśnictwo Łupawa',''),(1256,'2021-01-08 09:09:04.908335','2021-01-08 09:09:04.908335','Nadleśnictwo Człuchów',''),(1257,'2021-01-08 09:10:52.068115','2021-01-08 09:10:52.068115','Nadleśnictwo Daleszyce',''),(1258,'2021-01-08 09:12:44.460246','2021-01-08 09:12:44.460246','Nadleśnictwo Drawno',''),(1259,'2021-01-08 09:14:59.840155','2021-01-08 09:14:59.840155','Nadleśnictwo Babimost',''),(1260,'2021-01-08 09:16:22.836164','2021-01-08 09:16:22.836164','Nadleśnictwo Srokowo',''),(1261,'2021-01-08 09:21:27.879794','2021-01-08 09:21:27.879794','Nadleśnictwo Osusznica',''),(1262,'2021-01-08 09:24:23.383562','2021-01-08 09:24:23.383562','Nadleśnictwo Białogard',''),(1263,'2021-01-08 09:57:27.721290','2021-01-08 09:57:27.721290','Nadleśnictwo Czerniejewo',''),(1264,'2021-01-08 10:00:57.693762','2021-01-08 10:00:57.693762','Nadleśnictwo Celestynów',''),(1265,'2021-01-08 10:03:24.543345','2021-01-08 10:03:24.543345','Nadleśnictwo Ustroń',''),(1266,'2021-01-08 10:05:52.276131','2021-01-08 10:05:52.276131','Nadleśnictwo Koło',''),(1267,'2021-01-08 10:07:47.363422','2021-01-08 10:07:47.363422','Nadleśnictwo Zamrzenica',''),(1268,'2021-01-08 10:37:25.709548','2021-01-08 10:37:25.709548','Nadleśnictwo Sulechów',''),(1269,'2021-01-08 10:41:10.956561','2021-01-08 10:41:10.956561','Nadleśnictwo Żmigród',''),(1270,'2021-01-08 11:06:41.823755','2021-01-08 11:06:41.823755','Nadleśnictwo Świeradów',''),(1271,'2021-01-08 11:09:58.676334','2021-01-08 11:09:58.676334','Nadleśnictwo Myślenice',''),(1272,'2021-01-08 11:58:00.848226','2021-01-08 11:58:00.848226','Nadleśnictwo Garwolin',''),(1274,'2021-01-08 12:06:30.156907','2021-01-08 12:06:30.156907','Nadleśnictwo Świdnica',''),(1275,'2021-01-11 13:51:24.716038','2021-01-11 14:05:08.193558','Nadleśnictwo Prószków',''),(1277,'2021-01-12 09:21:27.788279','2021-01-12 09:21:27.788279','Regionalna Dyrekcja Lasów Państwowych w Krakowie',''),(1280,'2021-01-18 10:06:09.931771','2021-01-18 10:06:09.931771','Nadleśnictwo Nawojowa',''),(1282,'2021-01-19 12:05:45.191761','2021-01-19 12:05:45.191761','Nadleśnictwo Cierpiszewo',''),(1283,'2021-01-19 13:10:24.750040','2021-01-19 13:10:24.750040','NADLEŚNICTWO GOLENIÓW',''),(1285,'2021-01-20 13:58:09.615342','2021-01-20 13:58:09.615342','Nadleśnictwo Chrzanów',''),(1286,'2021-01-21 13:40:43.443410','2021-01-21 13:40:43.443410','NARODOWY INSTYTUT SAMORZĄDU TERYTORIALNEGO',''),(1287,'2021-01-21 14:00:07.982593','2021-01-21 14:00:07.982593','Urząd Gminy w Tarnowcu',''),(1288,'2021-01-21 14:02:24.042256','2021-01-21 15:34:15.301527','Urząd Gminy Olesno','woj. Małopolskie  \r\npow. Dąbrowski  \r\ngmina Olesno'),(1289,'2021-01-22 11:47:18.673428','2021-01-22 11:47:18.673428','NADLEŚNICTWO KRZYSTKOWICE',''),(1290,'2021-01-22 11:52:36.768157','2021-01-22 11:52:36.768157','NADLEŚNICTWO NIEPOŁOMICE',''),(1291,'2021-01-25 08:07:41.559851','2021-01-25 08:07:41.559851','Urząd Gminy Odrzywół',''),(1292,'2021-01-25 08:13:29.105266','2021-01-25 08:13:29.105266','Urząd Miejski w Wyśnieżycach',''),(1293,'2021-01-26 09:56:54.119582','2021-01-26 09:56:54.119582','NADLEŚNICTWO BYSTRZYCA KŁODZKA',''),(1294,'2021-01-26 10:52:58.483440','2021-01-26 10:52:58.483440','Prokuratura Rejonowa w Starogardzie Gdańskim',''),(1295,'2021-01-26 10:54:53.224450','2021-01-26 10:54:53.224450','Urząd Gminy Osieczna','Osieczna (pomorskie / starogardzki)'),(1296,'2021-01-26 10:56:17.647794','2021-01-26 10:56:17.647794','Prokuratura Rejonowa w Skierniewicach',''),(1297,'2021-01-26 10:56:46.528363','2021-01-26 10:56:46.528363','Urząd Gminy Maków',''),(1298,'2021-01-26 11:00:25.249390','2021-01-26 11:00:25.249390','Urząd Gminy Zambrów',''),(1299,'2021-01-27 12:37:27.290300','2021-01-27 12:37:27.290300','Sąd Rejonowy w Nysie',''),(1300,'2021-01-28 12:26:22.090328','2021-01-28 12:26:22.090328','Prokuratura Rejonowa w Oleśnie',''),(1301,'2021-01-28 12:27:00.876547','2021-01-28 12:35:43.137390','Urząd Miejski w Oleśnie','Olesno (Opolskie / Oleski)'),(1302,'2021-01-28 12:31:39.089875','2021-01-28 12:31:39.089875','Urząd Gminy Łabunie',''),(1303,'2021-01-28 12:38:25.558688','2021-01-28 12:38:25.558688','Urząd Gminy Kłoczew',''),(1304,'2021-01-29 16:14:13.019448','2021-01-29 16:14:13.019448','NADLEŚNICTWO BARDO ŚLĄSKIE',''),(1306,'2021-02-10 09:02:31.385845','2021-02-10 09:02:31.385845','Sąd Rejonowy w Suwałkach',''),(1308,'2021-02-10 11:55:41.301770','2021-02-10 11:55:41.301770','Nadleśnictwo Supraśl',''),(1309,'2021-02-10 12:02:44.477949','2021-02-10 12:02:44.477949','Nadleśnictwo Dobrzejewice',''),(1310,'2021-02-10 12:08:09.997228','2021-02-10 12:08:09.997228','Nadleśnictwo Krasnystaw',''),(1311,'2021-02-10 12:24:48.252443','2021-02-10 12:24:48.252443','Nadleśnictwo Lwówek Śląski',''),(1312,'2021-02-10 12:43:04.488123','2021-02-10 12:43:04.488123','Nadleśnictwo Zwierzyniec',''),(1313,'2021-02-10 13:03:04.895025','2021-02-10 13:03:04.895025','Nadleśnictwo Tomaszów',''),(1314,'2021-02-10 13:08:48.077147','2021-02-10 13:08:48.077147','Nadleśnictwo Józefów',''),(1315,'2021-02-11 08:48:51.995721','2021-02-11 08:48:51.995721','Nadleśnictwo Milicz',''),(1316,'2021-02-12 08:35:18.977146','2021-02-12 08:35:18.977146','Nadleśnictwo Radziwiłłów',''),(1317,'2021-02-15 08:54:49.692867','2021-02-15 08:54:49.692867','Urząd Gminy Chynów',''),(1318,'2021-02-15 08:57:12.180421','2021-02-15 08:57:12.180421','Urząd Gminy Drzycim',''),(1319,'2021-02-15 08:59:31.034729','2021-02-15 08:59:31.034729','Prokuratura Rejonowa w Świeciu',''),(1320,'2021-02-15 09:02:21.868922','2021-02-15 09:02:21.868922','Urząd Gminy Borkowice',''),(1323,'2021-02-16 11:38:21.648184','2021-02-16 11:38:21.648184','Urząd Gminy Przytuły',''),(1324,'2021-02-16 11:44:14.569990','2021-02-16 11:44:14.569990','Urząd Miasta i Gminy w Mogielnicy',''),(1325,'2021-02-16 11:47:26.861972','2021-02-16 11:47:26.861972','Urząd Gminy Śliwice',''),(1326,'2021-02-16 11:49:28.388959','2021-02-16 11:49:28.388959','Prokuratura Rejonowa w Tucholi',''),(1327,'2021-02-17 10:16:38.657531','2021-02-17 10:16:38.657531','Urząd Gminy Nowiny',''),(1328,'2021-02-17 15:28:11.196230','2021-02-17 15:28:11.196230','Urząd Gminy Ostrów Mazowiecka',''),(1329,'2021-02-17 15:30:27.210934','2021-02-17 15:30:27.210934','Urząd Gminy Trzeszczany',''),(1330,'2021-02-17 15:32:28.140065','2021-02-17 15:32:28.140065','Urząd Gminy Bargłów Kościelny',''),(1331,'2021-02-17 15:37:06.756403','2021-02-17 15:37:06.756403','Prokuratura Rejonowa w Augustowie',''),(1332,'2021-02-22 13:22:12.025990','2021-02-22 13:22:12.025990','Nadleśnictwo Międzyrzecz',''),(1333,'2021-02-22 13:35:02.864147','2021-02-22 13:35:02.864147','Nadleśnictwo Grójec',''),(1334,'2021-02-22 13:44:27.611382','2021-02-22 13:44:27.611382','Nadleśnictwo Krotoszyn',''),(1335,'2021-02-23 08:55:58.815877','2021-02-23 08:55:58.815877','Nadleśnictwo Złotoryja',''),(1336,'2021-02-23 09:25:03.351808','2021-02-23 09:25:03.351808','Nadleśnictwo Ruszów',''),(1338,'2021-02-25 08:44:58.575274','2021-02-25 08:44:58.575274','Państwowa Komisja ds. Pedofilii',''),(1339,'2021-02-26 13:52:51.849941','2021-02-26 13:52:51.849941','Kostrzyńsko - Słubicka Specjalna Strefa Ekonomiczna S.A.',''),(1345,'2021-03-04 09:13:04.647526','2021-03-04 09:13:04.647526','Prokuratura Okręgowa w Radomiu',''),(1346,'2021-03-05 11:57:56.037321','2021-03-05 11:57:56.037321','Sąd Rejonowy w Tomaszowie Lubelskim',''),(1347,'2021-03-09 08:21:44.886657','2021-03-09 08:21:44.886657','Zarząd Morskich Portów Szczecin i Świnoujście',''),(1348,'2021-03-09 11:28:05.213003','2021-03-09 11:28:05.213003','Ministerstwo Rodziny i Polityki Społecznej',''),(1349,'2021-03-10 10:14:36.685953','2021-03-10 10:14:36.685953','Rada Gminy Trzcianne',''),(1353,'2021-03-31 12:25:42.290045','2021-03-31 12:25:42.290045','Sąd Rejonowy w Radzyniu Podlaskim',''),(1354,'2021-04-02 11:47:35.264656','2021-04-02 11:47:35.264656','Ministerstwo Kultury i Dziedzictwa Narodowego i Sportu',''),(1357,'2021-04-15 08:50:02.330067','2021-04-15 08:50:02.330067','Nadleśnictwo Łuków',''),(1358,'2021-04-20 09:26:20.757533','2021-04-20 09:26:20.757533','Sąd Rejonowy w Świeciu',''),(1361,'2021-04-27 16:37:32.293642','2021-04-27 16:37:32.293642','LASY PAŃSTWOWE DYREKCJA GENERALNA LASÓW PAŃSTWOWYCH w Warszawie',''),(1365,'2021-05-05 16:14:22.884275','2021-05-05 16:14:22.884275','Poradnia psychologiczno-pedagogiczna w Krasnymstawie','');
/*!40000 ALTER TABLE `cases_institution` ENABLE KEYS */;
UNLOCK TABLES;

--
-- Table structure for table `cases_institution_tags`
--

DROP TABLE IF EXISTS `cases_institution_tags`;
/*!40101 SET @saved_cs_client     = @@character_set_client */;
/*!40101 SET character_set_client = utf8 */;
CREATE TABLE `cases_institution_tags` (
  `id` int(11) NOT NULL AUTO_INCREMENT,
  `institution_id` int(11) NOT NULL,
  `tag_id` int(11) NOT NULL,
  PRIMARY KEY (`id`),
  UNIQUE KEY `cases_institution_tags_institution_id_tag_id_6417255f_uniq` (`institution_id`,`tag_id`),
  KEY `cases_institution_tags_tag_id_03619f9f_fk_cases_tag_id` (`tag_id`),
  CONSTRAINT `cases_institution_ta_institution_id_1fb6db52_fk_cases_ins` FOREIGN KEY (`institution_id`) REFERENCES `cases_institution` (`id`),
  CONSTRAINT `cases_institution_tags_tag_id_03619f9f_fk_cases_tag_id` FOREIGN KEY (`tag_id`) REFERENCES `cases_tag` (`id`)
) ENGINE=InnoDB AUTO_INCREMENT=339 DEFAULT CHARSET=utf8 COLLATE=utf8_polish_ci;
/*!40101 SET character_set_client = @saved_cs_client */;

--
-- Dumping data for table `cases_institution_tags`
--

LOCK TABLES `cases_institution_tags` WRITE;
/*!40000 ALTER TABLE `cases_institution_tags` DISABLE KEYS */;
INSERT INTO `cases_institution_tags` VALUES (222,2,1),(228,8,1),(231,11,1),(234,14,1),(235,15,1),(238,18,1),(249,29,3),(257,37,3),(271,51,4),(279,111,1),(296,253,29),(319,1152,14),(320,1154,28),(322,1177,34),(324,1182,34),(325,1198,13),(326,1199,13),(327,1200,13),(328,1201,13),(330,1203,57),(331,1204,57),(332,1205,13),(333,1206,13),(334,1225,28),(335,1227,71),(337,1277,71);
/*!40000 ALTER TABLE `cases_institution_tags` ENABLE KEYS */;
UNLOCK TABLES;

--
-- Table structure for table `cases_letter`
--

DROP TABLE IF EXISTS `cases_letter`;
/*!40101 SET @saved_cs_client     = @@character_set_client */;
/*!40101 SET character_set_client = utf8 */;
CREATE TABLE `cases_letter` (
  `id` int(11) NOT NULL AUTO_INCREMENT,
  `created` datetime(6) NOT NULL,
  `modified` datetime(6) NOT NULL,
  `direction` varchar(50) COLLATE utf8_polish_ci NOT NULL,
  `data` date NOT NULL,
  `identifier` varchar(100) COLLATE utf8_polish_ci NOT NULL,
  `attachment` varchar(254) COLLATE utf8_polish_ci NOT NULL,
  `ordering` int(11) NOT NULL,
  `comment` longtext COLLATE utf8_polish_ci NOT NULL,
  `case_id` int(11) DEFAULT NULL,
  `institution_id` int(11) DEFAULT NULL,
  `channel_id` int(11) DEFAULT NULL,
  `name_id` int(11) NOT NULL,
  `event` datetime(6) DEFAULT NULL,
  PRIMARY KEY (`id`),
  KEY `cases_letter_case_id_653c3cd9_fk_cases_case_id` (`case_id`),
  KEY `cases_letter_institution_id_a4b19d1d_fk_cases_institution_id` (`institution_id`),
  KEY `cases_letter_channel_id_9b6ae835_fk_cases_channel_id` (`channel_id`),
  KEY `cases_letter_name_id_76bbe4a4_fk_cases_lettername_id` (`name_id`),
  CONSTRAINT `cases_letter_case_id_653c3cd9_fk_cases_case_id` FOREIGN KEY (`case_id`) REFERENCES `cases_case` (`id`),
  CONSTRAINT `cases_letter_channel_id_9b6ae835_fk_cases_channel_id` FOREIGN KEY (`channel_id`) REFERENCES `cases_channel` (`id`),
  CONSTRAINT `cases_letter_institution_id_a4b19d1d_fk_cases_institution_id` FOREIGN KEY (`institution_id`) REFERENCES `cases_institution` (`id`),
  CONSTRAINT `cases_letter_name_id_76bbe4a4_fk_cases_lettername_id` FOREIGN KEY (`name_id`) REFERENCES `cases_lettername` (`id`)
) ENGINE=InnoDB AUTO_INCREMENT=11250 DEFAULT CHARSET=utf8 COLLATE=utf8_polish_ci;
/*!40101 SET character_set_client = @saved_cs_client */;

--
-- Dumping data for table `cases_letter`
--

LOCK TABLES `cases_letter` WRITE;
/*!40000 ALTER TABLE `cases_letter` DISABLE KEYS */;
INSERT INTO `cases_letter` VALUES (7236,'2020-05-15 15:05:50.258563','2020-10-20 09:53:44.138169','S','2020-05-13','114_SD_SOWP_2020_SOBW','114_SD_SOWP_2020_SOBW_Telewizja_Polska_TVP_koszty_umowy_związane_ze_szkołą_TVP_-_wniosek_o_inf._publiczną__PT13.05.2020.pdf',1,'',1409,168,2,18,NULL),(8888,'2020-10-15 12:54:36.963767','2020-12-21 11:25:31.458757','S','2020-10-21','486_AK_SOWP_2020_ePUAP','486_AK_SOWP_2020_ePUAP_UG_Wolanów_-_Prokuratura_Rejonowa_w_Przysusze_udostępnienie_danych_Poczcie_Polskiej_-_zawiadomienie.anonymised.pdf',0,'po anonimizacji',1404,723,1,354,NULL),(8897,'2020-10-16 12:01:29.201793','2020-12-21 11:21:42.233343','S','2020-10-21','489_AK_SOWP_2020_ePUAP','489_AK_SOWP_2020_ePUAP_UG_w_Zbójnej_-_Prokuratura_Rejonowa_w_Łomży_udostępnienie_danych_Poczcie_Polskiej_-_zawiadomienie_o_popełnieniu_przestępstwa.anonymised.pdf',0,'po anonimizacji',1406,918,1,354,NULL),(8898,'2020-10-16 12:22:57.776522','2020-12-21 11:16:55.900990','S','2020-10-21','490_AK_SOWP_2020_ePUAP','490_AK_SOWP_2020_ePUAP_UM_Golczewo_-_Prokuratura_Rejonowa_w_Kamieniu_Pomorskim_udostępnienie_danych_Poczcie_Polskiej_-_zawiadomienie_o_popełnieniu_przestępstwa.anonymised.pdf',0,'po anonimizacji',1407,1150,1,354,NULL),(8912,'2020-10-19 14:52:21.245056','2020-10-22 09:23:16.712923','S','2020-10-21','497_SD_SOWP_2020_ePUAP','497_SD_SOWP_2020_ePUAP_UMiG_Chocianów_lekceważace_posty_na_fb_ws._sprawy_udip_-_wniosek_KPA.pdf',0,'',1408,484,1,45,NULL),(8913,'2020-10-19 14:52:21.246285','2021-03-10 12:33:59.682795','S','2020-10-21','498_SD_SOWP_2020_ePUAP','498_SD_SOWP_2020_ePUAP_MZGKiZM_Chocianów_lekceważące_posty_na_fb_ws._sprawy_udip_-_wniosek_KPA.pdf',1,'',1408,1152,1,45,NULL),(8915,'2020-10-20 09:40:11.083919','2020-10-20 09:40:11.083919','R','2020-10-19','TVP_BSK_027-16_2020','TVP_BSK_027-16_2020_Telewizja_Polska_szkoła_z_TVP_-_wezwanie_do_wykazania_interesu_pyt._145.pdf',0,'wezwanie do wykazania interesu pyt. 1,4,5',1409,168,2,14,NULL),(8916,'2020-10-20 09:42:37.297674','2020-10-20 09:53:44.136068','R','2020-10-15','','Telewizja_Polska_szkoła_z_TVP_-_częściowa_odp._wezwanie_do_wykazania_interesu_pyt._145_biuro_15.10.20.pdf',2,'biuro@',1409,168,3,253,NULL),(8917,'2020-10-20 09:53:44.058933','2020-12-29 15:54:54.706088','R','2020-10-19','TVP_BSK_027-15_2020','TVP_BSK_027-15_2020_Telewizja_Polska_szkoła_z_TVP_-_decyzja_odmowna_dot._pyt._2_i_3.pdf',3,'dotyczy pytań o budżet - tajemnica przedsiębiorstwa',1409,168,2,22,NULL),(8941,'2020-10-26 14:00:53.987027','2020-11-09 08:25:12.003689','S','2020-10-27','506_SD_SOWP_2020_SOKBT','506_SD_SOWP_2020_SOKBT_Wniosek_o_informację_TVP_porozumienie_z_Episkopatem_PP_27.10.20.pdf',0,'',1410,168,2,18,NULL),(8954,'2020-10-27 12:23:26.822072','2020-10-27 12:23:26.822072','R','2020-10-27','TVP_BZ-RS_027-14_2020','TVP_BZ-RS_027-14_2020_Telewizja_Polska_TVP_autor_pytań_na_debatę_prezydencką_z_17.06.2020_-_decyzja_PP_27.10.20.pdf',0,'',1413,168,2,22,NULL),(8955,'2020-10-27 12:25:52.314049','2020-10-27 12:25:52.314049','S','2020-06-25','','Telewizja_Polska_TVP_autor_pytań_na_debatę_prezydencką_z_17.06.2020_-_wniosek_o_inf_mail_25.06.20.pdf',1,'',1413,168,3,18,NULL),(8956,'2020-10-27 12:54:48.851508','2020-10-27 12:54:48.851508','R','2020-10-27','BM-II.015.468.2020','Ministerstwo_Rozwoju_nagrody_10.2020_r._przyznane_ostatniego_dnia_pracy_ministry_Emilewicz_-_odp._nie_na_temat.pdf',0,'odpowiedź nie na temat - o ogólnej kwocie nagród',1414,11,1,253,NULL),(8957,'2020-10-27 12:57:03.556913','2020-10-27 12:57:03.556913','S','2020-10-16','','Ministerstwo_Rozwoju_nagrody_10.2020_r._przyznane_ostatniego_dnia_pracy_ministry_Emilewicz_-_wniosek.pdf',1,'',1414,11,1,18,NULL),(9034,'2020-10-28 14:13:44.911336','2020-10-28 14:13:44.911336','S','2020-10-16','','Sąd_Rejonowy_w_Zakopanem_wyrok_ws._skazanego_prezesa_PKP_-_wniosek_16.10.20_ePUAP.pdf',0,'',1415,1154,1,18,NULL),(9035,'2020-10-28 14:13:44.912437','2020-10-28 14:13:44.912437','R','2020-10-28','A-0144-46_20','Sąd_Rejonowy_w_Zakopanem_wyrok_ws._skazanego_prezesa_PKP_-_odp._na_wniosek_załącznik_28.10.20_ePUAP.pdf',1,'',1415,1154,1,7,NULL),(9047,'2020-11-02 08:16:04.587846','2020-11-02 13:30:51.217643','S','2020-10-16','','MINISTERSTWO_AKTYWÓW_PAŃSTWOWYCH_umowy_zawartej_między_MAP_a_KPMG_Advisory_Sp._z_o.o._Sp._k._-_wniosek_o_inf._publiczną_epuap16.10.2020.pdf',0,'MINISTERSTWO AKTYWÓW PAŃSTWOWYCH (umowy zawartej między MAP a KPMG Advisory Sp. z o.o. Sp. k.) - wniosek o inf. publiczną epuap16.10.2020',1416,714,1,18,NULL),(9048,'2020-11-02 08:21:31.579215','2021-03-18 06:58:13.360046','S','2020-10-16','','Wojewódzka_Stacja_Sanitarno-Epidemiologiczna_w_Lublinie_testy_trójgenowe_na_obecność_COVID-19_ilość_koszt_0910.2020_-_wniosek_o_inf._publiczną__epuap16.10.2020.pdf',0,'Wojewódzka Stacja Sanitarno-Epidemiologiczna w Lublinie (testy trójgenowe na obecność COVID-19, ilość, koszt 09,10.2020) - wniosek o inf. publiczną  epuap16.10.2020',1417,1155,1,18,NULL),(9081,'2020-11-02 13:30:51.146606','2020-11-02 13:30:51.146606','R','2020-11-02','DKO.II.054.174.2020','DKO.II.054.174.2020_MINISTERSTWO_AKTYWÓW_PAŃSTWOWYCH_umowy_zawartej_między_MAP_a_KPMG_Advisory_Sp._z_o.o._Sp._k._-_przedłużenie_terminu_epuap02.11.2020.pdf',1,'do 14.12.2020',1416,714,1,239,NULL),(9083,'2020-11-02 13:45:24.689353','2020-11-09 10:56:51.554588','S','2020-10-30','','MINISTERSTWO_SPRAW_WEWNĘTRZNYCH_I_ADMINISTRACJI_pisma_wysłane_do_UG_Czarny_Dunajec_-_wniosek_o_informację_epuap30.10.2020.pdf',0,'',1418,14,1,18,NULL),(9084,'2020-11-02 14:15:22.714980','2020-11-02 14:15:22.714980','S','2020-10-30','','UG_Czarny_Dunajec_pisma_otrzymane_z_MSWiA_-_wniosek_o_informację_epuap30.10.2020.pdf',1,'UG Czarny Dunajec (pisma otrzymane z MSWiA) - wniosek o informację',1419,1156,1,18,NULL),(9090,'2020-11-03 11:45:02.338071','2021-02-15 10:15:53.007198','S','2020-11-03','516_AK_SOWP_2020_ePUAP','516_AK_SOWP_2020_ePUAP_UMiG_Otmuchów_-_Prokuratura_Rejonowa_w_Nysie_przekazanie_danych_Poczcie_Polskiej_-_zawiadomienie_epuap03.11.2020.pdf',0,'Zawiadomienia z danymi, NIE UDOSTEPNIAĆ.',1420,1158,1,354,NULL),(9093,'2020-11-03 13:25:44.219743','2020-11-03 13:25:44.219743','R','2020-10-21','','Ministerstwo_Zdrowia_raport_zespołu_o_przygotowaniu_ws._epidemii_na_jesień_2020_r._-_wniosek_o_inf._publiczną_epuap.pdf',1,'',1421,18,1,18,NULL),(9094,'2020-11-03 13:27:23.054987','2020-12-09 09:58:06.954984','R','2020-11-03','ZPN.051.128.2020.KM','ZPN.051.128.2020.KM_Ministerstwo_Zdrowia_raport_zespołu_o_przygotowaniu_ws._epidemii_na_jesień_2020_r._-_odp._na_wniosek_epuap03.11.2020.pdf',0,'',1421,18,1,253,NULL),(9174,'2020-11-05 10:25:34.595081','2020-11-19 08:52:11.381874','S','2020-11-03','','MINISTERSTWO_EDUKACJI_NARODOWEJ_protest_kobiet_zdalna_szkoła_i_wypadnięcie_z_systemu_szkolnego_-_wniosek_o_inf._publiczną_epuap03.11.2020.pdf',0,'',1424,2,1,18,NULL),(9175,'2020-11-05 10:31:50.265063','2020-11-16 11:11:16.513032','S','2020-11-03','','Prokuratura_Okręgowa_w_Warszawie_ostatnia_rozmowa_Kaczyńskich_z_dnia_10.04.2010_-_wniosek_o_inf._publiczną_epuap03.11.2020.pdf',0,'',1425,137,1,18,NULL),(9176,'2020-11-05 10:39:57.872176','2020-12-01 12:51:44.225904','R','2020-11-03','','Kancelaria_Prezesa_Rady_Ministrów_zamknięcie_cmentarzy_11.2020_-_wniosek_o_inf._publiczną_epuap03.11.2020.pdf',0,'',1426,498,1,18,NULL),(9177,'2020-11-05 10:46:14.277771','2020-11-17 11:49:46.877401','S','2020-11-03','','MIEJSKI_ZAKŁAD_GOSPODARKI_KOMUNALNEJ_I_MIESZKANIOWEJ_w_Ciechanowie_portal_społecznościowy_-_wniosek_o_inf._publiczną_epuap03.11.2020.pdf',0,'',1427,1152,1,18,NULL),(9178,'2020-11-05 10:53:29.585356','2020-11-19 08:03:33.522917','S','2020-11-03','','KOMENDA_STOŁECZNA_POLICJI_patrole_prezesa_PIS_-_wniosek_o_inf._publiczną_epuap05.11.2020.pdf',0,'',1428,1162,1,18,NULL),(9218,'2020-11-06 09:50:18.066496','2021-02-15 10:18:59.892054','S','2020-11-09','527_AK_SOWP_2020_ePUAP','527_AK_SOWP_2020_ePUAP_UG_Olszewo-Borki_-_Prokuratura_Rejonowa_w_Ostrołęce_udostępnienie_danych_Poczcie_Polskiej_-_zawiadomienie_epuap09.11.2020.pdf',0,'Zawiadomienia z danymi, NIE UDOSTEPNIAĆ.',1429,922,1,354,NULL),(9219,'2020-11-06 09:54:02.044531','2021-02-15 10:19:22.807152','S','2020-11-09','528_AK_SOWP_2020_ePUAP','528_AK_SOWP_2020_ePUAP_UG_Bytoń_-_Prokuratura_Rejonowa_w_Radziejowie_udostępnienie_danych_Poczcie_Polskiej_-_zawiadomienie_epuap09.11.2020.pdf',0,'Zawiadomienia z danymi, NIE UDOSTEPNIAĆ.',1430,898,1,354,NULL),(9220,'2020-11-06 09:59:28.394218','2021-02-15 10:19:59.407389','S','2020-11-09','529_AK_SOWP_2020_ePUAP','529_AK_SOWP_2020_ePUAP_UG_Bakałarzewo_-_Prokuratura_Rejonowa_w_Suwałkach_udostępnienie_danych_Poczcie_Polskiej_-_zawiadomienie_epuap09.11.2020.pdf',0,'Zawiadomienia z danymi, NIE UDOSTEPNIAĆ.',1431,855,1,354,NULL),(9221,'2020-11-06 10:03:15.377793','2021-02-15 10:20:50.809511','S','2020-11-09','530_AK_SOWP_2020_ePUAP','530_AK_SOWP_2020_ePUAP_UG_Komarówka_Podlaska_-_Prokuratura_Rejonowa_w_Radzyniu_Podlaskim_udostępnienie_danych_Poczcie_Pol_-_zawiadomienie_epuap09.11.2020.pdf',0,'Zawiadomienia z danymi, NIE UDOSTEPNIAĆ.',1432,1052,1,354,NULL),(9260,'2020-11-09 08:25:11.955000','2020-11-09 08:56:40.334666','R','2020-11-06','TVP_BZ-RS_027-25_2020','TVP_BZ-RS_027-25_2020_Telewizja_Polska_TVP_porozumienie_z_Episkopatem_ws.__audycji_-_decyzja_odmowna.pdf',1,'',1410,168,2,22,NULL),(9265,'2020-11-09 10:47:46.048721','2020-11-09 10:47:46.048721','S','2020-10-23','','Kancelaria_Prezydenta_RP_doradcy_społeczni_-_wniosek_o_inf._publiczną_epuap23.10.2020.pdf',0,'',1434,94,1,18,NULL),(9266,'2020-11-09 10:47:46.049782','2020-11-09 10:47:46.049782','R','2020-11-09','BPU.0605.298.2020','BPU.0605.298.2020_Kancelaria_Prezydenta_RP_doradcy_społeczni_-_przedłużenie_terminu_epuap09.11.2020.pdf',1,'do 23.12.2020',1434,94,1,239,NULL),(9267,'2020-11-09 10:56:51.497606','2020-11-09 10:58:54.223819','R','2020-11-09','DBI-WODO-0667-5-87_2020','DBI_WODO_0667_5-87_2020_Ministerstwo_Spraw_Wewnętrznych_i_Administracji_pisma_wysłane_do_UG_Czarny_Dunajec_-_prośba_o_doprecyzowanie_epuap09.11.2020.DOC',1,'prośba o doprecyzowanie pyt. 2',1418,14,1,316,NULL),(9271,'2020-11-09 11:26:55.973967','2020-11-09 11:26:55.973967','S','2020-11-09','','Telewizja_Polska_TVP_szkoła_z_TVP_-_umowy_koszty_program_-_odp._na_wezwanie_ws._przetworzonej_biuro_9.11.20.pdf',4,'biuro@',1409,168,3,41,NULL),(9322,'2020-11-10 12:20:27.344657','2021-02-15 10:21:17.463769','S','2020-11-12','539_AK_SOWP_2020_ePUAP','539_AK_SOWP_2020_ePUAP_UG_Kamień_-_Prokuratura_Rejonowa_w_Rzeszowie_udostępnienie_danych_Poczcie_Polskiej_-_zawiadomienie_epuap12.11.2020.pdf',0,'Zawiadomienia z danymi, NIE UDOSTEPNIAĆ.',1435,814,1,354,NULL),(9323,'2020-11-10 12:23:20.990342','2021-02-15 10:21:42.315069','S','2020-11-12','540_AK_SOWP_2020_ePUAP','540_AK_SOWP_2020_ePUAP_UM_Lubycza_Królewska_-_Prokuratura_Rejonowa_w_Tomaszowie_Lubelskim_udostępnienie_danych_Poczcie_Po_-_zawiadomienie_epuap12.11.2020.pdf',0,'Zawiadomienia z danymi, NIE UDOSTEPNIAĆ.',1436,788,1,354,NULL),(9324,'2020-11-10 12:27:01.138976','2021-02-15 10:22:48.667086','S','2020-11-12','541_AK_SOWP_2020_ePUAP','541_AK_SOWP_2020_ePUAP_UG_Pleśna_-_Prokuratura_Rejonowa_w_Tarnowie_udostępnienie_danych_Poczcie_Polskiej_-_zawiadomienie_epuap12.11.2020.pdf',0,'Zawiadomienia z danymi, NIE UDOSTEPNIAĆ.',1437,768,1,354,NULL),(9364,'2020-11-12 11:05:02.401559','2020-11-12 11:05:02.401559','S','2020-10-28','','Ministerstwo_Edukacji_i_Nauki_habilitacja_i_publikacje_ministra_Czarnka_-_wniosek_o_informację_epuap.pdf',0,'',1438,2,1,18,NULL),(9365,'2020-11-12 11:05:02.402762','2020-11-12 11:37:02.575909','R','2020-11-12','DIP-WI.0191.16.2020.ESK','DIP-WI.0191.16.2020.ESK_Ministerstwo_Edukacji_i_Nauki_habilitacja_i_publikacje_ministra_Czarnka_-_odp._na_wniosek_epuap12.11.2020.pdf',1,'',1438,2,1,253,NULL),(9368,'2020-11-12 12:22:06.807736','2020-12-29 09:50:20.761664','S','2020-10-28','','Muzeum_Śląska_Opolskiego_wynagrodzenie_pracowników_-_wniosek_o_inf._publiczną.pdf',0,'',1439,1174,1,18,NULL),(9369,'2020-11-12 12:22:06.809625','2020-11-12 12:22:06.809625','R','2020-11-12','D.013.63.2020','D.013.63.2020_Muzeum_Śląska_Opolskiego_wynagrodzenie_pracowników__-_przedłużenie_terminu_do_14.12.2020_epuap12.11.2020.pdf',1,'do 14.12.2020',1439,1174,1,239,NULL),(9370,'2020-11-12 12:51:47.274192','2020-12-01 13:05:08.346091','S','2020-11-12','','KANCELARIA_PREZESA_RADY_MINISTRÓW_szczepionki_na_koronawirusa_Pfizer_i_BioNTech_-_wniosek_o_inf._publiczną_epuap12.11.2020.pdf',0,'',1440,498,1,18,NULL),(9371,'2020-11-12 13:00:33.657168','2020-11-25 15:11:10.482394','S','2020-11-12','','MINISTERSTWO_SPRAW_WEWNĘTRZNYCH_I_ADMINISTRACJI_ochrona_SOP_-_lista_osób_koszty_faktury_-_wniosek_o_inf._publiczną_epuap12.11.2020.pdf',0,'',1441,14,1,18,NULL),(9372,'2020-11-12 13:07:28.091866','2020-11-25 14:25:15.344480','S','2020-11-12','','MINISTERSTWO_SPRAW_WEWNĘTRZNYCH_I_ADMINISTRACJI_ochrona_SOP_dla_Kurskiego_-_wniosek_o_inf._publiczną_epuap12.11.2020.pdf',0,'',1442,14,1,18,NULL),(9373,'2020-11-12 13:14:35.789272','2020-11-30 12:48:29.534684','S','2020-11-12','','MINISTERSTWO_SPRAW_ZAGRANICZNYCH_kandydaci_procedura_wyłaniania_sędziów_do_ETPCz_-_wniosek_o_inf._publiczną_epuap12.11.2020.pdf',0,'',1443,15,1,18,NULL),(9440,'2020-11-16 09:55:05.092452','2020-11-16 09:58:37.504555','R','2020-11-16','Kwo-1443_1355_20_JK','Kwo_1443_1355_1355_20_JK_Komenda_Główna_Policji_media_społecznościowe_-_odp_na_wniosek_epuap16.11.2020.pdf',0,'',1444,716,1,7,NULL),(9441,'2020-11-16 10:00:37.076173','2020-11-16 10:00:37.076173','S','2020-10-28','','Komenda_Główna_Policji_profil_na_fb_i_wpis_z_24.10.20_r._-_wniosek_o_informację_epuap.pdf',1,'',1444,716,1,18,NULL),(9443,'2020-11-16 10:22:58.049283','2020-11-16 11:07:17.416462','R','2020-11-16','DBI-WODO-0667-5-87_2020','DBI-WODO-0667-5-87_2020_Ministerstwo_Spraw_Wewnętrznych_i_Administracji_pisma_wysłane_do_UG_Czarny_Dunajec_-_odp._na_wniosek_epuap16.11.2020.DOC',2,'+ przedłużenie w zakresie pism do wojewody do 30.12.2020',1418,14,1,253,NULL),(9447,'2020-11-16 11:11:16.458190','2020-11-16 11:27:13.356216','R','2020-11-16','PO V Ip 157.2020','PO_V_Ip_157.2020_Prokuratura_Okręgowa_w_Warszawie_ostatnia_rozmowa_Kaczyńskich_z_dnia_10.04.2010_-_prośba_o_doprecyzowanie_epuap16.11.2020.pdf',1,'prośba o doprecyzowanie',1425,137,1,316,NULL),(9449,'2020-11-16 11:23:06.397321','2020-11-16 11:34:11.924252','R','2020-11-16','OR.1431.39.2020','OR.1431.39.2020_UG_Czarny_Dunajec_pisma_otrzymane_z_MSWiA_-_odp._na_wniosek__pismo_przewodnie__załączniki_epuap16.11.2020.pdf',1,'pismo przewodnie + \r\nzał.1 Pismo do gmin - rozwój pomocy społecznej w roku 2021\r\nzał.2 pismo do gmin woj. małopolskiego\r\nzał.3 Pismo przekazujące rekomendacje ws. placówek pobytu dziennego\r\nzał.4 Pismo w sprawie podziału dotacji dla OPS na rok 2021\r\nzał.5 Procedura powiadamiania koronera - aktualizacja\r\nzał.6 zawiadomienie gminy\r\nzał.7 informacja dla jst w sprawie planowanego wydania polecenia',1419,1156,1,7,NULL),(9483,'2020-11-16 12:58:08.670875','2020-11-19 08:20:18.732786','S','2020-11-17','547_AZ_SOWP_2020_ePUAP','547_AZ_SOWP_2020_ePUAP_Ministerstwo_Spraw_Wewnętrznych_i_Administracji_pisma_wysłane_do_UG_Czarny_Dunajec_-_doprecyzowanie_epuap17.11.2020.pdf',3,'doprecyzowanie, że chodzi nam o wszystkie pisma do wojewody',1418,14,1,80,NULL),(9486,'2020-11-17 10:38:42.226711','2020-11-23 13:15:32.538380','S','2020-11-16','','Kancelaria_Sejmu_emerytury_Straży_Marszałkowskiej_-_wniosek_o_inf._publiczną_epuap16.11.2020.pdf',0,'',1445,550,1,18,NULL),(9487,'2020-11-17 10:59:30.108558','2021-01-08 13:20:36.847754','R','2020-11-17','L.dz.3472.RP.11.2020.AD','L.dz.3472.RP.11.2020.AD_MIEJSKI_ZAKŁAD_GOSPODARKI_KOMUNALNEJ_I_MIESZKANIOWEJ_w_Ciechanowie_portal_społecznościowy_-_odp._na_wniosek_epuap17.11.2020.pdf',1,'wnioskowane informacje nie stanowią informacji publicznej,',1427,1152,1,37,NULL),(9516,'2020-11-18 19:16:31.287729','2020-11-18 19:27:43.486116','S','2020-11-17','','Prokuratura_Okręgowa_Warszawa_Praga_Pólnoc_ostatnia_rozmowa_Kaczyńskich_z_dnia_10.04.2010_-_wniosek_ePUAP.pdf',3,'złożony raz jeszcze do odpowiedniej prokuratury',1425,1177,1,18,NULL),(9517,'2020-11-18 19:18:48.344683','2020-11-18 19:27:43.488242','S','2020-11-17','','Prokuratura_Okręgowa_w_Warszawie_ostatnia_rozmowa_Kaczyńskich_z_dnia_10.04.2010_-_wycofanie_skargi.pdf',2,'wycofanie wniosku',1425,137,1,316,NULL),(9518,'2020-11-18 19:27:43.384225','2020-11-18 19:27:43.384225','R','2020-11-17','PO V Ip 157.2020','PO_V_Ip_157.2020_Prokuratura_Okręgowa_w_Warszawie_ostatnia_rozmowa_Kaczyńskich_z_dnia_10.04.2010_-_nie_mają_takiego_postępowania_17.11.20_ePUAP.pdf',4,'nie posiadają takiego postępowania',1425,137,1,7,NULL),(9519,'2020-11-19 08:03:33.449320','2020-11-19 08:03:33.449320','R','2020-11-19','G-5003_4735_20','G-5003_4735_20_Komenda_Stołeczna_Policji_-_odp._na_wniosek_przedłużenie_terminu_celem_wydania_decyzji_odmownej_epuap19.11.2020.pdf',1,'odp. na wniosek, przedłużenie terminu do 03.01.2021 celem wydania decyzji odmownej epuap19.11.2020',1428,1162,1,253,NULL),(9521,'2020-11-19 08:52:11.332763','2021-03-19 06:54:49.271799','R','2020-11-19','DKO-WNP.0191.6.2020.DB','DKO-WNP.0191.6.2020.DB_Ministerstwo_Edukacji_Narodowej_protest_kobiet_zdalna_szkoła_i_wypadnięcie_z_systemu_szkolnego_-_odp._na_wniosek_epuap19.11.2020.pdf',1,'odpowiedź nie na temat',1424,2,1,7,NULL),(9522,'2020-11-19 10:36:03.768478','2020-12-29 15:46:10.692370','S','2020-11-18','551_SO_SOWP_2020_SOKBT','551_SO_SOWP_2020_SOKBT_Telewizja_Polska_TVP_szkoła_z_TVP_-_umowy_koszty_program_18.11.20_PP.pdf',5,'dot. decyzji w zakresie budżetu',1409,168,2,16,NULL),(9527,'2020-11-19 12:26:23.661208','2020-12-02 09:24:25.742206','S','2020-11-19','','KANCELARIA_PREZESA_RADY_MINISTRÓW_umowa_z_PL.2012_na_Szpital_Narodowy_-_wniosek_o_inf._publiczną_epuap19.11.2020.pdf',0,'',1448,498,1,18,NULL),(9528,'2020-11-19 12:28:40.411047','2020-12-02 09:24:29.323301','S','2020-11-19','','KANCELARIA_PREZESA_RADY_MINISTRÓW_wyposażenie_i_personel_Szpitala_Narodowego_-_wniosek_o_inf._publiczną_epuap19.11.2020.pdf',0,'',1449,498,1,18,NULL),(9529,'2020-11-19 12:50:47.279093','2020-12-03 11:14:28.106483','S','2020-11-19','','Komenda_Główna_Policji_protesty_w_Warszawie_-_wniosek_o_inf._publiczną_epuap19.11.2020.pdf',0,'',1450,716,1,18,NULL),(9530,'2020-11-19 12:52:32.878814','2020-12-02 08:45:22.901001','S','2020-11-19','','Komenda_Stołeczna_Policji_protesty_w_Warszawie_-_wniosek_o_inf._publiczną_epuap19.11.2020.pdf',0,'',1451,1162,1,18,NULL),(9531,'2020-11-19 12:54:23.385415','2020-11-30 13:31:34.303786','R','2020-11-19','','MINISTERSTWO_EDUKACJI_NARODOWEJ_tłumaczenie_encyklopedii_filozofii_KUL_-_wniosek_o_inf._publiczną_epuap19.11.2020.pdf',0,'',1452,2,1,18,NULL),(9539,'2020-11-20 09:01:24.963920','2020-11-20 09:01:24.963920','R','2020-11-20','PO I Ko (o) 84.2020','PO_I_Ko_k_84.2020_UG_Bytoń_-_Prokuratura_Rejonowa_w_Radziejowie_udostępnienie_danych_Poczcie_Polskiej_-_przekazanie_zawiadomienie_do_PO_w_Warszawie.pdf',1,'przekazanie zawiadomienia do PO w Warszawie',1430,1050,2,316,NULL),(9543,'2020-11-20 12:52:08.586231','2020-12-03 11:14:17.336645','S','2020-11-19','','Komenda_Główna_Policji_wytyczne_dokumenty_polecenia_służbowe_podczas_protestów_w_Warszawie_-_wniosek_o_inf._publiczną_epuap19.11.2020.pdf',0,'',1453,716,1,18,NULL),(9544,'2020-11-20 12:54:40.672090','2020-12-02 08:31:24.204897','R','2020-11-19','','Komenda_Stołeczna_Policji_wytyczne_dokumenty_polecenia_służbowe_podczas_protestów_w_Warszawie_-_wniosek_o_inf._publiczną_epuap19.11.2020.pdf',0,'',1454,1162,1,18,NULL),(9551,'2020-11-23 13:07:04.336286','2020-12-28 11:25:38.153734','R','2020-11-23','','watch_dog_-_odpowiedz_ePUAP_23.11.2020.pdf',2,'nie znają spółki MZGKiM',1408,484,1,300,NULL),(9552,'2020-11-23 13:15:32.483120','2021-01-08 13:20:28.462693','R','2020-11-23','','Kancelaria_Sejmu_emerytury_Straży_Marszałkowskiej_-_odp._na_wniosek_-_nie_stanowi_IP_ePUAP_23.11.20.pdf',1,'wnioskowane informacje nie stanowią informacji publicznej,',1445,550,1,37,NULL),(9562,'2020-11-25 11:05:53.745373','2020-12-28 11:26:51.759233','S','2020-11-23','','UMiG_Chocianów_lekceważące_posty_na_fb_ws._sprawy_udip_-_wyjaśnienie_o_jaką_spółkę_chodzi_23.11.20_ePUAP.pdf',3,'wyjaśnienie o jaką spółkę chodzi',1408,484,1,316,NULL),(9563,'2020-11-25 11:11:48.520252','2021-01-08 13:36:31.088964','R','2020-11-25','po v ip 42.2020','po_v_ip_42.2020_ProkuraturaOkręgowa_Warszawa-Praga_ostatnia_rozmowa_Kaczyńskich_z_dnia_10.04.2010_-_odp..pdf',5,'nie są w posiadaniu tej informacji',1425,1177,1,7,NULL),(9566,'2020-11-25 13:26:12.944450','2020-11-25 13:26:12.944450','R','2020-11-25','PO IV Ko 568.2020','PO_IV_Ko_568.2020_UG_Bakałarzewo_-_Prokuratura_Rejonowa_w_Suwałkach_udostępnienie_danych_Poczcie_Polskiej_-_przekazanie_do_PR_w_Białystoku.pdf',1,'przekazanie do PR w Białymstoku',1431,855,2,316,NULL),(9572,'2020-11-25 14:25:15.285014','2020-12-02 11:56:52.675930','R','2020-11-30','DBI-WODO-0667-3-251_2020 (decyzja 18-IP_DBI_2020)','DBI-DODO-0667-3-251_2020_Ministerstwo_Spraw_Wewnętrznych_i_Administracji_ochrona_SOP_dla_Kurskiego_-_decyzja_odmowna_PT30.11.2020.pdf',1,'decyzja odebrana również przez ePUAP 25.11.2020',1442,14,1,22,NULL),(9576,'2020-11-25 15:11:10.411788','2021-01-05 08:54:43.139762','R','2020-12-02','DBI-WODO-0667-3-252_2020 decyzja 19-IP_DBI_2020','DBI-WODO-0667-3-252_2020_Ministerstwo_Spraw_Wewnętrznych_i_Administracji_ochrona_SOP_-_lista_osób_koszty_faktury_-_decyzja_odmowna.pdf',1,'odebrana również przez ePUAP 25.11.',1441,14,2,22,NULL),(9577,'2020-11-25 15:37:09.901476','2020-12-04 09:44:19.516199','S','2020-11-25','604_SD_SOWP_2020_SOKBT','604_SD_SOWP_2020_SOKBT_Telewizja_Polska_TVP_autor_pytań_na_debatę_prezydencką_z_17.06.2020_-_SND_25.11.20_PP.pdf',2,'',1413,168,2,16,NULL),(9598,'2020-11-30 12:48:29.478198','2020-11-30 12:48:29.478198','R','2020-11-27','','Ministerstwo_Spraw_Zagranicznych_kandydaci_procedura_wyłaniania_sędziów_do_ETPCz_-_odp._częściowa_na_wniosek.pdf',1,'biuro@',1443,15,3,253,NULL),(9599,'2020-11-30 13:31:34.257392','2020-11-30 13:31:55.938718','R','2020-11-30','DIP-WI.0191.24.2020.ŁT','Tłumaczenie_Encyklopedii_-_odp._MEN..pdf',1,'biuro@',1452,2,3,7,NULL),(9605,'2020-12-01 10:15:16.097100','2020-12-01 10:33:30.890623','R','2020-12-01','BM.I.054.6.2020','BM.I.054.6.2020_MINISTERSTWO_AKTYWÓW_PAŃSTWOWYCH_umowy_zawartej_między_MAP_a_KPMG_Advisory_Sp._z_o.o._Sp._k._-_odp._na_wniosek_epuap01.12.2020.pdf',2,'',1416,714,1,7,NULL),(9614,'2020-12-01 12:51:44.174282','2021-01-08 13:20:17.398305','R','2020-12-01','CIR.WOAIP.5503.703.2020.AK','CIR.WOAIP.5503.703.2020.AK_KPRM_Kancelaria_Prezesa_Rady_Ministrów_zamknięcie_cmentarzy_11.2020_-_odp._częściowa_epuap01.12.2020.DOCX',1,'wnioskowane informacje nie stanowią informacji publicznej - nie istnieje taka informacja',1426,498,1,37,NULL),(9615,'2020-12-01 13:05:08.290674','2020-12-01 14:36:03.498781','R','2020-12-01','CIR.WOAIP.5503.743.2020.AK','CIR.WOAIP.5503.743.2020.AK_Kancelaria_Prezesa_Rady_Ministrów_szczepionki_na_koronawirusa_Pfizer_i_BioNTech_-_odp._na_wniosek_epuap01.12.2020.DOCX',1,'nie są stroną, lepiej zapytać resort',1440,498,1,7,NULL),(9620,'2020-12-02 08:31:24.139158','2020-12-02 08:33:19.650412','R','2020-12-02','G-5227_5055_20','G-5227-5055-20_Komenda_Stołeczna_Policji_wytyczne_dokumenty_polecenia_służbowe_podczas_protestów_w_Warszawie_-_przedłużenie_terminu_w_celu_wydania_decyzji_epuap02.12.2020.pdf',1,'do 19.01.2021 w celu wydania decyzji',1454,716,1,28,NULL),(9621,'2020-12-02 08:45:22.846034','2020-12-02 08:45:22.846034','R','2020-12-02','G-5235_5049_20','G-5235_5049_20_Komenda_Stołeczna_Policji_protesty_w_Warszawie_-_przedłużenie_terminu_do_19.01.2021_epuap02.12.2020.pdf',1,'do 19.01.2021',1451,1162,1,239,NULL),(9622,'2020-12-02 09:24:25.685000','2020-12-02 09:24:25.685000','R','2020-12-02','CIR.WOAIP.5503.784.2020.AK','CIR.WOAIP.5503.784.2020.AK_KPRM_Szpital_Narodowy.DOCX',1,'PRZYSZŁA ODPOWIEDŹ do wniosku z 17.11.2020 - NIE JESTEM PEWNA DO KTÓREGO WNIOSKU.  nie są właściwym podmiotem w tej sprawie i nie posiadają wnioskowanych informacji',1448,498,1,7,NULL),(9623,'2020-12-02 09:24:29.276103','2020-12-02 09:24:29.276103','R','2020-12-02','CIR.WOAIP.5503.784.2020.AK','CIR.WOAIP.5503.784.2020.AK_KPRM_Szpital_Narodowy_s85BDBG.DOCX',1,'PRZYSZŁA ODPOWIEDŹ do wniosku z 17.11.2020 - NIE JESTEM PEWNA DO KTÓREGO WNIOSKU.  nie są właściwym podmiotem w tej sprawie i nie posiadają wnioskowanych informacji',1449,498,1,7,NULL),(9631,'2020-12-02 13:19:14.713530','2020-12-11 10:44:01.309254','S','2020-11-26','','Kancelaria_Prezesa_Rady_Ministrów_wynagrodzenia_podsekretarzy_2020_r._-_wniosek_o_informację.pdf',0,'',1457,498,1,18,NULL),(9632,'2020-12-02 13:21:16.500101','2020-12-03 10:57:45.563119','S','2020-11-26','','Komenda_Główna_Policji_pałki_teleskopowe_w_czasie_Strajku_Kobiet_18.11.20_-_wniosek_o_informację.pdf',0,'',1458,716,1,18,NULL),(9634,'2020-12-02 13:29:54.942678','2020-12-02 13:29:54.942678','S','2020-11-26','','Komenda_Stołeczna_Policji_pałki_teleskopowe_w_czasie_Strajku_Kobiet_18.11.20_-_wniosek_o_informację.pdf',0,'',1459,1162,1,18,NULL),(9635,'2020-12-02 13:32:17.612815','2020-12-02 13:32:17.612815','S','2020-11-26','','Ministerstwo_Kultury_Dziedzictwa_Narodowego_i_Sportu_Fundusz_Wsparcia_Kultury_-_wniosek_o_informację.pdf',0,'',1460,111,1,18,NULL),(9636,'2020-12-02 13:36:45.398805','2020-12-02 13:36:45.398805','S','2020-11-26','','Urząd_Marszałkowski_Województwa_Mazowieckiego_konkurs_na_dyrektora_Państwowego_Muzeum_Etnograficznego_w_Warszawie_-_wniosek_o_informację.pdf',0,'',1461,676,1,18,NULL),(9637,'2020-12-02 13:56:34.221830','2020-12-02 13:56:34.221830','S','2020-11-26','','URZĄD_MARSZAŁKOWSKI_WOJEWÓDZTWA_WARMIŃSKO-MAZURSKIEGO_wyniki_prac_zespołu_ds._dyskryminowania_mobbingu_oraz_naruszenia_postanowień_Kodeksu_Etycznego_-_wniosek_o_informację.pdf',0,'',1462,51,1,18,NULL),(9648,'2020-12-03 10:57:45.514179','2021-01-08 13:36:21.329430','R','2020-12-03','Kwo-1611_1515_20','Kwo-1611_1515_20_Komenda_Główna_Policji_pałki_teleskopowe_w_czasie_Strajku_Kobiet_18.11.20_-_odp._na_wniosek_epuap03.12.2020.pdf',1,'nie są w posiadaniu tej informacji, trzeba się zwrócić do komendy stołecznej',1458,716,1,7,NULL),(9649,'2020-12-03 11:14:17.276538','2020-12-03 11:14:17.276538','R','2020-12-03','Kwo-1611_1515_20','Kwo-1611_1515_20_Komenda_Główna_Policji_wytyczne_dokumenty_polecenia_służbowe_podczas_protestów_w_Warszawie_-_odp._na_wniosek_epuap03.12.2020.pdf',1,'',1453,716,1,7,NULL),(9650,'2020-12-03 11:14:28.057721','2020-12-03 11:14:28.057721','R','2020-12-03','Kwo-1611_1515_20','Kwo-1611_1515_20_Komenda_Główna_Policji_protesty_w_Warszawie_-_odp._na_wniosek_epuap03.12.2020.pdf',1,'',1450,716,1,7,NULL),(9655,'2020-12-04 09:27:15.884133','2020-12-04 09:28:17.435398','R','2020-12-03','PO IV 568.2020 (PR Ko 333.2020)','PO_IV_Ko_568.2020_PR_Ko_333.2020_UG_Bakałarzewo_-_Prokuratura_Rejonowa_w_Suwałkach_udostępnienie_danych_Poczcie_Polskiej_-_zwrócenie_akt_do_PR_w_Suwałkach.pdf',2,'zwrot akt do PR w Suwałkach',1431,908,2,316,NULL),(9659,'2020-12-04 13:16:44.622729','2020-12-04 13:16:44.622729','R','2020-12-04','SKO_41_IP-25_2018','SKO_41_IP-25_2018_SKO_w_Jeleniej_Górze_umowy_cywilnoprawne_z_2013r._-_postanowienie_o_odjęciu_zawieszonego_postępowania.pdf',0,'o podjęciu zawieszonego postępowania',1463,253,2,32,NULL),(9660,'2020-12-07 08:50:08.681386','2020-12-16 09:33:26.802460','S','2020-12-03','','Komenda_Wojewódzka_Policji_w_Katowicach_zbieranie_danych_o_demonstracjach_Strajku_Kobiet_-_wniosek_o_informację_epuap03.12.2020.pdf',0,'',1464,1183,1,18,NULL),(9661,'2020-12-07 09:00:44.241939','2020-12-16 09:37:50.394294','S','2020-12-03','','Uniwersytet_Gdański_plagiaty_-_wniosek_o_informację_epuap03.12.2020.pdf',0,'',1465,1184,1,18,NULL),(9662,'2020-12-07 09:09:36.644795','2021-02-24 13:39:19.527143','S','2020-12-03','','Katolicki_Uniwersytet_Lubelski_tłumaczenie_encyklopedii_filozofii_-_wniosek_o_podwyższenie_subsencji-_wniosek_o_informację.pdf',0,'',1466,1185,1,18,NULL),(9663,'2020-12-07 09:28:19.163699','2020-12-16 14:19:34.119379','S','2020-12-03','','MINISTERSTWO_EDUKACJI_NARODOWEJ_tłumaczenie_encyklopedii_filozofii_KUL_-_wniosek_o_inf._publiczną_epuap03.12.2020.pdf',0,'',1467,2,1,18,NULL),(9664,'2020-12-07 09:37:40.896927','2020-12-22 15:14:22.127406','S','2020-12-03','','Instytut_Teatralny_Fundusz_Wsparcia_Kultury_-_wniosek_o_informację_epuap03.12.2020.pdf',0,'',1468,1186,1,18,NULL),(9665,'2020-12-07 09:49:10.530927','2020-12-10 10:32:41.978316','S','2020-12-03','','Instytut_Muzyki_i_Tańca_Fundusz_Wsparcia_Kultury_-_wniosek_o_informację_epuap03.12.2020.pdf',0,'',1469,1187,1,18,NULL),(9674,'2020-12-08 08:08:20.389333','2020-12-17 11:49:34.172326','S','2020-12-07','(TVP_BZ-RS_027-25_2020)','Telewizja_Polska_TVP_porozumienie_z_Episkopatem_ws.__audycji_-_Skarga_na_decyzję__mec.2020.12.07.docx',2,'mec. Kuczyński złożył, pisał Damian A.',1410,168,5,16,NULL),(9678,'2020-12-08 11:13:55.150672','2020-12-08 11:13:55.150672','R','2015-05-11','SKO_41_IP-6_2015','01_Postanowienie_11.05.2015.pdf',1,'',1463,253,2,32,NULL),(9679,'2020-12-08 11:15:41.690387','2020-12-08 11:15:41.690387','S','2015-05-18','112_SO_SOWP_2015_SOKB','02_Zażalenie_18.05.2015.pdf',2,'',1463,253,2,51,NULL),(9680,'2020-12-08 11:16:32.892600','2020-12-08 11:16:32.892600','R','2015-06-18','SKO_41_IP-12_2015','03_Postanowienie_18.06.2015.pdf',3,'',1463,253,2,32,NULL),(9681,'2020-12-08 11:20:43.526635','2020-12-08 11:20:43.526635','S','2015-07-17','170_SO_SOWP_2015_SOKBT','04_Skarga_17.07.2015.pdf',4,'',1463,253,2,133,NULL),(9682,'2020-12-08 11:22:39.438263','2020-12-08 11:22:39.438263','R','2015-08-28','IV SA_Wr 538_15','05_IV_SA_Wr_538_15_Odp._na_skargę_28.08.2015.pdf',5,'',1463,212,2,54,NULL),(9683,'2020-12-08 11:26:40.347255','2021-01-04 11:51:16.870190','R','2015-11-16','IV SA_Wr 538_15','06_IV_SA_Wr_538_15_Wyrok_PRZEGRANA_16.11.2015.pdf',6,'skarga oddalona w całości',1463,212,2,36,NULL),(9684,'2020-12-08 11:33:24.346781','2020-12-08 11:33:24.346781','S','2015-11-16','279_AZ_SOWP_2015_SOKBT (IV SA_Wr 538_15)','07_IV_SA_Wr_538_15_Wniosek_o_uzasadnienie_wyroku_16.11.2015.pdf',7,'',1463,212,2,21,NULL),(9685,'2020-12-08 11:35:03.174871','2020-12-08 11:35:03.174871','R','2015-11-25','IV SA_Wr 538_15','08_IV_SA_Wr_538_15_Opłata_25.11.2015.pdf',8,'',1463,212,2,11,NULL),(9686,'2020-12-08 11:36:08.790079','2020-12-08 11:36:08.790079','R','2016-01-08','IV SA_Wr 538_15','09_IV_SA_Wr_538_15_Wyrok_PRZEGRANA_08.01.2016.pdf',9,'skarga oddalona w całości',1463,212,2,12,NULL),(9696,'2020-12-09 09:58:06.885154','2020-12-14 09:10:11.020947','S','2020-12-11','623_KP_SOWP_2020_ePUAP','623_KP_SOWP_2020_ePUAP_Ministerstwo_Zdrowia_raport_zespołu_o_przygotowaniu_ws._epidemii_na_jesień_2020_r._-_skarga_na_bezczynność_ZPN.051.128.2020.KM.pdf',2,'',1421,18,1,1,NULL),(9702,'2020-12-09 12:21:49.662006','2020-12-16 14:00:00.942192','S','2020-12-09','625_SD_SOWP_2020_SOKBT','SSOWP_KM20120913580.pdf',0,'DODAĆ POTWIERDZENIE NADANIA',1470,159,2,18,NULL),(9703,'2020-12-09 12:26:27.159741','2020-12-09 12:26:27.159741','R','2020-12-08','Pr 2 Ds. 1245.2020','Pr_2_Ds._1245.2020_UMiG_Otmuchów_-_Prokuratura_Rejonowa_w_Nysie_przekazanie_danych_Poczcie_Polskiej_-_odmowa_wszczęcie_śledztwa.pdf',1,'',1420,1158,2,308,NULL),(9704,'2020-12-09 12:36:47.740591','2021-02-15 10:23:21.965604','S','2020-12-09','626_AK_SOWP_2020_ePUAP','626_AK_SOWP_2020_ePUAP_UG_Małkinia_Górna_-_Prokuratura_Rejonowa_w_Ostrowi_Mazowieckiej_udostępnienie_danych_Poczcie_Polsk_-_zawiadomienie_złe_dane_zarządu.pdf',0,'podaliśmy dane Szymona, a podpisała Marzena\r\n\r\nZawiadomienia z danymi, NIE UDOSTEPNIAĆ.',1471,934,1,354,NULL),(9707,'2020-12-09 13:45:22.027172','2020-12-22 13:59:30.539225','S','2020-12-09','','MIASTO_STOŁECZNE_WARSZAWA_ilość_wynagrodzenie_kapelanów_w_szpitalach_miejskich_-_wniosek_o_inf._publiczną__epuap09.12.2020.pdf',0,'',1472,636,1,18,NULL),(9708,'2020-12-09 13:55:03.149730','2020-12-22 11:36:52.053160','S','2020-12-09','','Prokuratura_Regionalna_w_Poznaniu_zespół_do_ścigania_Giertycha_-_wniosek_o_inf._publiczną_epuap09.12.2020.pdf',0,'',1473,1189,1,18,NULL),(9709,'2020-12-09 13:57:48.900887','2020-12-29 11:27:12.367216','S','2020-12-09','','KANCELARIA_PREZESA_RADY_MINISTRÓW_transport_maseczek_KGHM_-_wniosek_o_inf._publiczną_epuap09.12.2020.pdf',0,'',1474,498,1,18,NULL),(9710,'2020-12-09 14:01:56.878052','2021-04-20 05:21:43.483760','R','2020-12-09','','Minister_Rodziny_i_Polityki_Społecznej_raporty_dot._demografii_-_wniosek_o_inf._publiczną_epuap09.12.2020.pdf',1,'',1475,169,1,18,NULL),(9716,'2020-12-10 09:04:03.226992','2020-12-10 11:59:25.721844','S','2020-12-09','625_SD_SOWP_2020_SOKBT','625_SD_SOWP_2020_SOKBT_PKN_Orlen_przejęcie_mediów_przez_Orlen_-_wniosek_o_inf._publiczną_9.12PP.pdf',0,'',1476,159,2,18,NULL),(9717,'2020-12-10 09:11:38.312862','2020-12-10 09:11:38.312862','R','2020-12-09','PO V IP 157.2020','PO_V_IP_157.2020_Prokuratura_Okręgowa_w_Wawie___Okręgowa_Warszawa-Prag_ostatnia_rozmowa_Kaczyńskich_z_dnia_10.04.2010_-_decyzja_umarzająca.pdf',6,'',1425,137,2,193,NULL),(9721,'2020-12-10 10:11:11.754653','2020-12-10 10:11:11.754653','S','2020-12-10','(PR 2 Ds 1245.2020)','UMiG_Otmuchów_-_Prokuratura_Rejonowa_w_Nysie_przekazanie_danych_Poczcie_Polskiej_-_Zażalenie_mec.2020.12.10.docx',2,'',1420,1158,5,51,NULL),(9722,'2020-12-10 10:32:41.916117','2020-12-10 10:32:41.916117','R','2020-12-08','','20201204_IMiT_wezwanie_udip_7.12_podpisane.pdf',1,'nie są w stanie zweryfikować, kto się podpisał pod wnioskiem, więc proszą o złożenie wniosku raz jeszcze',1469,1187,1,2,NULL),(9733,'2020-12-10 13:41:42.654505','2020-12-10 13:41:42.654505','R','2020-12-10','G-5438_5177_20','G-5438_5177_20_Komenda_Stołeczna_Policji_pałki_teleskopowe_w_czasie_Strajku_Kobiet_18.11.20_-_przedłużenie_terminu_do_26.01.2020_celem_wydania_decyzji_epuap10.12.2020.pdf',1,'do 26.01.2021 celem wydania decyzji',1459,1162,1,28,NULL),(9734,'2020-12-10 14:00:21.729163','2020-12-10 14:00:21.729163','R','2020-12-10','O-II.1431.36.2020','O-II.1431.36.2020_Urząd_Marsz._Woj._War-Maz_wyniki_prac_zespołu_ds._dyskryminow_mobbingu_naruszenia_postanowień_KE_-_odp._na_wniosek_epuap10.12.2020.pdf',1,'',1462,51,1,253,NULL),(9742,'2020-12-11 09:28:54.445703','2020-12-11 09:28:54.445703','R','2020-12-11','CI.0111.374.2020.IJ','CI.0111.374.2020.IJ_Ministerstwo_Kultury_Dziedzictwa_Narodowego_i_Sportu_Fundusz_Wsparcia_Kultury_-_przedłużenie_terminu_epuap11.12.2020.pdf',1,'do 30.12.2020',1460,111,1,239,NULL),(9743,'2020-12-11 09:41:39.332711','2020-12-11 09:41:39.332711','R','2020-12-11','OR-KP-V.1431.1.2020.EJ','OR-KP-V.1431.1.2020.EJ_Urząd_Marszałkowski_Woj._Mazowieckiego_konkurs_na_dyrektora_Państwowego_Muzeum_Etnograficzne_w_War_-_odp._na_wniosek_pismo_przewodnie_epuap11.12.2020.pdf',1,'pismo przewodnie',1461,676,1,7,NULL),(9744,'2020-12-11 09:44:59.258069','2020-12-11 09:46:01.070243','R','2020-12-11','OR-KP-V.1431.1.2020.EJ','Urząd_Marszałkowski_Województwa_Mazowieckiego_-_odp._na_wniosek_załączniki.zip',2,'załączniki',1461,676,1,7,NULL),(9745,'2020-12-11 10:10:59.507527','2020-12-11 10:21:45.199505','S','2020-12-10','','Szpital_Wolski_w_Warszawie_wynagrodzenie_kapelanów_-_wniosek_o_inf._publiczną.pdf',0,'',1479,1193,1,18,NULL),(9746,'2020-12-11 10:15:35.254617','2020-12-11 10:21:36.145912','S','2020-12-10','','SZPITAL_SPECJALISTYCZNY_IM.ŚWIĘTEJ_RODZINY_Madalińskiego_wynagrodzenie_kapelanów_-_wniosek_o_inf._publiczną.pdf',0,'',1480,1194,1,18,NULL),(9747,'2020-12-11 10:20:53.111965','2020-12-21 12:32:38.297360','S','2020-12-10','','Szpital_Bielański_wynagrodzenie_kapelanów_-_wniosek_o_inf._publiczną.pdf',0,'',1481,1195,1,18,NULL),(9748,'2020-12-11 10:44:01.237762','2020-12-11 10:44:01.237762','R','2020-12-11','CIR.WOAIP.5503.824.2020.AK','CIR.WOAIP.5503.824.2020.AK_Kancelaria_Prezesa_Rady_Ministrów_wynagrodzenia_podsekretarzy_2020_r._-_odp._na_wniosek_epuap11.12.2020.DOCX',1,'',1457,498,1,253,NULL),(9756,'2020-12-11 13:58:44.055588','2021-01-08 09:05:59.026305','R','2020-12-11','NPK.0172.12.2020','NPK.0172.12.2020_Nadleśnictwo_Elbląg_Konsultacje_społeczne_w_Nadleśnictwach_-_Fedrowanie_-_decyzja_odmowna.pdf',5,'DECYZJA Nr 1/2020',1482,1196,2,22,NULL),(9759,'2020-12-16 09:33:26.745320','2020-12-16 09:33:26.745320','R','2020-12-14','GK-062-169_2519_2020','GK-062-169_2519_2020_Komenda_Wojewódzka_Policji_w_Katowicach_zbieranie_danych_o_demonstracjach_Strajku_Kobiet_-_odp._na_wniosek_ePUAP_14.12.2020.pdf',1,'',1464,1183,1,7,NULL),(9760,'2020-12-16 09:37:50.323065','2020-12-16 09:37:50.323065','R','2020-12-14','','Uniwersytet_Gdański_plagiaty_-_decyzja_odmowna_14.12.20_ePUAP.pdf',1,'wysłano bez zwrotnego potwierdzenia odbioru',1465,1184,1,22,NULL),(9767,'2020-12-16 13:56:42.351797','2020-12-18 10:56:47.911018','S','2020-12-16','626_AK_SOWP_2020_ePUAP','626_AK_SOWP_2020_ePUAP_UG_Małkinia_Górna_-_Prokuratura_Rejonowa_w_Ostrowi_Mazowieckiej_udostępnienie_danych_Poczcie_Polsk_-_dopisanie_danych_członkini_zarządu.pdf',1,'wyjaśnienie pomyłki w zawiadomieniu, podanie danych Marzeny',1471,934,1,316,NULL),(9769,'2020-12-16 14:12:54.920308','2020-12-16 14:12:54.920308','R','2020-12-16','CI.0111.374.2020.IJ','Ministerstwo_Kultury_Dziedzictwa_Narodowego_i_Sportu_Fundusz_Wsparcia_Kultury_-_odp._na_wniosek.pdf',2,'w większości nie dysponują informacjami',1460,111,1,7,NULL),(9770,'2020-12-16 14:19:34.066108','2020-12-16 14:19:34.066108','R','2020-12-16','BM.WKN.013.219.2020.KKF','MINISTERSTWO_EDUKACJI_NARODOWEJ_tłumaczenie_encyklopedii_filozofii_KUL_-_odp._na_wniosek.pdf',1,'',1467,120,1,7,NULL),(9771,'2020-12-16 14:24:12.141890','2020-12-16 14:24:12.141890','R','2020-12-16','','Szpital_Wolski_w_Warszawie_wynagrodzenie_kapelanów_-_odpowiedź_wymijająca.pdf',1,'wysokość wynagrodzenia jest zgodna z regulaminem',1479,1193,1,253,NULL),(9777,'2020-12-17 10:57:57.876320','2020-12-22 08:59:22.763670','R','2020-12-14','SA.0172.1.2020.MWe','Nadleśnictwo_Giżycko_Konsultacje_społeczne_w_Nadleśnictwach_-_Fedrowanie_-_decyzja_odmowna_14.12.20_PT.pdf',0,'',1482,1198,2,22,NULL),(9778,'2020-12-17 10:59:58.645183','2021-01-08 09:05:59.019804','R','2020-12-14','ZL.0172.16.2020','Nadleśnictwo_Gdańsk_Konsultacje_społeczne_w_Nadleśnictwach_-_Fedrowanie_-_decyzja_odmowna_14.12.20_PT.pdf',2,'',1482,1199,2,22,NULL),(9779,'2020-12-17 11:01:27.587017','2021-01-08 09:05:59.023176','R','2020-12-14','ZG.0172.1.2020','Nadleśnictwo_Kolbudy_Konsultacje_społeczne_w_Nadleśnictwach_-_Fedrowanie_-_decyzja_odmowna_14.12.20_PT.pdf',3,'',1482,1200,2,22,NULL),(9780,'2020-12-17 11:04:16.730654','2021-01-08 09:05:59.024801','R','2020-12-14','ZG.0172.6.2020.LK','Nadleśnictwo_Strzebielino_Konsultacje_społeczne_w_Nadleśnictwach_-_Fedrowanie_-_decyzja_odmowna_14.12.20_PT.pdf',4,'',1482,1201,2,22,NULL),(9785,'2020-12-17 13:35:52.454522','2020-12-18 12:53:43.460927','S','2020-12-17','637_AMAC_SOWP_2020_SOKBT','Polski_Związek_Motorowy_BIP_umowa_-_wniosek_o_informację_17.12.20_PT.pdf',0,'wysyłała Kasia B. - DODAĆ POTWIERDZENIE',1488,1203,2,18,NULL),(9786,'2020-12-18 09:16:23.607299','2020-12-18 09:16:23.607299','S','2020-12-17','','Ekstraliga_żużlowa_BIP_statut_umowa_ze_związkiem_-_wniosek_o_informację_17.12.20_email.pdf',0,'',1489,1204,3,18,NULL),(9787,'2020-12-18 09:18:27.504144','2020-12-18 09:18:27.504144','S','2020-12-17','','Ministerstwo_Sportu_liga_żużlowa_-_kontrole_umowy_-_wniosek_o_informację.pdf',0,'',1490,720,1,18,NULL),(9788,'2020-12-18 12:08:17.609900','2020-12-18 12:44:38.204462','R','2020-12-17','ROP-0016-150/20','Katolicki_Uniwersytet_Lubelski_tłumaczenie_encyklopedii_filozofii_-_wniosek_o_podwyższenie_subsencji-_wezwanie_do_doprecyzowania_wniosku_17.12.20_ePUAP_ok.pdf',1,'do doprecyzowania wniosku',1466,1185,1,2,NULL),(9789,'2020-12-18 12:14:55.452840','2020-12-18 12:14:55.452840','R','2020-12-17','3850_2020_PRW','SZPITAL_SPECJALISTYCZNY_IM.ŚWIĘTEJ_RODZINY_Madalińskiego_wynagrodzenie_kapelanów_-_odp._na_wniosek_17.12.20_ePUAP.pdf',1,'podali przedział od 4 do 6 tys. zł',1480,1194,1,7,NULL),(9790,'2020-12-18 12:23:13.295135','2020-12-18 12:50:16.988572','R','2020-12-17','G-5626_5049_20','Komenda_Stołeczna_Policji_wytyczne_dokumenty_polecenia_służbowe_podczas_protestów_w_Warszawie_-_odp._częściowa_17.12.20_ePUAP.pdf',2,'',1451,1162,1,253,NULL),(9791,'2020-12-18 12:28:40.501467','2021-01-08 07:23:40.811105','R','2020-12-23','G-5627_4735_20','G-5627_4735_20_KOMENDA_STOŁECZNA_POLICJI_patrole_prezesa_PIS_-_decyzja_odmowna.pdf',2,'DECYZJA NR 7 \r\nwysłane też przez ePuap 17.12.2020  bez potwierdzenia odbioru\r\nnie złożyliśmy odwołania.',1428,1162,2,22,NULL),(9798,'2020-12-18 14:13:13.492436','2020-12-18 14:13:13.492436','R','2020-12-17','PR 1 Ds. 362.2020','PR_1_DS._362.2020_UG_Olszewo-Borki_-_Prokuratura_Rejonowa_w_Ostrołęce_udostępnienie_danych_Poczcie_Polskiej_-_odmowa_wszczęcia_śledztwa.pdf',1,'',1429,922,2,308,NULL),(9800,'2020-12-18 14:22:36.940464','2020-12-18 14:22:43.996993','R','2020-12-17','PO I Ds. 102.2020 PR Ko 111.2020','UG_Małkinia_Górna_-_Prokuratura_Rejonowa_w_Ostrowi_Mazowieckiej_udostępnienie_danych_Poczcie_Polsk_-_przekazanie_zawiadomienia_do_PO_w_Warszawie.pdf',2,'przekazanie do Prokuratury Okręgowej w Warszawie',1471,934,2,316,NULL),(9806,'2020-12-21 12:24:39.336354','2021-01-26 09:22:28.279782','S','2020-12-18','','Kancelaria_Prezesa_Rady_Ministrów_wprowadzenie_Narodowej_Kwarantanny_-_wniosek_o_informację_epuap18.12.2020.pdf',0,'',1491,498,1,18,NULL),(9807,'2020-12-21 12:28:07.326222','2020-12-21 12:28:07.326222','S','2020-12-18','','Katolicki_Uniwersytet_Lubelski_tłumaczenie_encyklopedii_filozofii_-_wniosek_o_podwyższenie_subsencji_-_doprecyzowanie_wniosku_epuap18.12.2020.pdf',2,'doprecyzowanie wniosku',1466,1185,1,41,NULL),(9808,'2020-12-21 12:30:05.049004','2021-01-07 09:19:08.036359','S','2020-12-19','','Ministerstwo_Zdrowia_wprowadzenie_Narodowej_Kwarantanny_-_wniosek_o_informację_epuap19.12.2020.pdf',0,'',1492,18,1,18,NULL),(9809,'2020-12-21 12:32:38.242371','2020-12-21 12:32:38.242371','R','2020-12-21','','Szpital_Bielański_wynagrodzenie_kapelanów_-_odp._na_wniosek_epuap21.12.2020.pdf',1,'',1481,1195,1,7,NULL),(9813,'2020-12-22 09:11:05.375188','2021-01-08 09:05:58.977051','R','2020-12-21','ZG.0172.9.2020','Nadleśnictwo_Kołaczyce_Konsultacje_społeczne_w_Nadleśnictwach_-_Fedrowanie_-_decyzja_N0210.1.5_2020_21.12.20_PT_1.pdf',6,'wyjęte ze skrzynki, bez potwierdzenia odbioru',1482,1206,2,22,NULL),(9814,'2020-12-22 09:12:29.934133','2021-01-07 11:53:42.613978','S','2020-12-21','','KRAJOWE_BIURO_WYBORCZE_wnioski_o_kompensaty_za_wybory_-_wniosek_o_inf.publiczną_epuap21.12.2020.pdf',0,'',1493,1207,1,18,NULL),(9815,'2020-12-22 09:18:28.650184','2020-12-29 13:05:50.984012','S','2020-12-21','','POWIATOWA_STACJA_SANITARNO-EPIDEMIOLOGICZNA_W_M.ST._WARSZAWIE_kary_sanepidu_za_udział_w_protestach_-_wniosek_o_inf._publiczną_epuap21.12.2020.pdf',0,'',1494,1208,1,18,NULL),(9817,'2020-12-22 10:06:09.426390','2021-01-08 09:05:59.008095','R','2020-12-17','ZG.0172.35.2020','Nadleśnictwo_Białowieża_Konsultacje_społeczne_w_Nadleśnictwach_-_Fedrowanie_-_decyzja_2_2020_17.12.20_PT.pdf',7,'DECYZJA 2/2020',1482,235,2,22,NULL),(9818,'2020-12-22 10:12:08.153730','2021-01-08 09:05:59.010867','R','2020-12-17','ZG.0172.6.2020','Nadleśnictwo_Browsk_Konsultacje_społeczne_w_Nadleśnictwach_-_Fedrowanie_-_decyzja_1_2020_17.12.20_PT.pdf',8,'DECYZJA Nr 1/2020',1482,1209,2,22,NULL),(9819,'2020-12-22 10:13:59.808836','2021-01-08 09:05:59.013634','R','2020-12-17','ZG3.0172.11.2020','Nadleśnictwo_Kędzierzyn_Konsultacje_społeczne_w_Nadleśnictwach_-_Fedrowanie_-_decyzja_8_2020_17.12.20_PT.pdf',9,'DECYZJA Nr 8/2020',1482,1210,2,22,NULL),(9820,'2020-12-22 10:18:11.930175','2021-01-08 09:05:59.016121','R','2020-12-17','ZG.0172.16.2020','Nadleśnictwo_Olecko_Konsultacje_społeczne_w_Nadleśnictwach_-_Fedrowanie_-_decyzja_1_2020_17.12.20_PT.pdf',10,'DECYZJA Nr 1/2020',1482,1211,2,22,NULL),(9821,'2020-12-22 10:31:19.702404','2021-01-08 09:05:59.017888','R','2020-12-17','ZG1.0172.13.2020.sd','Nadleśnictwo_Suchedniów__Konsultacje_społeczne_w_Nadleśnictwach_-_Fedrowanie_-_decyzja_43_2020_17.12.20_PT.pdf',11,'DECYZJA Nr 43/2020',1482,1212,2,22,NULL),(9822,'2020-12-22 10:47:58.669273','2021-01-08 09:05:59.000414','R','2020-12-18','N.0172.01.2020','Nadleśnictwo_Jugów_Konsultacje_społeczne_w_Nadleśnictwach_-_Fedrowanie_-_decyzja_1_2020_18.12.20_PT.pdf',12,'DECYZJA Nr 01/2020',1482,1213,2,22,NULL),(9823,'2020-12-22 10:47:58.670182','2021-01-08 09:05:59.002320','R','2020-12-18','ZG.0210.41.2020','Nadleśnictwo_Piaski_Konsultacje_społeczne_w_Nadleśnictwach_-_Fedrowanie_-_decyzja_36_2020_18.12.20_PT.pdf',13,'DECYZJA Nr 36/2020',1482,1214,2,22,NULL),(9824,'2020-12-22 10:47:58.671109','2021-01-08 09:05:59.003985','R','2020-12-18','ZG.0172.6.2020','Nadleśnictwo_Strzelce_Opolskie_Konsultacje_społeczne_w_Nadleśnictwach_-_Fedrowanie_-_decyzja_1_2020_18.12.20_PT.pdf',14,'DECYZJA Nr 1/2020',1482,1215,2,22,NULL),(9826,'2020-12-22 11:36:52.004763','2020-12-22 11:39:53.246631','R','2020-12-21','RP III 34.2020','RP_III_Ip_34.2020_Prokuratura_Regionalna_w_Poznaniu_zespół_do_ścigania_Giertycha_-_odp._na_wniosek_PT21.12.2020.pdf',1,'ZARZĄDZENIE Nr 130/20',1473,1189,2,7,NULL),(9828,'2020-12-22 12:34:20.579807','2020-12-30 08:42:53.567426','S','2020-12-21','','Poczta_Polska_wnioski_o_kompensaty_za_wybory_-_wniosek_o_informację_publiczną_mail21.12.2020.pdf',0,'',1495,151,3,18,NULL),(9829,'2020-12-22 12:39:24.939491','2021-01-04 12:43:38.617627','R','2020-12-21','','Polska_Wytwórnia_Papierów_Wartościowych_wnioski_o_kompensaty_za_wybory_-_wniosek_o_informację_publiczną__mail21.12.2020.pdf',0,'',1496,155,3,18,NULL),(9831,'2020-12-22 13:59:30.481780','2020-12-22 13:59:30.481780','R','2020-12-21','PZ-I-A.1431.21.2020.AKO','MIASTO_STOŁECZNE_WARSZAWA_ilość_wynagrodzenie_kapelanów_w_szpitalach_miejskich_-_odp._na_wniosek_21.12.20_email.pdf',1,'',1472,337,3,7,NULL),(9832,'2020-12-22 14:02:55.563865','2020-12-30 08:47:23.539660','R','2020-12-22','D-II-2100/20/JW','UG_Kamień_-_Prokuratura_Rejonowa_w_Rzeszowie_udostępnienie_danych_Poczcie_Polskiej_-_przesłuchanie_31.12.2020_12.45.pdf',1,'biuro@ - ul. Malczewskiego 3/5/7 pok. 7 w dniu 31 grudnia 2020 roku o godz. 12:45.\r\nProwadzący czynności asp. szt. Andrzej Stefański, tel. 47 72 311 07',1435,250,3,336,NULL),(9833,'2020-12-22 15:06:14.915159','2020-12-22 15:06:14.915159','S','2020-12-22','','Instytut_Muzyki_i_Tańca_Fundusz_Wsparcia_Kultury_-_odp._ws._wezwania_do_podpisania_wniosku_-_22.12.20_ePUAP.pdf',2,'wysłałam im screeny, gdzie widać, kto podpisał wniosek',1469,1187,1,41,NULL),(9834,'2020-12-22 15:14:22.047351','2020-12-22 15:14:22.047351','R','2020-12-18','IT_1674_2020_W','Wezwanie_do_Stowarzyszenia_Sieć_Obywatelska_Watchdog_Polska.pdf',1,'nie widzą, kto podpisał wniosek, więc wzywają do podpisania go raz jeszcze. Biuro@',1468,1186,3,94,NULL),(9835,'2020-12-22 15:14:22.049021','2020-12-22 15:14:38.462009','S','2020-12-22','','Instytut_Teatralny_Fundusz_Wsparcia_Kultury_-_odp._na_wezwanie_22.12.20.pdf',2,'odpisałam, gdzie widać na ePUAPie, kto podpisał pismo. biuro@',1468,1186,3,41,NULL),(9836,'2020-12-28 08:52:13.015263','2020-12-28 08:52:13.015263','R','2020-12-27','','Ministerstwo_Spraw_Wewnętrznych_i_Administracji_ochrona_SOP_dla_Kurskiego-_Skarga_na_decyzję_mec.2020.12.27.docx',2,'dot. DBI-WODO-0667-3-252_2020',1442,14,5,16,NULL),(9838,'2020-12-28 09:18:12.142622','2020-12-28 09:18:12.142622','S','2020-12-11','','Stadion_Narodowy_w_Warszawie_Szpital_Narodowy_-_wniosek_o_informację_publiczną_mail11.12.2020.pdf',0,'',1497,634,3,18,NULL),(9839,'2020-12-28 09:19:36.720285','2020-12-28 09:19:36.720285','R','2020-12-23','CEO_593_2020','CEO_593_2020_Stadion_Narodowy_w_Warszawie_Szpital_Narodowy_-_odp._na_wniosek.pdf',1,'nie posiadają wnioskowanych informacji',1497,634,2,7,NULL),(9842,'2020-12-28 10:55:02.407140','2020-12-28 10:55:02.407140','R','2020-12-28','','UMiG_Chocianów_lekceważące_posty_na_fb_ws._sprawy_udip_-_odp._na_wniosek_epuap28.12.2020.doc',4,'podtrzymanie poprzedniej odpowiedzi',1408,484,1,300,NULL),(9843,'2020-12-28 11:36:20.024920','2021-04-12 05:38:47.751302','R','2020-12-28','BPU.0605.298.2020','BPU.0605.298.2020_Kancelaria_Prezydenta_RP_doradcy_społeczni_-_odp._na_wniosek_epuap28.12.2020.pdf',2,'',1434,94,1,253,NULL),(9844,'2020-12-28 11:57:17.377302','2020-12-28 12:01:00.462627','S','2020-12-16','','Komenda_Główna_Policji_ochrona_domu_J._Kaczyńskiego_13.12.2020_r._-_wniosek_o_informację_epuap16.12.2020.pdf',0,'',1498,716,1,18,NULL),(9845,'2020-12-28 12:01:00.406264','2020-12-29 08:41:02.288434','R','2020-12-28','Kwo-1747_1728_20_JK','Kwo-1747_1728_20_JK_Komenda_Główna_Policji_ochrona_domu_J._Kaczyńskiego_13.12.2020_r._-_odp._na_wniosek_epuap28.12.2020.pdf',1,'powinniśmy pytać Komendę Stołeczną Policji',1498,719,1,7,NULL),(9846,'2020-12-29 09:06:53.871085','2021-01-08 09:05:58.980929','R','2020-12-21','ZG.0172.8.2020','ZG.0172.8.2020_Nadleśnictwo_Płońsk_Konsultacje_społeczne_w_Nadleśnictwach_-_Fedrowanie_-_decyzja_odmowna_PT21.12.2020.pdf',15,'DECYZJA Nr 19/2020',1482,1216,2,22,NULL),(9847,'2020-12-29 09:08:21.073627','2021-01-08 09:05:58.982975','R','2020-12-21','ZG.0172.28.2020','ZG.0172.28.2020_Nadleśnictwo_Przysucha_Konsultacje_społeczne_w_Nadleśnictwach_-_Fedrowanie_-_decyzja_odmowna_PT21.12.2020.pdf',16,'',1482,1217,2,22,NULL),(9848,'2020-12-29 09:09:57.740783','2021-01-08 09:05:58.984971','R','2020-12-21','ZG.6031.3.2020.SR','ZG.6031.3.2020.SR_Nadleśnictwo_Prudnik_Konsultacje_społeczne_w_Nadleśnictwach_-_Fedrowanie_-_decyzja_odmowna_PT21.12.2020.pdf',17,'DECYZJA Nr 19/2020',1482,1218,2,22,NULL),(9849,'2020-12-29 09:11:48.039594','2021-01-08 09:05:58.986807','R','2020-12-21','ZG.0172.7.2020','ZG.0172.7.2020_Nadleśnictwo_Gromnik_Konsultacje_społeczne_w_Nadleśnictwach_-_Fedrowanie_-_decyzja_odmowna_PT21.12.2020.pdf',18,'DECYZJA Nr 1/2020',1482,1219,2,22,NULL),(9850,'2020-12-29 09:13:47.666210','2021-01-08 09:05:58.990698','R','2020-12-21','Z.0172.1.2020','Z.0172.1.2020_Nadleśnictwo_Przymuszewo_Konsultacje_społeczne_w_Nadleśnictwach_-_Fedrowanie_-_decyzja_odmowna_PT21.12.2020.pdf',19,'DECYZJA Nr 3/2020',1482,1220,2,22,NULL),(9851,'2020-12-29 09:17:05.580669','2021-01-08 09:05:58.992480','R','2020-12-21','NN.0172.5.2020','NN.0172.5.2020_Nadleśnictwo_Lipka_Konsultacje_społeczne_w_Nadleśnictwach_-_Fedrowanie_-_decyzja_odmowna_PT21.12.2020.pdf',20,'DECYZJA Nr 1/2020',1482,1221,2,22,NULL),(9852,'2020-12-29 09:19:25.133579','2021-01-08 09:05:58.994054','R','2020-12-21','ZG.0152.18.2020.GA','ZG.0152.18.2020.GA_Nadleśnictwo_Augustów_Konsultacje_społeczne_w_Nadleśnictwach_-_Fedrowanie_-_decyzja_odmowna_PT21.12.2020.pdf',21,'DECYZJA Nr 8/2020',1482,1222,2,22,NULL),(9853,'2020-12-29 09:20:43.144028','2021-01-08 09:05:58.997216','R','2020-12-21','N.0210.93.2020','N.0210.93.2020_Nadleśnictwo_Turek_Konsultacje_społeczne_w_Nadleśnictwach_-_Fedrowanie_-_decyzja_odmowna_PT21.12.2020.pdf',22,'DECYZJA Nr 30/2020',1482,1223,2,22,NULL),(9854,'2020-12-29 09:22:23.111236','2021-01-08 09:05:58.998741','R','2020-12-21','SA.0172.21.2020.KG','SA.0172.21.2020.KG_Nadleśnictwo_Przechlewie_Konsultacje_społeczne_w_Nadleśnictwach_-_Fedrowanie_-_decyzja_odmowna_PT21.12.2020.pdf',23,'DECYZJA Nr 8',1482,1224,2,22,NULL),(9855,'2020-12-29 09:51:31.869577','2020-12-29 09:54:04.365267','S','2020-12-29','639_AZ_SOWP_2020_AZ','639_AZ_SOWP_2020_AZ_Muzeum_Śląska_Opolskiego_wynagrodzenie_pracowników_-_wezwanie_do_realizacji_wniosku.pdf',2,'wezwanie do realizacji wniosku',1439,1174,1,2,NULL),(9860,'2020-12-29 11:04:09.784530','2020-12-29 11:04:09.784530','S','2020-12-24','PR 1 Ds 362.2020','2020.12.24_-_Zażalenie_Olszewo_Borki.docx',2,'mec. Kuczyński',1429,1225,5,51,NULL),(9862,'2020-12-29 11:27:12.320958','2020-12-29 11:27:12.320958','R','2020-12-29','CIR.WOAIP.5503.863.2020.AK','MM_SO_WP_863-2020_Kancelaria_Prezesa_Rady_Ministrów_transport_maseczek_KGHM_-_nie_mają_wnioskowanych_inf_29.12.20_ePUAP.DOCX',1,'nie posiadają wnioskowanych informacji, lepiej spytać KGHM',1474,498,1,7,NULL),(9868,'2020-12-29 12:47:14.710761','2020-12-29 12:47:14.710761','S','2020-12-29','','Główny_Inspektorat_Ochrony_Środowiska_nielegalne_składowiska_odpadów_-_wniosek_o_informację.pdf',0,'',1499,1227,1,18,NULL),(9871,'2020-12-29 13:05:50.931704','2020-12-29 13:05:50.931704','R','2020-12-29','P.0152.00016.2020.KKA','POWIATOWA_STACJA_SANITARNO-EPIDEMIOLOGICZNA_W_M.ST._WARSZAWIE_kary_sanepidu_za_udział_w_protestach_-_odp._na_wniosek.docx',1,'',1494,1208,1,7,NULL),(9872,'2020-12-29 13:11:39.336921','2020-12-29 13:11:39.336921','R','2020-12-29','','Ministerstwo_Sportu_liga_żużlowa_-_kontrole_umowy_-_odp._na_wniosek__przedłużenie.pdf',1,'',1490,720,1,253,NULL),(9873,'2020-12-29 13:20:29.951335','2021-01-29 08:52:37.201802','R','2021-01-04','G-5809.20','G-5809_20_Komenda_Stołeczna_Policji_wytyczne_dokumenty_polecenia_służbowe_podczas_protestów_w_Warszawie_-_decyzja_odmowna_PT04.01.2021.pdf',2,'29.12.2020 przyszła przez ePUAP. AZ źle oznaczyła termin i nie złożyliśmy odwołania',1454,1162,1,22,NULL),(9880,'2020-12-29 14:49:20.707414','2020-12-29 14:49:20.707414','R','2020-12-28','PO I Ds. 102.2020 PR Ko 111.2020','UG_Małkinia_Górna_-_Prokuratura_Rejonowa_w_Ostrowi_Mazowieckiej_udostępnienie_danych_Poczcie_Polsk_-_dosłanie_kolejnego_pisma_28.12.2020_PT.pdf',3,'przekazanie naszego kolejnego pisma w sprawie',1471,934,2,316,NULL),(9890,'2020-12-29 15:54:09.758360','2020-12-29 15:54:09.758360','R','2020-12-29','TVP_BZ-RS_027-26_2020','TVP_BZ-RS_027-26_2020_Telewizja_Polska_TVP_szkoła_z_TVP_-_umowy_koszty_program_-_decyzja_odmowna.pdf',6,'dotyczy wskazania osób i dokumentów związanych z programem merytorycznym - przetworzona',1409,168,2,22,NULL),(9891,'2020-12-30 08:42:53.507132','2020-12-30 08:42:53.507132','R','2020-12-29','BKZB.DOIN.0271.144.2020','Poczta_Polska_wnioski_o_kompensaty_za_wybory_-_odp._częściowa_mail_30.12.20.pdf',1,'odp. na pyt. 1 - wnioskowali o rekompensatę, co do pyt. 2 muszą wydać decyzję (tajemnica przedsiębiorcy) i wezwali nas do podpisania wniosku',1495,151,3,253,NULL),(9896,'2020-12-30 16:27:33.304151','2020-12-30 16:31:17.570193','R','2020-12-30','DBI-WODO-0667-5-87/2020','Ministerstwo_Spraw_Wewnętrznych_i_Administracji_pisma_wysłane_do_UG_Czarny_Dunajec_-_odp._na_wniosek_ok.pdf',4,'',1418,14,1,7,NULL),(9897,'2020-12-30 18:27:30.693185','2020-12-30 18:27:30.693185','R','2020-12-16','','MINISTERSTWO_KULTURY_I_DZIEDZICTWA_NARODOWEGO_analizy_prawne_zw._z_przedłużeniem_odp.na_wn._dot._Funduszu_Wsparcia_Kultury_-_wniosek_o_inf..pdf',0,'',1500,111,1,18,NULL),(9898,'2020-12-30 18:27:30.694086','2021-01-08 13:19:54.849213','R','2020-12-29','CI.0111.404.2020.IJ','MINISTERSTWO_KULTURY_I_DZIEDZICTWA_NARODOWEGO_analizy_prawne_zw._z_przedłużeniem_odp.na_wn._dot._Funduszu_Wsparcia_Kultury_-_wniosek_o_inf._-_opinie_prawne_nie_stanowią_IP_29.12.20_ePUAP.pdf',1,'wnioskowane informacje nie stanowią informacji publicznej',1500,111,1,37,NULL),(9903,'2020-12-30 19:02:41.343671','2020-12-30 19:02:41.343671','S','2020-12-16','','MINISTERSTWO_KULTURY_I_DZIEDZICTWA_NARODOWEGO_Fundusz_Wsparcia_Kultury_-_powtórna_weryfikacja_wniosków_-_wniosek_o_informację.pdf',0,'',1501,111,1,18,NULL),(9904,'2020-12-30 19:02:41.344625','2020-12-30 19:02:41.344625','R','2020-12-30','CI.0111.403.2020.IJ','MINISTERSTWO_KULTURY_I_DZIEDZICTWA_NARODOWEGO_Fundusz_Wsparcia_Kultury_-_powtórna_weryfikacja_wniosków_-_odp._na_wniosek.pdf',1,'na większość pytań nie mają odpowiedzi',1501,111,1,7,NULL),(9924,'2020-12-31 10:12:36.455918','2020-12-31 10:12:36.455918','R','2020-12-31','BKZB.DOIN.0271.144.2020','BKZB.DOIN.0271.144.2020_Poczta_Polska_wnioski_o_kompensaty_za_wybory_-_wezwanie_do_podpisania_wniosku_31.12.20_PT.pdf',2,'',1495,151,2,94,NULL),(9937,'2020-12-31 11:26:08.902730','2021-02-19 13:14:23.844267','R','2020-12-31','','Muzeum_Śląska_Opolskiego_wynagrodzenie_pracowników__-_decyzja_i_częściowa_odpowiedź.pdf',3,'bez potwierdzenia odbioru',1439,1174,1,232,NULL),(9940,'2021-01-04 09:57:36.875847','2021-01-08 09:05:58.963444','R','2020-12-23','N.0172.102.2020','N.0172.102.2020_Nadleśnictwo_Korpele_Nadleśnictwa_zbiorczo_Konsultacje_społeczne_w_Nadleśnictwach_-_Fedrowanie_PT23.12.2020.pdf',24,'DECYZJA Nr 38/2020',1482,1228,2,22,NULL),(9941,'2021-01-04 09:59:09.334365','2021-01-08 09:05:58.965777','R','2020-12-23','N.0210.58.2020','N.0210.58.2020_Nadleśnictwo_Jedwabno_Nadleśnictwa_zbiorczo_Konsultacje_społeczne_w_Nadleśnictwach_-_Fedrowanie_PT23.12.2020.pdf',25,'DECYZJA Nr 27/2020',1482,1229,2,22,NULL),(9942,'2021-01-04 10:00:53.344623','2021-01-08 09:05:58.967752','R','2020-12-23','Z.0172.1.2020','Z.0172.1.2020_Nadleśnictwo_Jędrzejów_Nadleśnictwa_zbiorczo_Konsultacje_społeczne_w_Nadleśnictwach_-_Fedrowanie_PT23.12.2020.pdf',26,'DECYZJA Nr 38/2020',1482,1230,2,22,NULL),(9943,'2021-01-04 10:02:27.501939','2021-01-08 09:05:58.969458','R','2020-12-23','Z.0172.12.2020','Z.0172.12.2020_Nadleśnictwo_Nowy_Targ_Nadleśnictwa_zbiorczo_Konsultacje_społeczne_w_Nadleśnictwach_-_Fedrowanie_PT23.12.2020.pdf',27,'DECYZJA Nr 19/2020',1482,1231,2,22,NULL),(9944,'2021-01-04 10:03:43.803536','2021-01-08 09:05:58.972223','R','2020-12-23','ZG.0172.6.2020.BJ4','ZG.0172.6.2020.BJ4_Nadleśnictwo_Chmielnik_Nadleśnictwa_zbiorczo_Konsultacje_społeczne_w_Nadleśnictwach_-_Fedrowanie_PT23.12.2020.pdf',28,'DECYZJA Nr 46/2020',1482,1232,2,22,NULL),(9945,'2021-01-04 10:05:14.243551','2021-01-08 09:05:58.974839','R','2020-12-23','ZG.0172.7.2020','ZG.0172.7.2020_Nadleśnictwo_Golub-Dobrzyń_Nadleśnictwa_zbiorczo_Konsultacje_społeczne_w_Nadleśnictwach_-_Fedrowanie_PT23.12.2020.pdf',29,'DECYZJA Nr 24/2020',1482,1233,2,22,NULL),(9946,'2021-01-04 10:22:45.903653','2021-01-08 09:05:58.937359','R','2020-12-28','NZ.0172.1.2020','NZ.0172.1.2020_Nadleśnictwo_Olsztyn_Nadleśnictwa_zbiorczo_Konsultacje_społeczne_w_Nadleśnictwach_-_Fedrowanie_PT28.12.2020.pdf',30,'DECYZJA Nr  1/2020',1482,1234,2,22,NULL),(9947,'2021-01-04 10:24:30.225530','2021-01-08 09:05:58.939361','R','2020-12-28','NZ.0172.8.2020','NZ.0172.8.2020_Nadleśnictwo_Ruda_Maleniecka_Nadleśnictwa_zbiorczo_Konsultacje_społeczne_w_Nadleśnictwach_-_Fedrowanie_PT28.12.2020.pdf',31,'DECYZJA Nr 1/2020',1482,1235,2,22,NULL),(9948,'2021-01-04 10:26:57.583123','2021-01-08 09:05:58.941640','R','2020-12-28','Z.0172.3.2020','Z.0172.3.2020_Nadleśnictwo_Złotów_Nadleśnictwa_zbiorczo_Konsultacje_społeczne_w_Nadleśnictwach_-_Fedrowanie_PT28.12.2020.pdf',32,'DECYZJA Nr 1/2020',1482,1236,2,22,NULL),(9949,'2021-01-04 10:28:19.796078','2021-01-08 09:05:58.949902','R','2020-12-28','ZG.0172.1.2020','ZG.0172.1.2020_Nadleśnictwo_Stąporków_Nadleśnictwa_zbiorczo_Konsultacje_społeczne_w_Nadleśnictwach_-_Fedrowanie_PT28.12.2020.pdf',33,'DECYZJA Nr 1/2020',1482,1237,2,22,NULL),(9950,'2021-01-04 10:29:32.282242','2021-01-08 09:05:58.951833','R','2020-12-28','ZG.0172.9.2020','ZG.0172.9.2020_Nadleśnictwo_Mińsk_Mazowiecki_Nadleśnictwa_zbiorczo_Konsultacje_społeczne_w_Nadleśnictwach_-_Fedrowanie_PT28.12.2020.pdf',34,'DECYZJA Nr 116/2020',1482,1238,2,22,NULL),(9951,'2021-01-04 10:30:55.320433','2021-01-08 09:05:58.954623','R','2020-12-28','ZG.0172.10.2020','ZG.0172.10.2020_Nadleśnictwo_Chojna_Nadleśnictwa_zbiorczo_Konsultacje_społeczne_w_Nadleśnictwach_-_Fedrowanie_PT28.12.2020.pdf',35,'DECYZJA Nr 1/2020',1482,1239,2,22,NULL),(9952,'2021-01-04 10:33:37.893747','2021-01-08 09:05:58.957059','R','2020-12-28','ZG.0172.14.2020','ZG.0172.14.2020_Nadleśnictwo_Zwoleń_Nadleśnictwa_zbiorczo_Konsultacje_społeczne_w_Nadleśnictwach_-_Fedrowanie_PT28.12.2020.pdf',36,'DECYZJA Nr 1/2020',1482,1240,2,22,NULL),(9953,'2021-01-04 10:35:05.056943','2021-01-08 09:05:58.959035','R','2020-12-28','ZG.0172.16.2020','ZG.0172.16.2020_Nadleśnictwo_Konin_Nadleśnictwa_zbiorczo_Konsultacje_społeczne_w_Nadleśnictwach_-_Fedrowanie_PT28.12.2020.pdf',37,'DECYZJA Nr 18/2020',1482,1241,2,22,NULL),(9954,'2021-01-04 10:35:58.516271','2021-01-08 09:05:58.961206','R','2020-12-28','ZG.6004.6.2020','ZG.6004.6.2020_Nadleśnictwo_Włoszczowa_Nadleśnictwa_zbiorczo_Konsultacje_społeczne_w_Nadleśnictwach_-_Fedrowanie_PT28.12.2020.pdf',38,'DECYZJA Nr 1/2020',1482,1242,2,22,NULL),(9955,'2021-01-04 11:06:30.650547','2021-01-08 09:05:58.910939','R','2020-12-29','SA.0210.2.13.2020','SA.0210.2.13.2020_Nadleśnictwo_Oborniki_Konsultacje_społeczne_w_Nadleśnictwach_-_Fedrowanie_-_decyzja_odmowna_PT29.12.2020.pdf',39,'DECYZJA Nr 13/2020',1482,1243,2,22,NULL),(9956,'2021-01-04 11:07:38.694550','2021-01-08 09:05:58.915404','R','2020-12-29','Z.0172.5.2020','Z.0172.5.2020_Nadleśnictwo_Marcule_Konsultacje_społeczne_w_Nadleśnictwach_-_Fedrowanie_-_decyzja_odmowna_PT29.12.2020.pdf',40,'DECYZJA Nr 10/2020',1482,1244,2,22,NULL),(9957,'2021-01-04 11:09:17.398709','2021-01-08 09:05:58.918253','R','2020-12-29','Z.0172.6.2020','Z.0172.6.2020_Nadleśnictwo_Radom_Konsultacje_społeczne_w_Nadleśnictwach_-_Fedrowanie_-_decyzja_odmowna_PT29.12.2020.pdf',41,'DECYZJA Nr 41/2020',1482,1245,2,22,NULL),(9958,'2021-01-04 11:11:16.838322','2021-01-08 09:05:58.919980','R','2020-12-29','Z.0172.7.2020','Z.0172.7.2020_Nadleśnictwo_Gorlice_Konsultacje_społeczne_w_Nadleśnictwach_-_Fedrowanie_-_decyzja_odmowna_PT29.12.2020.pdf',42,'DECYZJA Nr Z.0172.7.2020',1482,1246,2,22,NULL),(9959,'2021-01-04 11:14:16.854634','2021-01-08 09:05:58.922962','R','2020-12-29','ZG.0172.1.2020.ZS','ZG.0172.1.2020.ZS_Nadleśnictwo_Barycz_Konsultacje_społeczne_w_Nadleśnictwach_-_Fedrowanie_-_decyzja_odmowna_PT29.12.2020.pdf',43,'DECYZJA Nr 40/2020',1482,1247,2,22,NULL),(9960,'2021-01-04 11:29:33.483143','2021-01-08 09:05:58.926980','R','2020-12-29','ZG.0172.5.2020','ZG.0172.5.2020_Nadleśnictwo_Góra_Śląska_Konsultacje_społeczne_w_Nadleśnictwach_-_Fedrowanie_-_decyzja_odmowna_PT29.12.2020.pdf',44,'DECYZJA Nr 2/2020',1482,1248,2,22,NULL),(9961,'2021-01-04 11:30:54.938865','2021-01-08 09:05:58.929137','R','2020-12-29','ZG.0172.5.2020','ZG.0172.5.2020_Nadleśnictwo_Skarżysko_Konsultacje_społeczne_w_Nadleśnictwach_-_Fedrowanie_-_decyzja_odmowna_PT29.12.2020.pdf',45,'DECYZJA Nr 1/2020',1482,1249,2,22,NULL),(9962,'2021-01-04 11:32:41.354917','2021-01-08 09:05:58.930906','R','2020-12-29','ZG.0172.17.2020','ZG.0172.17.2020_Nadleśnictwo_Kańczuga_Konsultacje_społeczne_w_Nadleśnictwach_-_Fedrowanie_-_decyzja_odmowna_PT29.12.2020.pdf',46,'DECZYAJ Nr 14/2020',1482,1250,2,22,NULL),(9963,'2021-01-04 11:34:00.489012','2021-01-08 09:05:58.932521','R','2020-12-29','ZG.0172.21.2020','ZG.0172.21.2020_Nadleśnictwo_Rozwadów_Konsultacje_społeczne_w_Nadleśnictwach_-_Fedrowanie_-_decyzja_odmowna_PT29.12.2020.pdf',47,'DECYZJA Nr 22/2020',1482,1251,2,22,NULL),(9964,'2021-01-04 11:35:00.308453','2021-01-08 09:05:58.934451','R','2020-12-29','ZG.0172.22.2020','ZG.0172.22.2020_Nadleśnictwo_Świdnik_Konsultacje_społeczne_w_Nadleśnictwach_-_Fedrowanie_-_decyzja_odmowna_PT29.12.2020.pdf',48,'DECYZJA Nr 1/2020',1482,1252,2,22,NULL),(9965,'2021-01-04 11:48:03.099354','2021-01-04 11:48:03.099354','R','2021-01-04','SKO_41_IP-25_2018','SKO_41_IP-25_2018_SKO_w_Jeleniej_Górze_umowy_cywilnoprawne_z_2013r._-_odp._na_wniosek_epuap04.01.2021.pdf',10,'',1463,253,1,7,NULL),(9966,'2021-01-04 11:53:28.102500','2021-01-04 11:53:28.102500','R','2021-01-04','ZU.0172.73.2020','ZU.0172.73.2020_Nadleśnictwo_Krosno_Konsultacje_społeczne_w_Nadleśnictwach_-_Fedrowanie_-_decyzja_odmowna_epuap04.01.2021.pdf',1,'DECYZJA nr 152/2020 (odebrana z UPO)',1482,1253,1,22,NULL),(9967,'2021-01-04 12:43:38.569396','2021-01-04 12:43:38.569396','R','2021-01-04','ORP-0147-1_21','ORP-0147-1_21_Polska_Wytwórnia_Papierów_Wartościowych_wnioski_o_kompensaty_za_wybory_-_przedłużenie_terminu_mail04.01.2020.pdf',1,'do 21.02.2021',1496,155,3,239,NULL),(10001,'2021-01-05 08:55:35.870862','2021-01-05 08:55:35.870862','R','2020-12-27','','2020.12.27_-_Skarga_na_decyzję.docx',2,'mec. Kuczyński',1441,14,5,16,NULL),(10003,'2021-01-05 10:02:55.543817','2021-01-05 10:02:55.543817','R','2021-01-04','PO I Ds. 113.2020','PO_I_Ds._113.2020_UM_Lubycza_Królewska_-_Prokuratura_Rejonowa_w_Tomaszowie_Lubelskim_udostępnienie_danych_Poczcie_Po_-_odmowa_wszczęcia_dochodzenia_PT04.01.2021.pdf',1,'',1436,985,2,189,NULL),(10036,'2021-01-07 08:20:06.774101','2021-01-11 09:37:18.768111','S','2021-01-07','1_AZ_SOWP_2020_ePUAP','1_AZ_SOWP_2020_ePUAP_Poczta_Polska_wnioski_o_kompensaty_za_wybory_-_podpisanie_wniosku_epuap07.01.2021.pdf',3,'podpisanie wniosku',1495,151,1,41,NULL),(10040,'2021-01-07 09:19:07.985891','2021-01-08 13:35:19.728808','R','2021-01-07','ZPP.0164.61.2020.DL','ZPP.0164.61.2020_Ministerstwo_Zdrowia_wprowadzenie_Narodowej_Kwarantanny_-_odp._na_wniosek_epuap07.01.2021.pdf',1,'nie są w posiadaniu wnioskowanych informacji',1492,18,1,7,NULL),(10042,'2021-01-07 09:58:28.375566','2021-01-08 13:35:46.549765','R','2021-01-07','ROP-0016-1_21','ROP-0016-1_21_Katolicki_Uniwersytet_Lubelski_tłumaczenie_encyklopedii_filozofii-wniosek_o_podwyższenie_subsencji_-_odp._na_wniosek_epuap07.01.2021.pdf',3,'wnioskowane informacje nie stanowią informacji publicznej',1466,1185,1,37,NULL),(10046,'2021-01-07 11:53:42.558940','2021-01-07 11:53:42.558940','R','2021-01-07','ZF-0133-8_20','ZF-0133-8_20_KRAJOWE_BIURO_WYBORCZE_wnioski_o_kompensaty_za_wybory_-_przedłużenie_terminu_do_22.02.2021_epuap07.01.2021.pdf',1,'do 22.02.2021',1493,1207,1,239,NULL),(10048,'2021-01-07 13:13:27.233678','2021-01-07 13:13:27.233678','R','2021-01-07','','Instytut_Teatralny_Fundusz_Wsparcia_Kultury_-_przedłużenie_terminu_do_25.01.2021_epuap07.01.2021.pdf',3,'do 25.01.2021',1468,1186,1,239,NULL),(10049,'2021-01-07 13:27:50.013345','2021-01-07 13:27:50.013345','R','2021-01-07','G-57_21_5177_20','G-57_21_5177_20_Komenda_Stołeczna_Policji_pałki_teleskopowe_w_czasie_Strajku_Kobiet_18.11.20_-_odp._na_wniosek_epuap07.01.2021.pdf',2,'',1459,1162,1,7,NULL),(10050,'2021-01-08 09:05:58.130298','2021-01-08 09:05:58.130298','R','2020-12-30','NK.0172.9.2020','NK.0172.9.2020__Nadleśnictwo_Warcino_-_decyzja_odmowna_poczta30.12.2020.pdf',49,'',1482,1254,2,22,NULL),(10051,'2021-01-08 09:07:54.695070','2021-01-08 09:07:54.695070','R','2020-12-30','NK.0172.9.2020','NK.0172.9.2020_Nadleśnictwo_Łupawa_-_decyzja_odmowna_poczta30.12.2020.pdf',50,'DECYZJA Nr 1/2020',1482,1255,2,22,NULL),(10052,'2021-01-08 09:09:45.294296','2021-01-08 09:09:45.294296','R','2020-12-30','NK.0172.21.2020','NK.0172.21.2020_Nadleśnictwo_Człuchów_-_decyzja_odmowna_poczta30.12.2020.pdf',51,'',1482,1256,2,22,NULL),(10053,'2021-01-08 09:11:14.250325','2021-01-08 09:11:14.250325','R','2020-12-30','SA.0172.4.2020.SAZ','SA.0172.4.2020.SAZ_Nadleśnictwo_Daleszyce_-_decyzja_odmowna_poczta30.12.2020.pdf',52,'DECYZJA Nr 1/2020',1482,1257,2,22,NULL),(10054,'2021-01-08 09:13:18.742530','2021-01-08 09:13:18.742530','R','2020-12-30','Z.0172.1.2020','Z.0172.1.2020_Nadleśnictwo_Drawno_-_decyzja_odmowna_poczta30.12.2020.pdf',53,'DECYZJA Nr 33/2020',1482,1258,2,22,NULL),(10055,'2021-01-08 09:15:31.690855','2021-01-08 09:15:31.690855','R','2020-12-30','Z.0172.2.2020','Z.0172.2.2020_Nadleśnictwo_Babimost_-_decyzja_odmowna_poczta30.12.2020.pdf',54,'DECYZJA Nr 03/2020',1482,1259,1,22,NULL),(10056,'2021-01-08 09:17:36.678619','2021-01-08 09:17:36.678619','R','2020-12-30','ZG.021.22.2020','ZG.021.22.2020_Nadleśnictwo_Srokowo_-_decyzja_odmowna_poczta30.12.2020.pdf',55,'DECYZJA Nr 22/2020',1482,1260,2,22,NULL),(10057,'2021-01-08 09:20:25.400826','2021-01-08 09:20:25.400826','R','2020-12-30','ZG.0172.6.2020','ZG.0172.6.2020_Nadleśnictwo_Dobieszyn_-_decyzja_odmowna_poczta30.12.2020.pdf',56,'',1482,216,2,22,NULL),(10058,'2021-01-08 09:22:02.994419','2021-01-08 09:22:02.994419','R','2020-12-30','ZG.0172.9.2020','ZG.0172.9.2020_Nadleśnictwo_Osusznica_-_decyzja_odmowna_poczta30.12.2020.pdf',57,'DECYZJA Nr 15/2020',1482,1261,2,22,NULL),(10059,'2021-01-08 09:24:52.190393','2021-01-08 09:24:52.190393','R','2020-12-30','ZG.0172.28.2020','ZG.0172.28.2020_Nadleśnictwo_Białogard_-_decyzja_odmowna_poczta30.12.2020.pdf',58,'DECYZJA nr 27',1482,1262,2,27,NULL),(10060,'2021-01-08 09:29:43.054967','2021-04-20 05:21:43.481969','S','2021-01-08','','Minister_Rodziny_i_Polityki_Społecznej_raporty_dot._demografii_-_wezwanie_do_odp._na_wniosek_8.01.21_ePUAP.pdf',3,'',1475,169,1,273,NULL),(10061,'2021-01-08 09:58:10.042827','2021-01-08 09:58:10.042827','R','2020-12-31','N.021.77.2020','N.021.77.2020_Nadleśnictwo_Czerniejewo_-_decyzja_odmowna_PT31.12.2020.pdf',59,'DECYZJA Nr 35/2020',1482,1263,2,22,NULL),(10062,'2021-01-08 10:02:30.398330','2021-01-08 10:02:30.398330','R','2020-12-31','S.0172.28.2020','S.0172.28.2020_Nadleśnictwo_Celestynów_-_decyzja_odmowna_PT31.12.2020.pdf',60,'DECYZJA Nr 1/2020',1482,1264,2,22,NULL),(10063,'2021-01-08 10:04:48.378556','2021-01-08 10:04:48.378556','R','2020-12-31','Z.0172.4.2020.MK','Z.0172.4.2020.MK_Nadleśnictwo_Ustroń_-_decyzja_odmowna_PT31.12.2020.pdf',61,'DECYZJA Nr 13/2020',1482,1265,2,22,NULL),(10064,'2021-01-08 10:06:39.490506','2021-01-08 10:06:39.490506','R','2020-12-31','ZG.0172.3.2020','ZG.0172.3.2020_Nadleśnictwo_Koło_-_decyzja_odmowna_PT31.12.2020.pdf',62,'DECYZJA Nr 12/2020',1482,1266,2,22,NULL),(10065,'2021-01-08 10:08:23.503206','2021-01-08 10:08:23.503206','R','2020-12-31','ZG.0172.10.2020','ZG.0172.10.2020_Nadleśnictwo_Zamrzenica_-_decyzja_odmowna_PT31.12.2020.pdf',63,'DECYZJA Nr 01/2020',1482,1267,2,22,NULL),(10066,'2021-01-08 10:38:36.542652','2021-01-08 10:38:36.542652','R','2021-01-04','Z.0172.4.2020','Z.0172.4.2020_Nadleśnictwo_Sulechów_-_decyzja_odmowna_PT04.01.2021.pdf',64,'DECYZJA Nr 44/2020',1482,1268,2,22,NULL),(10067,'2021-01-08 10:39:48.031502','2021-01-08 10:39:48.031502','R','2021-01-04','ZG5.0172.1.2020','ZG5.0172.1.2020_Nadleśnictwo_Wołów_-_decyzja_odmowna_PT04.01.2021.pdf',65,'DECYZJA Nr 25/2020',1482,66,2,22,NULL),(10068,'2021-01-08 10:41:45.942325','2021-01-08 10:41:45.942325','R','2021-01-04','ZU.0172.1.2020','ZU.0172.1.2020_Nadleśnictwo_Żmigród_-_decyzja_odmowna_PT04.01.2021.pdf',66,'DECYZJA Nr 17/2020',1482,1269,2,22,NULL),(10069,'2021-01-08 11:08:12.163424','2021-01-08 11:08:12.163424','R','2021-01-05','NL.0172.2.2020','NL.0172.2.2020_Nadleśnictwo_Świeradów_-_decyzja_odmowna_PT05.01.2021.pdf',67,'DECYZJA Nr 39/2020',1482,1270,2,22,NULL),(10070,'2021-01-08 11:10:31.014423','2021-01-08 11:10:31.014423','R','2021-01-05','SA.0172.7.2020','SA.0172.7.2020_Nadleśnictwo_Myślenice_-_decyzja_odmowna_PT05.01.2021.pdf',68,'DECYZJA Nr 10/2020',1482,1271,2,22,NULL),(10071,'2021-01-08 11:58:31.975406','2021-01-08 11:58:31.975406','R','2021-01-07','NN 0172.1.2020','NN_0172.1.2020_Nadleśnictwo_Garwolin_-_decyzja_odmowna_PT07.01.2021.pdf',69,'DECYZJA Nr 1/2020',1482,1272,2,22,NULL),(10072,'2021-01-08 12:06:51.372989','2021-01-08 12:06:51.372989','R','2021-01-07','ZG.0172.4.2020','ZG.0172.4.2020_Nadleśnictwo_Świdnica_-_decyzja_odmowna_skrzynka07.01.2021.pdf',70,'DECYZJA Nr 18/2020',1482,1274,2,22,NULL),(10076,'2021-01-08 13:39:25.411439','2021-01-08 14:31:11.103285','R','2021-01-07','GB_0277_2020','GB_0277_2020_Polski_Koncern_Naftowy_ORLEN_przejęcie_mediów_przez_Orlen_-_odp._na_wniosek-_nie_odpowiedzą_PT07.01.2021.pdf',1,'wnioskowane informacje nie stanowią informacji publicznej + tajemnica przedsiębiorstwa',1476,159,2,37,NULL),(10081,'2021-01-08 15:01:20.195679','2021-01-08 15:01:20.195679','R','2021-01-08','PR 2  Ds 339.2020','PR_2__Ds_339.2020_Jedwabne_Kolno_Wizna_Zbójna_udostępnienie_danych_Poczcie_Polskiej_-_odmowa_wszczęcia_śledztwa.pdf',1,'',1406,918,2,308,NULL),(10086,'2021-01-11 09:38:00.962119','2021-01-11 09:38:00.962119','R','2021-01-11','','Poczta_Polska_wnioski_o_kompensaty_za_wybory_-_przekazanie_pisma_epuap11.01.2021.pdf',4,'przekazanie pisma',1495,151,1,316,NULL),(10131,'2021-01-11 13:19:52.030096','2021-01-12 16:29:00.479781','S','2021-01-12','8_DA_SOWP_2021_ePUAP','8_DA_SOWP_2021_ePUAP_Uniwersytet_Gdański_plagiaty_-_skarga_na_decyzję.pdf',2,'',1465,1184,1,16,NULL),(10132,'2021-01-11 13:52:17.539003','2021-01-11 14:05:34.783856','S','2021-01-08','','Nadleśnictwo_Prószków_Konsultacje_społeczne_w_Nadleśnictwach_-_Fedrowanie_-_skarga_na_decyzję_epuap08.01.2021.pdf',0,'dot. ZG.0172.9.2020',1504,1275,1,16,NULL),(10134,'2021-01-11 15:48:30.875813','2021-01-13 09:55:25.086738','S','2021-01-12','9_AC_SOWP_2020_ePUAP','9_AC_SOWP_2021_ePUAP_Instytut_Teatralny_Fundusz_Wsparcia_Kultury_-_wezwanie_do_odpowiedzi_na_wniosek_bez_przedłużenia_epuap12.01.2021.pdf',4,'podważenie sensu przedłużania odpowiedzi na wszystkie pytania',1468,1186,1,316,NULL),(10139,'2021-01-12 09:23:08.418053','2021-01-12 09:23:08.418053','R','2021-01-04','ZU.0172.17.2020','Decyzja_odmowna_ws._udzielenia_informacji.pdf',0,'przyszło na fedrowanie',1506,1277,8,22,NULL),(10140,'2021-01-12 09:23:08.418950','2021-01-13 12:26:33.565388','S','2021-01-12','13_MB_SOWP_2021_ePUAP','13_MB_SOWP_2021_ePUAP_LASY_PAŃSTWOWE_REGIONALNA_DYREKCJA_LASÓW_PAŃSTWOWYCH_W_KRAKOWIE_Konsultacje_społeczne_w_Nadleśnictwach_-_wniosek_o_ponowne_rozpatrzenie_sprawy_epuap12.01.2021.pdf',1,'',1506,1277,1,210,NULL),(10142,'2021-01-12 10:55:07.227723','2021-01-12 11:48:29.706361','R','2021-01-12','DP-063_30_2020_sj','DP-063_30_2020_sj_Główny_Inspektorat_Ochrony_Środowiska_nielegalne_składowiska_odpadów_-_odp._na_wniosek_-_nie_odpowiedzą_epuap12.01.2021.pdf',1,'wnioskowana informacja nie stanowi informacji publicznej',1499,1227,1,37,NULL),(10143,'2021-01-12 10:57:58.432546','2021-01-12 10:57:58.432546','R','2021-01-12','','Instytut_Muzyki_i_Tańca_Fundusz_Wsparcia_Kultury_-_przedłużenie_terminu_do_25.01.2021_epuap12.01.2021.pdf',3,'do 25.01.2021',1469,1187,1,239,NULL),(10145,'2021-01-12 11:14:31.284131','2021-01-12 11:14:31.284131','S','2020-11-24','','Poczta_Polska_rejestracja_odbiorników_rtv_-_wniosek_o_informację_24.11.2020.pdf',0,'',1507,151,3,18,NULL),(10146,'2021-01-12 11:18:37.905175','2021-01-12 11:18:37.905175','R','2020-12-01','BKZB.DOIN.0271.137.2020','Poczta_Polska_rejestracja_odbiorników_rtv_-_odp._na_wniosek_-_nie_odpowiedzą_1.12.2020.pdf',1,'wnioskowane informacje nie stanowią informacji publicznej',1507,151,3,37,NULL),(10147,'2021-01-12 11:19:17.722551','2021-01-13 10:15:17.085894','S','2021-01-12','14_PŁ_SOWP_2021_ePUAP','14_PŁ_SOWP_2021_ePUAP_Poczta_Polska_abonament_rtv_-_skarga_na_bezczynność.pdf',2,'',1507,151,1,1,NULL),(10148,'2021-01-12 11:30:43.846132','2021-01-13 12:07:02.486895','S','2021-01-12','15_AC_SOWP_2021_ePUAP','15_AC_SOWP_2021_ePUAP_Instytut_Muzyki_i_Tańca_Fundusz_Wsparcia_Kultury_-_wezwanie_do_realizacji_wniosku.pdf',4,'podważenie sensu przedłużania odpowiedzi na wszystkie pytania',1469,1187,1,316,NULL),(10152,'2021-01-12 14:01:36.913100','2021-01-13 12:09:43.535816','S','2021-01-12','17_SD_SOWP_2021_ePUAP','17_SD_SOWP_2021_ePUAP_Kancelaria_Prezesa_Rady_Ministrów_zamknięcie_cmentarzy_11.2020_-_skarga_na_bezczynność.pdf',2,'',1426,498,1,1,NULL),(10156,'2021-01-13 08:21:55.506976','2021-01-13 08:21:55.506976','R','2021-01-12','','Ekstraliga_żużlowa_BIP_statut_umowa_ze_związkiem_-_odp._na_wniosek_-_nie_odpowiedzą_mail12.01.2021.pdf',1,'',1489,1204,3,37,NULL),(10164,'2021-01-13 14:08:24.351594','2021-02-01 15:38:20.856208','S','2021-01-12','','Muzeum_Śląska_Opolskiego_regulamin_wynagradzania_-_wniosek_o_informację.pdf',0,'',1508,1174,1,18,NULL),(10171,'2021-01-14 09:55:09.294738','2021-01-14 10:27:36.027079','R','2021-01-13','BKZB.DOIN.0271.144.2020','BKZB.DOIN.0271.144.2020_Poczta_Polska_wnioski_o_kompensaty_za_wybory_-_przedłużenie_terminu_do_21.02.2021_PT13.01.2021.pdf',5,'do 21.02.2021',1495,151,2,239,NULL),(10180,'2021-01-14 13:59:39.684658','2021-01-14 13:59:39.684658','R','2021-01-14','PR 1Ds. 362.2020','PR_1Ds.362.2020_UG_Olszewo-Borki_-_Prokuratura_Rejonowa_w_Ostrołęce_udostępnienie_danych_Poczcie_Polskiej_-_zawiadomienie_o_przekazaniu_zażalenia_do_SR_w_Ostrołęce_PT14.01.2021.pdf',3,'o przekazaniu zażalenia do SR w Ostrołęce',1429,922,2,47,NULL),(10181,'2021-01-15 09:56:43.921642','2021-04-21 07:07:47.280862','S','2021-01-14','','Instytut_Muzyki_i_Tańca_umowa_z_Witkac_w_związku_z_Funduszem_Wsparcia_Kultury_-_wniosek_o_informację_publiczną_epuap14.01.2021.pdf',0,'',1509,1187,1,18,NULL),(10182,'2021-01-15 10:00:48.019019','2021-04-21 07:09:41.012222','S','2021-01-14','','Instytut_Teatralny_umowa_z_Witkac_w_związku_z_Funduszem_Wsparcia_Kultury_-_wniosek_o_informację_publiczną_epuap14.01.2021.pdf',0,'',1510,1186,1,18,NULL),(10183,'2021-01-15 10:08:06.783318','2021-02-01 15:47:53.636667','S','2021-01-14','','MINISTERSTWO_KULTURY_I_DZIEDZICTWA_NARODOWEGO_umowa_z_IT_i_IMiT_w_związku_z_Funduszem_Wsparcia_Kultury_-_wniosek_o_informację_publiczną_epuap14.01.2021.pdf',0,'',1511,111,1,18,NULL),(10184,'2021-01-15 10:12:04.915398','2021-01-15 10:16:48.773440','S','2021-01-14','','KANCELARIA_PREZESA_RADY_MINISTRÓW_umowa_na_zakup_szczepionek_na_COVID-19_pomiędzy_Pfizer_a_KE_-_wniosek_o_inf._publiczną_epuap14.01.2021.pdf',0,'',1512,498,1,18,NULL),(10185,'2021-01-15 10:19:23.781894','2021-01-15 10:19:23.781894','S','2021-01-14','','KANCELARIA_SEJMU_opinie_prawne_przygotowane_przez_BAS_przedstawione_przez_Mularczyka_-_wniosek_o_inf._publiczną_epuap14.01.2021.pdf',0,'',1513,550,1,18,NULL),(10192,'2021-01-15 12:18:42.621575','2021-01-15 12:18:42.621575','R','2021-01-15','II SAB_Wa 785_20','II_SAB_Wa_785_20_Ministerstwo_Zdrowia_raport_zespołu_o_przygotowaniu_ws._epidemii_na_jesień_2020_r._-_odp._na_skargę_epuap15.01.2021.pdf',3,'',1421,71,1,54,NULL),(10196,'2021-01-15 15:38:46.457497','2021-01-25 09:54:11.789655','S','2021-01-19','24_AM_SOWP_2021_SOKBT','24_AM_SOWP_2021_SOKBT_Polski_Związek_Motorowy_BIP_umowa_z_ligą_żużlową_-_snb.pdf',1,'',1488,1203,2,1,NULL),(10197,'2021-01-15 15:40:58.030194','2021-01-15 15:40:58.030194','R','2021-01-04','','Polski_Związek_Motorowy_BIP_umowa_z_ligą_żużlową_-_nie_odpowiedzą_4.01.21_email.pdf',2,'wnioskowana informacja nie stanowi informacji publicznej',1488,1203,3,37,NULL),(10201,'2021-01-18 08:07:19.326020','2021-01-18 08:07:19.326020','S','2021-01-15','(PR 2 Ds 339.2020)','Jedwabne_Kolno_Wizna_Zbójna_udostępnienie_danych_Poczcie_Polskiej_-__Zażalenie_mec.2021.01.15_3IieNqI.docx',2,'',1406,918,5,51,NULL),(10204,'2021-01-18 10:06:43.046116','2021-01-19 10:03:42.496861','R','2021-01-15','Z.0172.6.2020','Z.0172.6.2020_Nadleśnictwo_Nawojowa_Konsultacje_społeczne_w_Nadleśnictwach_-_Fedrowanie_-_decyzja_odmowna_skrzynka15.01.2021.pdf',71,'DECYZJA Nr 22/2020',1482,1280,2,22,NULL),(10208,'2021-01-19 08:40:18.551229','2021-01-19 08:40:18.551229','S','2021-01-11','(PO I Ds 113.2020)','UM_Lubycza_Królewska_-_Prokuratura_Rejonowa_w_Tomaszowie_Lubelskim_udostępnienie_danych_Poczcie_Po_-_Zażalenie_2021.01.11.docx',2,'',1436,985,5,51,NULL),(10209,'2021-01-19 09:58:50.892174','2021-01-19 09:58:50.892174','R','2021-01-19','ZU.0172.17.2020','ZU.0172.17.2020_Nadleśnictwo_Kraków_Konsultacje_społeczne_w_Nadleśnictwach_-_Fedrowanie_-_decyzja_odmowna_PT19.01.2021.pdf',72,'DECYZJA Nr 1/2021',1482,1277,2,22,NULL),(10213,'2021-01-19 10:58:06.124125','2021-01-19 10:58:06.124125','R','2021-01-19','PR Ds 2983.2020','PR_Ds_2983.2020_UG_Bakałarzewo_-_Prokuratura_Rejonowa_w_Suwałkach_udostępnienie_danych_Poczcie_Polskiej_-_odmowa_wszczęcia_śledztwa_PT19.01.2021.pdf',3,'',1431,855,2,308,NULL),(10215,'2021-01-19 12:07:29.248903','2021-01-19 12:07:42.097367','S','2021-01-18','','LASY_PAŃSTWOWE_NADLEŚNICTWO_CIERPISZEWO_Konsultacje_społeczne_w_Nadleśnictwach_-_Fedrowanie_-_skarga_epuap18.01.2021.pdf',0,'dot. ZG.0172.12.2020',1516,1282,1,16,NULL),(10216,'2021-01-19 13:12:19.364549','2021-02-17 12:10:29.213167','S','2021-01-18','','NADLEŚNICTWO_GOLENIÓW_Konsultacje_społeczne_w_Nadleśnictwach_-_Fedrowanie_-_skarga_epuap18.01.2021.pdf',0,'dot. NN1.052.2.2020',1517,1283,1,16,NULL),(10220,'2021-01-20 09:20:13.432843','2021-04-08 08:40:17.560950','R','2021-01-19','II SA_wa 2504_20','II_SA_Wa_2504_20_Telewizja_Polska_TVP_szkoła_z_TVP_-_umowy_koszty_program_-_wpis_odp._na_skargę_PR19.01.2021.pdf',7,'dot. TVP_BSK_027-15_2020	\r\ndotyczy pytań o budżet - tajemnica przedsiębiorstwa',1409,71,2,69,NULL),(10290,'2021-01-20 13:59:25.425536','2021-01-20 13:59:25.425536','R','2021-01-20','ZB.0210.18.2020','ZB.0210.18.2020_Nadleśnictwo_Chrzanów_Konsultacje_społeczne_w_Nadleśnictwach_-_Fedrowanie_-_decyzja_odmowna_PT20.01.2021.pdf',73,'DECYZJA Nr 18/2020',1482,1285,2,22,NULL),(10371,'2021-01-21 09:44:26.043976','2021-01-22 11:44:53.560024','S','2021-01-21','28_DA_SOWP_2021_ePUAP','28_DA_SOWP_2021_ePUAP_Muzeum_Śląska_Opolskiego_wynagrodzenie_pracowników_-_skarga_na_decyzję.pdf',4,'',1439,1174,1,16,NULL),(10378,'2021-01-21 13:42:03.053960','2021-02-03 17:31:03.483381','S','2021-01-21','','NARODOWY_INSTYTUT_SAMORZĄDU_TERYTORIALNEGO_ankieta_wysłana_do_samorządów_-_wniosek_o_inf._publiczną_epuap21.01.2021.pdf',0,'',1520,1286,1,18,NULL),(10379,'2021-01-21 14:00:19.915482','2021-02-15 10:23:46.430497','S','2021-01-21','31_AK_SOWP_2021_ePUAP','31_AK_SOWP_2021_ePUAP_Gmina_Tarnowiec_-_Prokuratura_Rejonowa_w_Jaśle_udostepnienie_danych_PP_-_zawiadomienie_o_popełnieniu_przestępstwa_epuap22.01.2021.pdf',0,'Zawiadomienia z danymi, NIE UDOSTEPNIAĆ.',1521,889,1,354,NULL),(10380,'2021-01-21 14:03:02.294619','2021-02-15 10:23:55.779268','S','2021-01-21','32_AK_SOWP_2021_ePUAP','32_AK_SOWP_2021_ePUAP_Gmina_Olesno_-_Prokuratura_Rejonowa_w_Dąbrowie_Tarnowskiej_udostępnienie_danych_PP_-_zawiadomienie_o_popełnieniu_przestępstwa_epuap22.01.2021.pdf',0,'Zawiadomienia z danymi, NIE UDOSTEPNIAĆ.',1522,896,1,354,NULL),(10384,'2021-01-22 10:08:46.296738','2021-01-22 10:48:45.605837','R','2021-01-21','PR 2 Ds. 1245.2020','PR_2_Ds._1245.2020_UMiG_Otmuchów_-_Prokuratura_Rejonowa_w_Nysie_przekazanie_danych_Poczcie_Polskiej_-_odrzucenie_zażalenia_i_przekazanie_akt_do_SR_w_Nysie.pdf',3,'odrzucenie zażalenia i przekazanie akt do SR w Nysie',1420,1158,5,324,NULL),(10386,'2021-01-22 10:44:57.258186','2021-01-27 19:25:13.344630','S','2021-01-22','33_SD_SOWP_2021_ePUAP','33_SD_SOWP_2021_ePUAP_UMiG_Chocianów_lekceważące_posty_na_fb_ws._sprawy_udip_-_pismo_epuap22.01.2021.pdf',5,'wyjaśnienie, że chodzi nam o zakład budżetowy, a nie spółkę',1408,484,1,316,NULL),(10387,'2021-01-22 11:05:22.719644','2021-01-22 11:05:22.719644','R','2021-01-22','ZU.0172.17.2020','ZU.0172.17.2020_Regionalna_Dyrekcja_Lasów_Państwowych_w_Krakowie_-_pismo_epuap22.01.2021.pdf',2,'wezwanie do przesłania dokumentu',1506,1277,1,316,NULL),(10388,'2021-01-22 11:19:46.908784','2021-01-26 08:39:29.659726','S','2021-01-22','34_MB_SOWP_2021_ePUAP','34_MB_SOWP_2021_ePUAP_Regionalna_Dyrekcja_Lasów_Państwowych_w_Krakowie_Konsultacje_Planów_Urządzenia_Lasu_-_fedrowanie_-_odp._na_wezwanie_epuap22.01.2021.pdf',3,'',1506,1277,1,41,NULL),(10390,'2021-01-22 11:48:55.428791','2021-01-22 11:48:55.428791','S','2021-01-21','','NADLEŚNICTWO_KRZYSTKOWICE_Konsultacje_społeczne_w_Nadleśnictwach_-_Fedrowanie_-_skarga_na_decyzję.pdf',0,'dot. ZG.0172.3.2020',1523,1289,1,16,NULL),(10391,'2021-01-22 11:53:30.748327','2021-02-25 09:56:47.856203','S','2021-01-21','','NADLEŚNICTWO_NIEPOŁOMICE_Konsultacje_społeczne_w_Nadleśnictwach_-_Fedrowanie_-_skarga_na_decyzję.pdf',0,'dot. Z.0172.12.2020',1524,1290,1,16,NULL),(10396,'2021-01-25 08:08:29.179358','2021-02-15 10:24:01.449610','S','2021-02-08','35_AK_SOWP_2021_ePUAP','35_AK_SOWP_2021_ePUAP_Gmina_Odrzywół_-_Prokuratura_Rejonowa_w_Przysusze_udostępnienie_danych_PP_-_zawiadomienie_o_popełnieniu_przestępstwa__epuap08.02.2021.pdf',1,'Zawiadomienia z danymi, NIE UDOSTEPNIAĆ.',1525,723,1,354,NULL),(10397,'2021-01-25 08:14:09.458904','2021-03-04 09:14:29.334576','S','2021-02-08','36_AK_SOWP_2021_ePUAP','36_AK_SOWP_2021_ePUAP_UM_Wyśmierzyce_-_Prokuratura_Rejonowa_w_Grójcu_udostępnienie_danych_PP_-_zawiadomienie_o_popełnieniu_przestępstwa_epuap08.02.2021.pdf',0,'Zawiadomienia z danymi, NIE UDOSTEPNIAĆ.',1526,1002,1,354,NULL),(10398,'2021-01-25 08:51:07.260598','2021-01-25 09:00:31.891410','S','2021-01-22','(PR Ds 2983.2020)','2021.01.22_-_Zażalenie_Bakałarzewo.docx',4,'',1431,855,5,51,NULL),(10408,'2021-01-26 09:22:28.232956','2021-01-26 09:22:28.232956','S','2021-01-22','33_AZ_SOWP_2021_ePUAP','33_AZ_SOWP_2021_PUAP_Kancelaria_Prezesa_Rady_Ministrów_wprowadzenie_Narodowej_Kwarantanny_-_ponaglenie_epuap22.01.2021.pdf',1,'',1491,498,1,167,NULL),(10409,'2021-01-26 09:30:14.986120','2021-02-05 16:50:59.660937','S','2021-01-22','','Kancelaria_Prezesa_Rady_Ministrów_protokołów_z_posiedzeń_Komitetu_Rady_Ministrów_ds._Bezpieczeństwa_Narodowego_i_spraw_Obronnych_-_wniosek_o_inf._publiczną_epuap22.01.2021.pdf',0,'',1527,498,1,18,NULL),(10410,'2021-01-26 09:32:24.864864','2021-02-08 12:38:35.459583','S','2021-01-22','','Kancelaria_Prezesa_Rady_Ministrów_spotkanie_prezes_TK_w_KPRM_z_dnia_13.01.2021_-_wniosek_o_inf._publiczną_epuap22.01.2021.pdf',0,'',1528,498,1,18,NULL),(10411,'2021-01-26 09:35:00.709743','2021-02-04 16:46:01.029207','S','2021-01-22','','Kancelaria_Prezydenta_RP_delegacje_K._Dudy_i_A._Zybertowicza_-_wniosek_o_inf._publiczną_epuap22.01.2021.pdf',0,'',1529,94,1,18,NULL),(10414,'2021-01-26 09:59:32.635367','2021-03-02 12:38:40.258209','S','2021-01-22','','NADLEŚNICTWO_BYSTRZYCA_KŁODZKA_Konsultacje_społeczne_w_Nadleśnictwach_-_Fedrowanie_-_skarga_epuap22.01.2021.pdf',0,'dot. SA.0172.12.2020',1531,1293,1,16,NULL),(10416,'2021-01-26 10:55:35.912762','2021-02-15 10:24:49.978366','S','2021-02-08','39_AK_SOWP_2021_ePUAP','39_AK_SOWP_2021_ePUAP_Gmina_Osieczna_-_Prokuratura_Rejonowa_w_Starogardzie_Gdańskim_udostępnienie_danych_PP_-_zawiadomienie_o_popełnieniu_przestępstwa_epuap08.02.2021.pdf',1,'Zawiadomienia z danymi, NIE UDOSTEPNIAĆ.',1532,1294,1,354,NULL),(10417,'2021-01-26 10:57:35.502940','2021-02-23 10:25:03.602325','S','2021-02-08','40_AK_SOWP_2021_ePUAP','40_AK_SOWP_2021_ePUAP_Gmina_Maków_-_Prokuratura_Rejonowa_w_Skierniewicach_udostępnienie_danych_PP_-_zawiadomienie_o_popełnieniu_przestępstwa_epuap08.02.2021.pdf',0,'Zawiadomienia z danymi, NIE UDOSTEPNIAĆ.',1533,1296,1,354,NULL),(10418,'2021-01-26 11:01:00.834848','2021-03-18 09:42:43.282166','S','2021-02-08','41_AK_SOWP_2021_ePUAP','41_AK_SOWP_2021_ePUAP_Gmina_Zambrów_-_Prokuratura_Rejonowa_w_Zambrowie_udostępnienie_danych_PP_-_zawiadomienie_o_popełnieniu_przestępstwa_epuap08.02.2021.pdf',0,'',1534,764,1,354,NULL),(10424,'2021-01-27 10:05:58.739927','2021-01-27 10:11:10.964516','R','2021-01-27','ZU.0172.17.2020','ZU.0172.17.2020_Regionalna_Dyrekcja_Lasów_Państwowych_w_Krakowie_Konsultacje_Planów_Urządzenia_Lasu_-_fedrowanie_-_wezwanie_PT26.01.2021.pdf',4,'Wezwanie do przesłania dokumentu. Przesłane ponownie. To samo pismo odebrane przez ePUAP 22.01 - Marzena B. odpowiedziała na wezwanie 22.01',1506,1277,2,2,NULL),(10426,'2021-01-27 12:24:53.054727','2021-01-27 12:24:53.054727','R','2021-01-26','PO I Ds. 113.2020 / PO I Rz.6.2021','PO_I_Ds._113.2020_PO_IRz.6.2021_UM_Lubycza_Królewska_-_Prokuratura_Rejonowa_w_Tomaszowie_Lubelskim_udostępnienie_danych_Poczcie_Po_-_odmowa_przyjęcia_zażalenia_PT26.01.2021.pdf',3,'odmowa przyjęcia zażalenia',1436,985,2,317,NULL),(10427,'2021-01-27 12:37:35.580361','2021-04-06 11:06:31.892078','R','2021-01-26','II Kp 582_20 (PR 2 Ds 1245.2020)','II_Kp_582_20_PR_2_Ds_1245.2020_UMiG_Otmuchów_-_Prokuratura_Rejonowa_w_Nysie_przekazanie_danych_Poczcie_Polskiej_-_posiedzenie_odwoławcze_02.02.2021_g.9.00_s.5_PT06.01.2021.pdf',4,'posiedzenie odwoławcze 02.02.2021 g.9.00 s.5',1420,1299,2,141,NULL),(10438,'2021-01-28 12:28:04.902708','2021-02-15 10:25:00.968875','S','2021-02-08','45_AK_SOWP_2021_ePUAP','45_AK_SOWP_2021_ePUAP_UM_Olesno_-_Prokuratura_Rejonowa_w_Oleśnie_udostępnienie_danych_PP_-_zawiadomienie_o_popełnieniu_przestępstwa_epuap08.02.2021.pdf',0,'Zawiadomienia z danymi, NIE UDOSTEPNIAĆ.',1535,1300,1,354,NULL),(10439,'2021-01-28 12:33:31.974766','2021-05-11 08:00:21.865775','S','2021-02-08','46_AK_SOWP_2021_ePUAP','46_AK_SOWP_2021_ePUAP_Gmina_Łabunie_-_Prokuratura_Rejonowa_w_Zamościu_udostępnienie_danych_PP_-_zawiadomienie_o_popełnieniu_przestępstwa_epuap08.02.2021.pdf',0,'Zawiadomienia z danymi, NIE UDOSTEPNIAĆ.',1536,852,1,354,NULL),(10440,'2021-01-28 12:37:56.610480','2021-02-15 10:25:07.184380','S','2021-02-08','47_AK_SOWP_2021_ePUAP','47_AK_SOWP_2021_ePUAP_Gmina_Kłoczew_-_Prokuratura_Rejonowa_w_Rykach_udostępnienie_danych_PP_-_zawiadomienie_o_popełnieniu_przestępstwa_epuap08.02.2021.pdf',1,'Zawiadomienia z danymi, NIE UDOSTEPNIAĆ.',1537,1015,1,354,NULL),(10441,'2021-01-28 13:53:33.186474','2021-04-26 12:27:16.215652','S','2021-01-28','48_BN_SOWP_2021_SOKBT','48_BN_SOWP_2021_SOKBT_Telewizja_Polska_TVP_szkoła_z_TVP_-_umowy_koszty_program_-_SND_PT.pdf',8,'dotyczy wskazania osób i dokumentów związanych z programem merytorycznym - przetworzona',1409,168,2,16,NULL),(10443,'2021-01-28 17:20:30.364671','2021-01-28 17:20:30.364671','R','2021-01-28','CIR.WOAIP.5503.927.2020.AK','CIR.WOAIP.5503.927.2020.AK_Kancelaria_Prezesa_Rady_Ministrów_wprowadzenie_Narodowej_Kwarantanny_-_odp._na_wniosek_epuap28.01.2021.DOCX',2,'nie posiadają wnioskowanych informacji, powinniśmy zwrócić się do MZ',1491,498,1,7,NULL),(10445,'2021-01-29 08:14:32.027394','2021-01-29 08:14:32.027394','S','2021-01-29','(PO I Ds 113.2020 - PO I Rz 6.2021)','UM_Lubycza_Królewska_-_Prokuratura_Rejonowa_w_Tomaszowie_Lubelskim_udostępnienie_danych_Poczcie_Po_-_Zażalenie_na_odmowę_przyjęcia_Lubycza_Królewska_mec.2021.01.29.docx',4,'',1436,985,5,51,NULL),(10446,'2021-01-29 12:52:21.946833','2021-01-29 12:54:26.642501','S','2020-12-11','','KGHM_Polska_Miedź_S.A._koszt_ilość_magazynowanie_środków_higienicznych_-_wniosek_o_inf._publiczną_mail11.12.2020.pdf',0,'',1538,148,3,18,NULL),(10447,'2021-01-29 12:54:26.593364','2021-01-29 12:54:26.593364','S','2021-01-22','','KGHM_Polska_Miedź_S.A._koszt_ilość_magazynowanie_środków_higienicznych_-_ponaglenie_mail22.01.2021.pdf',1,'',1538,148,3,167,NULL),(10448,'2021-01-29 12:56:35.389116','2021-01-29 12:57:37.941175','R','2021-01-28','DB_19_2021','DB_19_2021_KGHM_Polska_Miedź_S.A._koszt_ilość_magazynowanie_środków_higienicznych_-_przedłużenie_terminu_PT28.01.2021.pdf',2,'do 05.02.2021 \r\nprzesłane również mailem 26.01.2021',1538,148,2,239,NULL),(10449,'2021-01-29 13:00:33.159247','2021-03-11 07:30:48.021688','R','2021-01-28','DB_21_2021','DB_21_2021_KGHM_Polska_Miedź_S.A._koszt_ilość_magazynowanie_środków_higienicznych_-_od._na_wniosek_mail28.01.2021.PDF',3,'',1538,148,3,253,NULL),(10450,'2021-01-29 16:15:00.943909','2021-01-29 16:15:00.943909','S','2021-01-26','','NADLEŚNICTWO_BARDO_ŚLĄSKIE_Konsultacje_społeczne_w_Nadleśnictwach_-_Fedrowanie_-_skarga_na_decyzję.pdf',0,'',1539,1304,1,16,NULL),(10457,'2021-02-01 15:40:16.357438','2021-02-01 15:40:16.357438','R','2021-02-01','','Muzeum_Śląska_Opolskiego_regulamin_wynagradzania_-_odp._na_wniosek_epuap01.02.2021.pdf',1,'Regulamin wynagradzania z podpisami',1508,1174,1,7,NULL),(10458,'2021-02-01 15:47:53.589304','2021-02-01 15:47:53.589304','R','2021-02-01','CI.0111.16.2021.IJ','CI.0111.16.2021.IJ_Ministerstwo_Kultury_i_Dziedzictwa_Narodowego_umowa_z_IT_i_IMiT_w_związku_z_Funduszem_Wsparcia_Kul_-_odp._na_wniosek_-_nie_odpowiedzą_epuap01.02.2021.pdf',1,'',1511,111,1,37,NULL),(10459,'2021-02-01 15:56:47.633607','2021-02-01 15:56:47.633607','S','2021-02-01','','KANCELARIA_SEJMU_opinie_prawne_przygotowane_przez_BAS_przedstawione_przez_Mularczyka_-_przedłużenie_terminu_do_15.03.2021_epuap01.02.2021.pdf',1,'do 15.03.2021',1513,550,1,239,NULL),(10464,'2021-02-01 16:59:04.147667','2021-02-01 16:59:04.147667','R','2021-02-01','CIR.WOAIP.5503.89.2021.AK','CIR.WOAIP.5503.89.2021.AK_KANCELARIA_PREZESA_RADY_MINISTRÓW_umowa_na_zakup_szczepionek_na_COVID-19_pomiędzy_Pfizer_a_KE_-_odp._na_wniosek_epuap01.02.2021.DOCX',1,'nie dysponują wnioskowanymi informacjami, należy zwrócić się do MZ',1512,498,1,7,NULL),(10467,'2021-02-02 08:21:13.978119','2021-02-02 08:21:18.931988','S','2021-01-14','','Komisja_Europejska_umowa_pomiędzy_Pfizer_a_KE_na_zakup_szczepionek_-_wniosek_mail14.01.2021.pdf',1,'',1540,1057,3,18,NULL),(10468,'2021-02-02 08:22:21.921034','2021-02-02 08:22:21.921034','S','2021-01-22','','Komisja_Europejska_umowa_pomiędzy_Pfizer_a_KE_na_zakup_szczepionek_-_wniosek_mail22.01.2021.pdf',1,'',1540,1057,3,18,NULL),(10472,'2021-02-03 08:41:31.911185','2021-02-03 08:41:31.911185','R','2021-02-02','ORP-0147-1_21-2','ORP-0147-1_21-2_Polska_Wytwórnia_Papierów_Wartościowych_wnioski_o_kompensaty_za_wybory_-_odp._na_wniosek_mail02.02.2021.pdf',2,'+ odp. na wniosek (pyt. 1)',1496,155,3,290,'2021-02-08 23:00:00.000000'),(10479,'2021-02-03 17:11:02.712144','2021-02-17 16:52:20.636557','S','2021-02-03','','KANCELARIA_PREZESA_RADY_MINISTRÓW_Rada_Medyczna_-_wniosek_o_inf._publiczną_epuap.pdf',0,'',1541,498,1,18,NULL),(10480,'2021-02-03 17:15:32.593614','2021-02-08 11:14:00.840587','S','2021-02-03','','Ministerstwo_Zdrowia_Narodowy_Program_Szczepień_-_kampanie_reklamowe_-_wniosek_o_inf._publiczną_epuap.pdf',0,'',1542,18,1,18,NULL),(10481,'2021-02-03 17:31:03.427196','2021-02-03 17:31:03.427196','R','2021-02-03','l.dz.17_02_NIST_2021','l.dz.17_02_NIST_2021_NARODOWY_INSTYTUT_SAMORZĄDU_TERYTORIALNEGO_ankieta_wysłana_do_samorządów_-_odp._na_wniosek_epuap03.02.2021.pdf',1,'',1520,1286,1,7,NULL),(10482,'2021-02-04 15:26:37.665703','2021-02-08 12:07:12.047486','S','2021-02-08','53_KP_SOWP_2021_ePUAP','53_KP_SOWP_2021_ePUAP_Kancelaria_Prezydenta_RP_doradcy_społeczni_-_skarga_na_bezczynność_epuap08.02.2021.pdf',3,'',1434,71,1,1,NULL),(10486,'2021-02-04 16:46:00.976757','2021-02-04 16:46:00.976757','R','2021-02-04','BPU.0605.22.2021','BPU.0605.22.2021_Kancelaria_Prezydenta_RP_delegacje_K._Dudy_i_A._Zybertowicza_-_odpowiedź_na_wniosek_epuap04.02.2021.pdf',1,'',1529,94,1,7,NULL),(10492,'2021-02-05 16:50:59.600062','2021-02-05 16:50:59.600062','R','2021-02-05','DP.1510.2.2021.PD(1)','DP.1510.2.2021.PG1_KPRM_protokołów_z_posiedzeń_Komitetu_Rady_Ministrów_ds.Bezpieczeństwa_Narodowego_i_spraw_Obronnych_-_przedłużenie_terminu_do_28.02.2021_epuap05.02.2021.docx',1,'do 28.02.2021 celem wydania decyzji',1527,498,1,239,NULL),(10500,'2021-02-08 09:15:25.923002','2021-02-23 11:25:03.738261','R','2021-02-09','II Kp 582_20','II_Kp_582_20_PR_2_Ds_1245.2020_UMiG_Otmuchów_-_Prokuratura_Rejonowa_w_Nysie_przekazanie_danych_Poczcie_Polskiej_-_zawiadomienie_09.03.2021_g.09.00_s.5_PT09.02.2021.pdf',5,'09.03.2021 g.09.00 s.5 \r\nzawiadomienie przyszło również do Adama K. 22.02.2021',1420,1299,2,141,'2021-03-09 08:00:00.000000'),(10505,'2021-02-08 11:14:00.786910','2021-02-08 11:14:00.786910','R','2021-02-08','KOP.0164.8.2021.PA','KOP.0164.8.2021.PA_Ministerstwo_Zdrowia_Narodowy_Program_Szczepień_-_kampanie_reklamowe_-_odp._na_wniosek_epuap08.02.2021.pdf',1,'należy zwrócić się do KPRM',1542,18,1,7,NULL),(10507,'2021-02-08 11:54:25.996627','2021-02-15 15:42:31.292148','S','2021-02-07','','Ministerstwo_Zdrowia_Rada_Medyczna_-_wniosek_o_inf._publiczną_epuap07.02.2021.pdf',0,'',1545,18,1,18,NULL),(10508,'2021-02-08 11:57:17.607075','2021-04-22 09:51:14.558797','S','2021-02-07','','KANCELARIA_PREZESA_RADY_MINISTRÓW_Narodowy_Program_Szczepień_-_kampanie_reklamowe_-_wniosek_o_inf._publiczną_epuap07.02.2021.pdf',0,'',1546,498,1,18,NULL),(10510,'2021-02-08 12:38:35.405310','2021-02-08 12:38:35.405310','R','2021-02-08','CIR.WOAIP.1510.147.2021.AK','CIR.WOAIP.1510.147.2021.AK_Kancelaria_Prezesa_Rady_Ministrów_spotkanie_prezes_TK_w_KPRM_z_dnia_13.01.2021_-_odp._na_wniosek_epuap08.02.2021.DOCX',1,'',1528,498,1,7,NULL),(10518,'2021-02-09 09:38:23.670146','2021-02-09 09:38:23.670146','R','2021-02-08','II Kp 582_20 (PR 2 Ds 1245.2020)','II_Kp_582_20_UMiG_Otmuchów_-_Prokuratura_Rejonowa_w_Nysie_przekazanie_danych_Poczcie_Polskiej_-_posiedzenie_odwoławcze_mec.08.02.2021.pdf',6,'02.02.2021',1420,1299,5,141,NULL),(10522,'2021-02-09 14:42:14.182767','2021-02-16 14:11:20.701659','S','2021-02-09','57_AZ_SOWP_2021_SOKBT','Polska_Wytwórnia_Papierów_Wartościowych_wnioski_o_kompensaty_za_wybory_-_wniosek_podpisany_PT_9.02.2021_pBTJaWW.pdf',3,'podpisany wniosek',1496,155,2,18,NULL),(10525,'2021-02-10 08:48:46.752719','2021-02-17 09:03:37.108586','R','2021-02-09','PR Ds. 2983.2020','PR_Ds._2983.2020_-_przekazanie_zażalenia_PT09.02.2021.pdf',5,'przekazanie zażalenia do SR II Wydział Karny w Suwałkach\r\n\r\ndostarczono również do Adama K. 15.02.2021',1431,855,2,316,NULL),(10526,'2021-02-10 09:03:08.330908','2021-02-17 09:02:08.839390','R','2021-02-09','II Kp 48_21 (PR Ds 2983.2020)','II_Kp_48_21_PR_Ds_2983.2020_UG_Bakałarzewo_-_Prokuratura_Rejonowa_w_Suwałkach_udostępnienie_danych_Poczcie_Polskiej_-_posiedzenie__04.03.2021_g.13.30_s.3_PT09.02.2021.pdf',6,'04.03.2021 g.13.30 s.3\r\ndostarczono również do Adama K. 15.02.2021',1431,1306,2,141,'2021-03-04 12:30:00.000000'),(10533,'2021-02-10 11:24:06.462001','2021-03-11 07:30:52.600859','R','2021-02-09','DB_21_2021','DB_21_2021_KGHM_Polska_Miedź_S.A._koszt_ilość_magazynowanie_środków_higienicznych_-_odp._na_wniosek_PT08.02.2021.pdf',4,'',1538,148,2,253,NULL),(10537,'2021-02-10 11:56:19.281752','2021-02-10 11:56:19.281752','R','2021-02-09','ZG.0172.01.2021','ZG.0172.01.2021_Nadleśnictwo_Supraśl_Konsultacje_społeczne_w_Nadleśnictwach_-_wezwanie_PT09.02.2021.pdf',0,'',1547,1308,2,2,'2021-02-15 23:00:00.000000'),(10538,'2021-02-10 12:03:12.947362','2021-02-10 12:03:12.947362','R','2021-02-09','ZG.0172.2.2021','ZG.0172.2.2021_Nadleśnictwo_Dobrzejewice_Konsultacje_społeczne_w_Nadleśnictwach_-_Fedrowanie_-_wezwanie_PT09.02.2021.pdf',0,'',1548,1309,2,2,'2021-02-15 23:00:00.000000'),(10539,'2021-02-10 12:08:39.173810','2021-02-10 12:08:39.173810','R','2021-02-09','ZG.0172.14.2020','ZG.0172.14.2020_Nadleśnictwo_Krasnystaw_Konsultacje_społeczne_w_Nadleśnictwach_-_Fedrowanie_-_wezwanie_PT09.02.2021.pdf',0,'',1549,1310,2,2,'2021-02-15 23:00:00.000000'),(10540,'2021-02-10 12:25:44.509872','2021-02-10 12:25:44.509872','R','2021-02-09','ZG.0172.1.1.2020.OW','ZG.0172.1.1.2020.OW_Nadleśnictwo_Lwówek_Śląski_Konsultacje_społeczne_w_Nadleśnictwach_-_Fedrowanie_-_wezwanie_PT09.02.2021.pdf',0,'',1550,1311,2,2,'2021-02-15 23:00:00.000000'),(10541,'2021-02-10 12:43:28.631891','2021-02-11 10:57:07.054310','R','2021-02-09','ZG.0172.1.2021','ZG.0172.1.2021_Nadleśnictwo_Zwierzyniec_Konsultacje_społeczne_w_Nadleśnictwach_-_Fedrowanie_-_wezwanie_PT09.02.2021.pdf',0,'',1551,1312,2,2,'2021-02-15 23:00:00.000000'),(10542,'2021-02-10 13:03:41.829602','2021-02-10 13:03:41.829602','R','2021-02-09','ZG.0172.1.2021','ZG.0172.1.2021_Nadleśnictwo_Tomaszów_Konsultacje_społeczne_w_Nadleśnictwach_-_Fedrowanie_-_wezwanie_PT09.02.2021.pdf',0,'',1552,1313,2,2,'2021-02-15 23:00:00.000000'),(10543,'2021-02-10 13:09:22.245629','2021-02-10 13:09:22.245629','R','2021-02-09','ZG.0172.4.2021','ZG.0172.4.2021_Nadleśnictwo_Józefów_Konsultacje_społeczne_w_Nadleśnictwach_-_Fedrowanie_-_wezwanie_PT09.02.2021.pdf',0,'',1553,1314,2,2,'2021-02-15 23:00:00.000000'),(10544,'2021-02-10 13:22:44.071684','2021-02-10 13:22:44.071684','R','2021-02-09','ZU.0172.17.2020','ZU.0172.17.2020_Regionalna_Dyrekcja_Lasów_Państwowych_w_Krakowie_Konsultacje_Planów_Urządzenia_Lasu_-_fedrowanie_-_decyzja_uchylająca_poprzednią_decyzję__odp._na_wniosek_PT09.02.2021.pdf',5,'+ odp. na wniosek',1506,1277,2,27,NULL),(10548,'2021-02-10 13:48:36.127820','2021-04-08 11:59:14.313416','R','2021-02-09','PR Ds. 1646.2020','PR_Ds._1646.2020_UG_Komarówka_Podlaska_-_Prokuratura_Rejonowa_w_Radzyniu_Podlaskim_udostępnienie_danych_Poczcie_Pol_-_odmowa_wszczęcia_śledztwa_PT09.02.2021.pdf',2,'',1432,1052,2,308,NULL),(10554,'2021-02-11 08:41:42.353858','2021-02-11 08:41:42.353858','R','2021-02-09','PR Ko 68.2021','PR_Ko_68.2021_Gmina_Olesno_-_Prokuratura_Rejonowa_w_Dąbrowie_Tarnowskiej_udostępnienie_danych_Poczcie_Polskiej_-_przekazanie_zawiadomienia_do_PO_w_Tarnowie_PT09.02.2021.pdf',1,'przekazanie zawiadomienia do PO w Tarnowie',1522,896,2,316,NULL),(10555,'2021-02-11 08:49:19.842755','2021-02-17 15:19:28.269071','R','2021-02-09','NED.0172.2021','NED.0172.2021_Nadleśnictwo_Milicz_Konsultacje_społeczne_w_Nadleśnictwach_-_Fedrowanie_-_wezwanie_do_wykazania_interesu_publicznego_PT09.02.2021.pdf',0,'',1554,1315,2,14,NULL),(10558,'2021-02-11 09:24:31.458100','2021-02-15 15:25:38.587197','S','2021-02-11','63_AZ_SOWP_2021_ePUAP','63_AZ_SOWP_2021_ePUAP_Ministerstwo_Zdrowia_wprowadzenie_Narodowej_Kwarantanny_-_prośba_o_ponowne_rozpatrzenie_wniosku.pdf',2,'ponowienie wniosku, bo MZ odesłało nas do KPRM, a KPRM do MZ',1492,18,1,80,NULL),(10561,'2021-02-11 11:29:02.909446','2021-02-11 11:29:02.909446','S','2021-02-11','69_AZ_SOWP_2021_AZ','69_AZ_SOWP_2021_AZ_Ministerstwo_Kultury_i_Dziedzictwa_Narodowego_umowa_z_IT_i_IMiT_w_związku_z_Funduszem_Wsparcia_Kul_-_doprecyzowanie_wniosku_11.02.21_ePUAP.pdf',2,'doprecyzowanie wniosku',1511,111,1,80,NULL),(10564,'2021-02-12 08:35:50.188128','2021-02-17 16:25:38.837098','R','2021-02-11','ZG.0172.3.2021','ZG.0172.3.2021_Nadleśnictwo_Radziwiłłów_Konsultacje_społeczne_w_Nadleśnictwach_-_Fedrowanie_-_wezwanie_PT11.02.2021.pdf',0,'',1555,1316,2,2,NULL),(10566,'2021-02-12 09:29:37.965022','2021-03-17 07:35:25.526060','R','2021-02-11','','KGHM_Polska_Miedź_S.A._koszt_ilość_magazynowanie_środków_higienicznych_-_decyzja_odmowna_pyt.35_PT11.02.2021.pdf',5,'odnośnie pyt. 3 i 5 - nie złożyliśmy skargi, bo nie wezwali nas wcześniej do podpisania wniosku i był pat',1538,148,2,22,'2021-03-14 23:00:00.000000'),(10568,'2021-02-12 16:58:52.047070','2021-02-12 16:58:52.047070','R','2021-02-12','II SA_Op 40_21','II_SA_Op_40_21_Nadleśnictwo_Prószków_Konsultacje_społeczne_w_Nadleśnictwach_-_Fedrowanie_-_wpis_epuap12.02.2021.pdf',1,'',1504,87,1,10,'2021-02-18 23:00:00.000000'),(10574,'2021-02-15 08:36:32.216008','2021-04-08 11:59:14.311605','S','2021-02-14','(PR Ds 1646.2020)','UG_Komarówka_Podlaska_-_Prokuratura_Rejonowa_w_Radzyniu_Podlaskim_udostępnienie_danych_Poczcie_Pol_-_Zażalenie_Komarówka_Podlaska_mec.2021.02.14.docx',3,'mec. Kuczyński',1432,1052,5,51,NULL),(10575,'2021-02-15 08:56:29.480411','2021-02-16 14:09:28.639707','S','2021-02-15','70_AK_SOWP_2021_ePUAP','70_AK_SOWP_2021_ePUAP_UG_Chynów_-_Prokuratura_Rejonowa_w_Grójcu_udostepnienie_danych_PP_-_zawiadomienie_o_popełnieniu_przestępstwa_ePUAP_15.02.21ePUAP.pdf',0,'Zawiadomienia z danymi, NIE UDOSTEPNIAĆ.',1556,1002,1,354,NULL),(10576,'2021-02-15 09:00:01.027524','2021-02-16 12:32:39.667747','S','2021-02-15','71_AK_SOWP_2021_ePUAP','71_AK_SOWP_2021_ePUAP_UG_Drzycim_-_Prokuratura_Rejonowa_w_Świeciu_udostępnienie_danych_PP_-_zawiadomienie_o_popełnieniu_przestępstwa_15.02.21_ePUAP.pdf',0,'Zawiadomienia z danymi, NIE UDOSTEPNIAĆ.',1557,1319,1,354,NULL),(10577,'2021-02-15 09:03:55.630194','2021-02-16 12:31:50.771002','S','2021-02-15','72_AK_SOWP_2021_ePUAP','72_AK_SOWP_2021_ePUAP_UG_Borkowice_-_Prokuratura_Rejonowa_w_Przysusze_udostępnienie_danych_PP_-_zawiadomienie_o_popełnieniu_przestępstwa_ePUAP_15.02.21.pdf',0,'Zawiadomienia z danymi, NIE UDOSTEPNIAĆ.',1558,723,1,354,NULL),(10580,'2021-02-15 11:46:53.127428','2021-04-20 05:21:43.479870','R','2021-02-15','BPD-I.6106.1.2021.MW','BPD-I.3106.1.2021.MW_Minister_Rodziny_i_Polityki_Społecznej_raporty_dot._demografii_-_odp._na_wniosek_epuap15.02.2021.DOCX',5,'',1475,169,1,253,NULL),(10584,'2021-02-15 15:18:36.540822','2021-02-15 15:18:36.540822','S','2021-02-11','','MINISTERSTWO_ZDROWIA_umowa_na_zakup_szczepionek_na_COVID-19_pomiędzy_Pfizer_a_KE_-_wniosek_o_informację.pdf',0,'',1559,18,1,18,NULL),(10585,'2021-02-15 15:42:31.241871','2021-02-15 15:42:31.241871','R','2021-02-15','DBC.532.3.2021.MK','DBC.532.3.2021.MK_Ministerstwo_Zdrowia_Rada_Medyczna_-_przekazanie_wniosku_do_KPRM_epuap15.02.2021.pdf',1,'przekazanie wniosku do KPRM',1545,18,1,316,NULL),(10590,'2021-02-16 09:34:15.667338','2021-04-14 06:45:06.597948','S','2021-02-16','74_MW_SOWP_2021_SOKBT','Telewizja_Polska_TVP_TV_Trwam_-_udostępnienie_sygnału_z_przemówienia_J._Emilewicz_w_czasie_pielgrz_SNB_16.02.21PT.pdf',0,'KW: 08.04.2021 dzwoniłam do WSA i SNB nie została przekazana. \r\nAZ: 13.04  dzwonił mecenas z TVP i powiedział, że przekazali skargę chyba w tym tygodniu',1560,168,2,1,NULL),(10594,'2021-02-16 10:22:23.021493','2021-02-16 10:22:23.021493','R','2021-02-15','PO I Ds. 113.2020. (PO I Rz. 6.2021. PO I Rz. 9.2021.)','PO_I_Ds._113.2020._PO_I_Rz._6.2021._PO_I_Rz._9.2021._UM_Lubycza_Królewska_-_Prokuratura_Rejonowa_w_Tomaszowie_Lubelskim_udostępnienie_danych_Poczcie_Po_-_przekazanie_akt_wraz_z_zażaleniem_ro_SR_w_Tomaszowie_Lub._PT15.02..pdf',5,'przekazanie akt wraz z zażalenie do SR w Tomaszowie Lubelskim',1436,985,2,316,NULL),(10595,'2021-02-16 11:39:43.158822','2021-05-10 08:08:22.419881','S','2021-02-16','84_AK_SOWP_2021_ePUAP','WZÓR_DO_WKLEJENIA_84_AK_SOWP_2021_ePUAP.docx',0,'zawiadomienie zostało wrzucone na ePUAP 16.12.2020 ale nie zostało wysłane. Wykasowane z ePUAP 10.05.2021',1561,918,1,354,NULL),(10596,'2021-02-16 11:46:45.153373','2021-05-10 07:59:01.497421','S','2021-02-16','85_AK_SOWP_2021_ePUAP','WZÓR_DO_WKLEJENIA_85_AK_SOWP_2021_ePUAP.docx',0,'zawiadomienie zostało wrzucone na ePUAP 16.12.2021 ale nie zostało wysłane. Wykasowane z ePUAP 10.05.2021',1562,1002,1,354,NULL),(10597,'2021-02-16 11:50:15.444609','2021-05-10 08:00:23.235359','S','2021-02-16','86_AK_SOWP_2021_ePUAP','WZÓR_DO_WKLEJENIA_86_AK_SOWP_2021_ePUAP.docx',0,'zawiadomienie zostało wrzucone na ePUAP 16.12.2021 ale nie zostało wysłane. Wykasowane z ePUAP 10.05.2021',1563,1326,1,354,NULL),(10600,'2021-02-16 14:07:20.640907','2021-04-26 07:30:50.694376','S','2020-06-30','','Telewizja_Polska_TVP_TV_Trwam_-_udostępnienie_sygnału_z_przemówienia_J._Emilewicz_w_czasie_pielgrz_wniosek_30.06.2020_email.pdf',2,'',1560,168,3,18,NULL),(10605,'2021-02-16 16:36:18.026950','2021-02-16 16:36:18.026950','R','2021-02-16','II SA_Wa 2534_20','II_SA_Wa_2534_20_Telewizja_Polska_TVP_autor_pytań_na_debatę_prezydencką_z_17.06.2020_-_wpis_odp._na_skargę_epuap16.02.2021.pdf',3,'',1413,71,1,69,'2021-02-22 23:00:00.000000'),(10608,'2021-02-17 09:53:33.831959','2021-02-23 09:01:33.693536','S','2021-02-16','','MINISTERSTWO_INFRASTRUKTURY_pytania_egzaminacyjne_dla_egzaminatorów_na_prawo_jazdy_-_wniosek_o_informację_publiczną_epuap.pdf',0,'',1564,175,1,18,NULL),(10609,'2021-02-17 10:17:38.656914','2021-03-01 08:57:27.591379','S','2021-02-16','','Rada_Gminy_Nowiny_nieprawidłowości_na_sesjach_Rady_Gminy_-_wniosek_KPA_epuap16.02.2021.pdf',0,'',1565,1327,1,45,NULL),(10610,'2021-02-17 11:38:40.605580','2021-02-17 11:38:40.605580','R','2021-02-17','BM-WRP.012.115.2020','BM-WRP.012.115.2020_Ministerstwo_Sportu_liga_żużlowa_-_kontrole_umowy_-_odp._na_wniosek_epuap17.02.2021.pdf',2,'',1490,720,1,253,NULL),(10611,'2021-02-17 11:44:47.763919','2021-02-17 11:44:47.763919','R','2021-02-16','83_MB_SOWP_2021_ePUAP','83_MB_SOWP_2021_ePUAP_Nadleśnictwo_Zwierzyniec_Konsultacje_społeczne_w_Nadleśnictwach_-_Fedrowanie_-_odpowiedź_na_wezwanie_ZG.0172.1.2021.pdf',1,'dot. ZG.0172.1.2021',1551,1312,1,41,NULL),(10612,'2021-02-17 11:46:40.090160','2021-02-17 12:03:16.949605','S','2021-02-16','82_MB_SOWP_2021_ePUAP','82_MB_SOWP_2021_ePUAP_Nadleśnictwo_Supraśl_Konsultacje_społeczne_w_Nadleśnictwach_-_Fedrowanie_-_odpowiedź_na_wezwanie_ZG.0172.01.2021.pdf',1,'dot.  ZG.0172.01.2021',1547,1308,1,41,NULL),(10613,'2021-02-17 11:50:09.927090','2021-02-17 12:03:12.071858','S','2021-02-16','81_MB_SOWP_2021_ePUAP','81_MB_SOWP_2021_ePUAP_Nadleśnictwo_Krasnystaw_Konsultacje_społeczne_w_Nadleśnictwach_-_Fedrowanie_-_odpowiedź_na_wezwanie_ZG.0172.14.2021.pdf',1,'dot. ZG.0172.14.2021',1549,1310,1,41,NULL),(10614,'2021-02-17 11:52:33.154078','2021-02-17 12:03:07.404332','S','2021-02-16','80_MB_SOWP_2021_ePUAP','80_MB_SOWP_2021_ePUAP_Nadleśnictwo_Tomaszów_Konsultacje_społeczne_w_Nadleśnictwach_-_Fedrowanie_-_odpowiedź_na_wezwanie_ZG.0172.1.2021.pdf',1,'dot.  ZG.0172.1.2021',1552,1313,1,41,NULL),(10615,'2021-02-17 11:55:42.578645','2021-02-17 12:02:54.085309','S','2021-02-16','79_MB_SOWP_2021_ePUAP','79_MB_SOWP_2021_ePUAP_Nadleśnictwo_Lwówek_Śląski_Konsultacje_społeczne_w_Nadleśnictwach_-_Fedrowanie_-_odpowiedź_na_wezwanie_ZG.0172.1.1.2020.OW.pdf',1,'dot. ZG.0172.1.1.2020.OW',1550,1311,1,41,NULL),(10616,'2021-02-17 12:00:23.429874','2021-02-17 12:00:23.429874','S','2021-02-16','78_MB_SOWP_2021_ePUAP','78_MB_SOWP_2021_ePUAP_Nadleśnictwo_Dobrzejewice_Konsultacje_społeczne_w_Nadleśnictwach_-_Fedrowanie_-_odpowiedź_na_wezwanie_ZG.0172.2.2021.pdf',1,'dot. ZG.0172.2.2021',1548,1309,1,41,NULL),(10617,'2021-02-17 12:02:36.201080','2021-02-17 12:02:36.201080','S','2021-02-16','77_MB_SOWP_2021_ePUAP','77_MB_SOWP_2021_ePUAP_Nadleśnictwo_Józefów_Konsultacje_społeczne_w_Nadleśnictwach_-_Fedrowanie_-_odpowiedź_na_wezwanie_ZG.0172.4.2021.pdf',1,'dot. ZG.0172.4.2021',1553,1314,1,41,NULL),(10618,'2021-02-17 12:10:29.166573','2021-02-17 12:10:29.166573','R','2021-02-17','II SA_Sz 100_21','II_SA_Sz_100_21_NADLEŚNICTWO_GOLENIÓW_Konsultacje_społeczne_w_Nadleśnictwach_-_Fedrowanie_-_wezwanie_do_usunięcia_braków_formalnych_epuap17.02.2021.pdf',1,'',1517,126,1,290,'2021-02-23 23:00:00.000000'),(10620,'2021-02-17 15:29:37.856130','2021-05-11 07:08:55.815322','S','2021-02-17','92_AK_SOWP_2021_ePUAP','WZÓR_DO_WKLEJENIA_92_AK_SOWP_2021_ePUAP.docx',0,'zawiadomienie wrzucone na ePUAP 17.12.2020 ale nie wysłane, usunięte z ePUAP 10.05.2021',1566,934,1,354,NULL),(10621,'2021-02-17 15:31:52.745967','2021-05-11 07:09:07.326254','S','2021-02-17','93_AK_SOWP_2021_ePUAP','WZÓR_DO_WKLEJENIA_93_AK_SOWP_2021_ePUAP.docx',0,'zawiadomienie wrzucone na ePUAP 17.12.2020 ale nie wysłane, usunięte z ePUAP 10.05.2021',1567,799,1,354,NULL),(10622,'2021-02-17 15:37:15.333058','2021-05-11 07:09:17.869902','S','2021-02-17','94_AK_SOWP_2021_ePUAP','WZÓR_DO_WKLEJENIA_94_AK_SOWP_2021_ePUAP.docx',0,'zawiadomienie wrzucone na ePUAP 17.12.2020 ale nie wysłane, usunięte z ePUAP 10.05.2021',1568,1331,1,354,NULL),(10623,'2021-02-17 16:25:38.782335','2021-02-17 16:25:38.782335','S','2021-02-17','','90_MB_SOWP_2021_ePUAP_Nadleśnictwo_Radziwiłłów_Konsultacje_społeczne_w_Nadleśnictwach_-_Fedrowanie_-_odpowiedź_na_wezwanie_ZG.0172.3.2021.pdf',1,'dot. ZG.0172.3.2021',1555,1316,1,41,NULL),(10624,'2021-02-17 16:32:43.837927','2021-02-17 16:32:43.837927','S','2021-02-17','91_MB_SOWP_2021_ePUAP','91_MB_SOWP_2021_ePUAP_Nadleśnictwo_Milicz_Konsultacje_społeczne_w_Nadleśnictwach_-_Fedrowanie_-_odpowiedź_na_wezwanie_NED.0172.1.2021.pdf',1,'dot. NED.0172.1.2021',1554,1315,1,41,NULL),(10627,'2021-02-17 16:52:20.587751','2021-02-17 16:52:20.587751','R','2021-02-17','CIR.WOAIP.1510.195.2021.AK','CIR.WOAIP.1510.195.2021.AK_KANCELARIA_PREZESA_RADY_MINISTRÓW_Rada_Medyczna_-_odp._na_wniosek_epuap17.02.2021.pdf',1,'',1541,498,1,7,NULL),(10632,'2021-02-19 08:59:20.682056','2021-02-19 08:59:20.682056','R','2021-02-18','PO IV Dsn 71.2021','PO_IV_Dsn_71.2021_Gmina_Olesno_-_Prokuratura_Rejonowa_w_Dąbrowie_Tarnowskiej_udostępnienie_danych_Poczcie_Polskiej_-_przekazanie_akt_do_PO_w_Warszawie_PT18.02.2021.pdf',2,'przekazanie akt do PO w Warszawie',1522,1065,2,316,NULL),(10635,'2021-02-19 10:40:02.254652','2021-03-19 10:28:24.463367','R','2021-02-19','','Instytut_Muzyki_i_Tańca_Fundusz_Wsparcia_Kultury_-_decyzja_odmowna_epuap19.02.2021.pdf',5,'',1469,1187,1,22,'2021-03-21 23:00:00.000000'),(10638,'2021-02-19 12:07:43.862701','2021-03-24 12:39:52.903953','R','2021-03-03','IT_20_2021_W','IT_20_2021_W_Instytut_Teatralny_Fundusz_Wsparcia_Kultury_-_decyzja_odmowna_PT03.03.2021.pdf',5,'Decyzja przyszła również przez ePUAP 19.02.2021 (termin do skargi z ePUAP był do 22.03.2021)',1468,1186,2,22,'2021-04-01 22:00:00.000000'),(10639,'2021-02-19 12:46:18.597929','2021-02-19 12:46:18.597929','R','2021-02-19','II SA_Gd 87_21','II_SA_Gd_87_21_Uniwersytet_Gdański_plagiaty_-_wpis_odp._na_skargę__możliwość_rozpoznania_w_trybie_uproszczonym_epuap19.02.2021.pdf',3,'+ możliwość rozpoznania sprawy w trybie uproszczonym',1465,74,1,69,'2021-02-25 23:00:00.000000'),(10640,'2021-02-19 13:07:43.300787','2021-02-25 09:26:16.052005','R','2021-02-19','II SA_Op 47_21','II_SA_Op_47_21_Muzeum_Śląska_Opolskiego_wynagrodzenie_pracowników_-_wpis_epuap19.02.2021.pdf',5,'',1439,87,1,10,NULL),(10643,'2021-02-19 14:10:37.007132','2021-02-19 14:10:37.007132','R','2021-02-19','','KANCELARIA_SEJMU_opinie_prawne_przygotowane_przez_BAS_przedstawione_przez_Mularczyka_-_odp._na_wniosek_epuap19.02.2021.pdf',2,'',1513,550,1,7,NULL),(10645,'2021-02-22 08:06:49.591226','2021-02-22 08:49:20.940115','S','2021-02-22','97_AZ_SOWP_2021_AZ','97_AZ_SOWP_2021_AZ_Uniwersytet_Gdański_plagiaty_-_odp._na_zarządzenie_o_możliwość_rozpoznania_sprawy_w_trybie_uproszczonym_II_SA_Gd_87_21_22.02.21ePUAP.pdf',4,'o przeprowadzenie sprawy w rybie uproszczonym',1465,74,1,41,NULL),(10648,'2021-02-22 13:22:47.575290','2021-02-23 13:03:53.407347','R','2021-02-18','NA.0172.2.2021','NA.0172.2.2021_Nadleśnictwo_Międzyrzecz_Konsultacje_społeczne_w_Nadleśnictwach_-_Fedrowanie_-_wezwanie_PT18.02.2021.pdf',0,'',1569,1332,2,2,NULL),(10649,'2021-02-22 13:35:34.468882','2021-02-23 12:55:16.139935','R','2021-02-18','ZG.0172.1.2021','ZG.0172.1.2021_Nadleśnictwo_Grójec_Konsultacje_społeczne_w_Nadleśnictwach_-_Fedrowanie_-_wezwanie_PT18.02.2021.pdf',0,'',1570,1333,2,2,NULL),(10650,'2021-02-22 13:45:13.622795','2021-02-23 12:50:00.608463','R','2021-02-18','ZG.0172.10.2020','ZG.0172.10.2020_Nadleśnictwo_Krotoszyn_Konsultacje_społeczne_w_Nadleśnictwach_-_Fedrowanie_-_wezwanie_PT18.02.2021.pdf',0,'',1571,1334,2,2,NULL),(10652,'2021-02-23 08:51:04.770516','2021-02-23 08:52:20.041030','R','2021-02-22','ORP-0147-1_21-3','ORP-0147-1_21-3_Polska_Wytwórnia_Papierów_Wartościowych_wnioski_o_kompensaty_za_wybory_-_decyzja_odmowna_PT22.2.2021.pdf',4,'',1496,155,2,22,'2021-03-23 23:00:00.000000'),(10653,'2021-02-23 08:58:26.418249','2021-02-23 12:45:17.082655','R','2021-02-22','ZG.0171.1.2021','ZG.0171.1.2021_Nadleśnictwo_Złotoryja_Konsultacje_społeczne_w_Nadleśnictwach_-_Fedrowanie_-_wezwanie_PT22.02.2021.pdf',0,'',1572,1335,1,2,NULL),(10654,'2021-02-23 09:01:33.644506','2021-02-23 09:01:33.644506','R','2021-02-23','DTD-5.014.2.2021','DTD-5.014.2.2021_-_informacja_publiczna_w_sprawie_bazy_pytan_egzaminacyj....pdf',1,'wnioskowane informacje nie stanowią IP',1564,175,3,37,NULL),(10656,'2021-02-23 09:25:49.878332','2021-02-23 12:38:27.302287','R','2021-02-22','N.0172.1.2021.ZOP','N.0172.1.2021.ZOP_Nadleśnictwo_Ruszów_Konsultacje_społeczne_w_Nadleśnictwach_-_Fedrowanie_-_wezwanie_PT22.02.2021.pdf',0,'',1573,1336,2,2,NULL),(10659,'2021-02-23 10:25:03.536641','2021-02-23 10:25:03.536641','R','2021-02-22','PR Ko 45.2021','PR_Ko_45.2021_Gmina_Maków_-_Prokuratura_Rejonowa_w_Skierniewicach_udostępnienie_danych_PP_-_prośba_o_wyznaczenie_innej_jednostki_do_prowadzenia_postępowania_PT22.02.20221.pdf',1,'prośba o wyznaczenie innej jednostki do prowadzenia postępowania',1533,1296,2,316,NULL),(10663,'2021-02-23 12:23:02.825279','2021-02-23 12:34:19.068140','R','2021-02-23','','ZF_0133-8_20_KRAJOWE_BIURO_WYBORCZE_wnioski_o_kompensaty_za_wybory_-_odp._na_wniosek_epuap23.02.2021.pdf',2,'',1493,1207,1,253,NULL),(10664,'2021-02-23 12:38:27.247702','2021-02-23 12:38:27.247702','S','2021-02-23','104_MB_SOWP_2021_ePUAP','104_MB_SOWP_2021_ePUAP_Nadleśnictwo_Ruszów_Konsultacje_społeczne_w_Nadleśnictwach_-_Fedrowanie_-_odpowiedź_na_wezwanie_N.0172.1.2021.ZOP.pdf',1,'dot.  N.0172.1.2021.ZOP',1573,1336,1,41,NULL),(10665,'2021-02-23 12:45:17.039335','2021-02-23 12:45:17.039335','S','2021-02-23','103_MB_SOWP_2021_ePUAP','103_MB_SOWP_2021_ePUAP_Nadleśnictwo_Złotoryja_Konsultacje_społeczne_w_Nadleśnictwach_-_Fedrowanie_-_odpowiedź_na_wezwanie_ZG.0171.1.2021.pdf',1,'dot. ZG.0171.1.2021',1572,1335,1,41,NULL),(10666,'2021-02-23 12:50:00.560038','2021-05-21 08:56:35.644744','S','2021-02-23','102_MB_SOWP_2021_ePUAP','102_MB_SOWP_2021_ePUAP_Nadleśnictwo_Krotoszyn_Konsultacje_społeczne_w_Nadleśnictwach_-_Fedrowanie_-_odpowiedź_na_wezwanie_ZG.0172.10.2020.pdf',4,'dot. ZG.0172.10.2020',1571,1334,1,41,NULL),(10667,'2021-02-23 12:57:04.390626','2021-02-23 12:57:04.390626','S','2021-02-23','101_MB_SOWP_2021_ePUAP','101_MB_SOWP_2021_ePUAP_Nadleśnictwo_Grójec_Konsultacje_społeczne_w_Nadleśnictwach_-_Fedrowanie_-_odpowiedź_na_wezwanie_ZG.0172.1.2021.pdf',1,'dot. ZG.0172.1.2021',1570,1333,1,41,NULL),(10668,'2021-02-23 13:04:44.750616','2021-02-23 13:04:44.750616','S','2021-02-23','100_MB_SOWP_2021_ePUAP','100_MB_SOWP_2021_ePUAP_Nadleśnictwo_Międzyrzecz_Konsultacje_społeczne_w_Nadleśnictwach_-_Fedrowanie_-_odpowiedź_na_wezwanie_NA.0172.2.2021.pdf',1,'dot. NA.0172.2.2021',1569,1332,1,41,NULL),(10669,'2021-02-23 13:17:23.988724','2021-04-16 11:58:29.358881','S','2021-02-23','','Ministerstwo_Rodziny_i_Polityki_Społecznej_umowa_na_badanie_dot._demografii_-_wniosek_o_informację_epuap23.02.021.pdf',0,'pytanie o umowę, żeby wiedzieć, jakie są terminy zakończenia badania i publikacji raportów',1475,1348,1,18,NULL),(10670,'2021-02-23 13:24:22.247206','2021-03-11 09:37:10.595128','S','2021-02-23','','Komenda_Główna_Policji_raport_działań_policji_z_18_listopada_-_wniosek_o_inf._publiczną.pdf',0,'',1575,716,1,18,NULL),(10671,'2021-02-23 13:42:50.611077','2021-02-23 13:46:42.066544','R','2021-02-23','II SA_Op 40_21','II_SA_Op_40_21_Nadleśnictwo_Prószków_Konsultacje_społeczne_w_Nadleśnictwach_-_Fedrowanie_-_posiedzenie_niejawne_23.03.2021__możliwość_złożenie_pisemnego_wyjaśnienia__odp._na_skargę_epuap23.02.2021.pdf',2,'+ odpowiedź na skargę\r\n+ możliwość złożenia pisemnego wyjaśnienia\r\n\r\nSkład sędziowski:\r\nK. Sobieralski\r\nB. Kozicka\r\nD. Sachanbińska (spr.)',1504,87,1,363,'2021-03-22 23:00:00.000000'),(10674,'2021-02-24 12:29:42.451842','2021-03-11 10:24:38.953425','S','2021-02-24','107_SD_SOWP_2021_ePUAP','107_SD_SOWP_2021_ePUAP_Gmina_Trzcianne_Mieszkańcy_i_radni_wobec_raportu_o_stanie_gminy_-_Fedrowanie_-_snb_1.03.2021ePUAP.pdf',0,'',1576,493,1,1,NULL),(10675,'2021-02-24 12:30:49.854381','2021-03-11 10:42:03.646513','S','2021-02-24','108_SD_SOWP_2021_ePUAP','108_SD_SOWP_2021_ePUAP_Gmina_Trzcianne_Monitoring_samorządy_-_Fedrowanie_-_SNB.pdf',0,'',1577,493,1,1,NULL),(10676,'2021-02-24 12:32:03.707665','2021-03-11 10:34:42.198904','S','2021-02-24','109_SD_SOWP_2021_ePUAP','109_SD_SOWP_2021_ePUAP_Gmina_Trzcianne_O_liczbę_wniosków_-_Fedrowanie_-_SNB.pdf',0,'',1578,493,1,1,NULL),(10677,'2021-02-24 12:32:52.245987','2021-03-11 10:30:43.809506','S','2021-02-24','110_SD_SOWP_2021_ePUAP','110_SD_SOWP_ePUAP_2021_Gmina_Trzcianne_Cyfryzacja_urzędów_-_Fedrowanie_-_SNB.pdf',0,'',1579,493,1,1,NULL),(10679,'2021-02-25 08:45:25.526266','2021-03-10 12:29:20.242425','S','2021-02-24','','Państwowa_Komisja_ds._Pedofilii_działalność_i_koszty_komisji_-_wniosek_o_inf._publiczną_mail24.02.2021.pdf',0,'',1580,1338,3,18,NULL),(10680,'2021-02-25 09:16:02.346854','2021-02-25 13:37:26.478157','R','2021-02-25','II SA_Op 47_21 D.024.1.2021','II_SA_Op_47_21_II_SA_Op_47_21_-_posiedzenie_niejawne_23.03.2021__możliwość_złożenie_pisemnego_wyjaśńienia__odp._na_skargę_epuap25.02.2021.pdf',6,'+ odp. na skargę\r\n+ możliwość złożenia pisemnego wyjaśnienia\r\n\r\nSkład sędziowski:\r\nK. Sobieralski\r\nB. Kozicka\r\nD. Sachanbińska (spr.)',1439,87,1,363,'2021-03-22 23:00:00.000000'),(10681,'2021-02-25 09:56:47.795237','2021-03-05 10:47:54.912678','R','2021-02-25','II SA_Kr 169_21','II_SA_Kr_169_21_NADLEŚNICTWO_NIEPOŁOMICE_Konsultacje_społeczne_w_Nadleśnictwach_-_Fedrowanie_-_wezwanie_do_usunięcia_braków_formalnych_epuap25.02.2021.pdf',1,'',1524,88,1,290,'2021-03-03 23:00:00.000000'),(10682,'2021-02-25 10:16:12.563024','2021-02-25 10:16:12.563024','R','2021-02-25','ZPP.0164.61.2020.DL (2)','ZPP.0164.61.2020.DL2_Ministerstwo_Zdrowia_wprowadzenie_Narodowej_Kwarantanny_-_podtrzymanie_poprzedniej_odpowiedzi_epuap25.02.2021.pdf',3,'podtrzymują poprzednia odp. z 31.12.2020 ZPP.0164.61.2020.DL czyli nie są w posiadaniu wnioskowanych informacji',1492,18,1,7,NULL),(10683,'2021-02-25 10:31:10.065144','2021-02-25 10:31:10.065144','R','2021-02-25','DI.1431.2021.MW','DI.1431.2021.MW_UMiG_Chocianów_lekceważące_posty_na_fb_ws._sprawy_udip_-_odp._na_pimso_33_SD_SOWP_2021_ePUAP_epuap25.02.2021.pdf',6,'dot. 33_SD_SOWP_2021_ePUAP',1408,484,1,332,NULL),(10684,'2021-02-25 10:46:50.163253','2021-03-11 11:08:49.438573','S','2021-02-24','','Katolicki_Uniwersytet_Lubelski_współpraca_PFN_i_KUL_-_wniosek_o_inf._publiczną.pdf',0,'',1581,1185,1,18,NULL),(10685,'2021-02-25 11:02:53.324668','2021-04-30 13:15:17.724247','S','2021-02-24','','NADLEŚNICTWO_GOLENIÓW_Konsultacje_społeczne_w_Nadleśnictwach_-_Fedrowanie_-_odp._na_wezwanie_II_SA_Sz_100_21.pdf',2,'dot. SA_Sz 100_21',1517,126,1,41,NULL),(10686,'2021-02-25 11:47:25.932236','2021-02-25 11:47:25.932236','R','2021-02-25','II Dk_Wa 47_21','II_DK_Wa_47_21_Kancelaria_Prezydenta_RP_doradcy_społeczni_-_informacja_przekazanie_skargi_epuap25.02.2021.pdf',4,'przekazanie skargi (KW: źle zaadresowałam skargę i poszła do WSA w Warszawie)',1434,71,1,98,NULL),(10692,'2021-02-25 13:57:01.582589','2021-02-25 13:57:01.582589','R','2021-02-25','WMM.051.2.2021.KDL','WMM.051.2.2021.KDL_Ministerstwo_Zdrowia_umowa_na_zakup_szczepionek_na_COVID-19_pomiędzy_Pfizer_a_KE_-_odp_na_wniosek_częściowa_epuap25.02.2021.pdf',1,'',1559,18,1,253,NULL),(10693,'2021-02-25 14:00:46.966860','2021-04-01 06:03:39.559437','R','2021-03-01','WMM.051.2021.KDL','WMM.051.2.2021.KDL_Ministerstwo_Zdrowia_umowa_na_zakup_szczepionek_na_COVID-19_pomiędzy_Pfizer_a_KE_-_decyzja_odmowna_epuap01.03.2021.pdf',2,'przegapiliśmy termin złożenia SND',1559,18,1,22,'2021-03-28 22:00:00.000000'),(10696,'2021-02-26 13:54:04.818515','2021-02-26 13:54:04.818515','R','2021-02-26','SSE_BZ_195_2021','SSE_BZ_195_2021_Kostrzyńsko_-_Słubicka_Specjalna_Strefa_Ekonomiczna_S._A._Jawność_w_spółkach_komunalnych_-_Fedrowanie_-_wezwanie_do_wykazania_interesu_publicznego_PT26.02.2021.pdf',1,'Pani listonosz nie oderwała zwrotki. Do oddania.',1582,1339,2,290,'2021-03-04 23:00:00.000000'),(10698,'2021-03-01 08:57:27.509981','2021-03-01 10:35:44.243187','R','2021-03-01','BR.0004.2.2021','BR.0004.2.2021_Rada_Gminy_Nowiny_nieprawidłowości_na_sesjach_Rady_Gminy_-_odp_na_wniosek_KPA_epuap01.03.2021.pdf',1,'',1565,1327,1,300,NULL),(10699,'2021-03-01 09:20:56.241596','2021-03-01 09:20:56.241596','R','2021-03-01','IV SA_Wr 147_21','IV_SA_Wr_147_21_NADLEŚNICTWO_BARDO_ŚLĄSKIE_Konsultacje_społeczne_w_Nadleśnictwach_-_Fedrowanie_-_epuap01.03.2021.pdf',1,'',1539,212,1,54,NULL),(10700,'2021-03-01 09:34:00.484292','2021-03-01 09:34:00.484292','R','2021-03-01','II SAB_Wa 785_20','II_SAB_Wa_785_20_Ministerstwo_Zdrowia_raport_zespołu_o_przygotowaniu_ws._epidemii_na_jesień_2020_r._-_wpis_epuap01.03.2021.pdf',4,'',1421,71,1,10,'2021-03-07 23:00:00.000000'),(10707,'2021-03-02 09:55:09.511355','2021-03-02 09:55:09.511355','S','2021-03-02','','PKP_Intercity_koszty_naprawy_Pendolino_-_wniosek_meil02.03.2021.pdf',0,'',1586,522,3,18,NULL),(10708,'2021-03-02 10:32:08.927529','2021-03-02 10:32:08.927529','R','2021-03-02','ZG.0172.2.2021','ZG.0172.2.2021_Nadleśnictwo_Dobrzejewice_Konsultacje_społeczne_w_Nadleśnictwach_-_Fedrowanie_-_odp._na_wniosek_epuap02.03.2021.pdf',2,'',1548,1309,1,7,NULL),(10716,'2021-03-02 10:59:39.809514','2021-03-02 11:02:16.499675','R','2021-03-02','II SA_Go 147_21','II_SA_Go_147_21_NADLEŚNICTWO_KRZYSTKOWICE_Konsultacje_społeczne_w_Nadleśnictwach_-_Fedrowanie_-_wezwanie_do_usunięcia_braków_formalnych_epuap02.03.2021.pdf',1,'',1523,210,1,290,'2021-03-08 23:00:00.000000'),(10717,'2021-03-02 11:56:57.734784','2021-04-02 07:08:33.861168','R','2021-03-02','DP.1510.2.2021.PG(5)','DP.1510.2.2021.PG5_KPRM_protokoły_z_posiedzeń_Komitetu_Rady_Ministrów_ds.Bezpieczeństwa_Narodowego_i_spraw_Obronnych_-_decyzja_odmowna_epuap02.03.2021.docx',2,'nie złożyliśmy SND na czas',1527,498,1,22,'2021-03-31 22:00:00.000000'),(10720,'2021-03-02 12:38:40.207714','2021-03-02 12:38:40.207714','R','2021-03-02','IV SA_Wr 209_21','IV_SA_Wr_209_21_NADLEŚNICTWO_BYSTRZYCA_KŁODZKA_Konsultacje_społeczne_w_Nadleśnictwach_-_Fedrowanie_-_odp._na_skargę__zmiana_sygnatury_poprzednia_IV_SAB_Wr_106_21_epuap02.03.2021.pdf',1,'+ zmiana sygnatury (poprzednia IV SAB_Wr 106_21)',1531,212,1,54,NULL),(10723,'2021-03-03 10:22:48.256117','2021-03-03 13:03:18.895412','S','2021-03-03','113_AZ_SOWP_2021_AZ','113_AZ_SOWP_2021_AZ_Kancelaria_Prezesa_Rady_Ministrów_wprowadzenie_Narodowej_Kwarantanny_-_ponowienie_wniosku_z_18.12.2020_ePUAP3.03.2021.pdf',3,'dopytanie, jak to możliwe, że ani KPRM ani MZ nie mają odpowiedzi na pytania',1491,498,1,80,NULL),(10729,'2021-03-03 13:55:00.163975','2021-03-05 09:32:10.050094','R','2021-03-03','ZG.0172.214.2021','ZG.0172.14.2020_Nadleśnictwo_Krasnystaw_Konsultacje_społeczne_w_Nadleśnictwach_-_Fedrowanie_-_pozostawienie_sprawy_bez_rozpatrzenia_PT03.03.2021.pdf',2,'pozostawienie sprawy bez rozpatrzenia',1549,1310,2,32,NULL),(10730,'2021-03-03 13:59:59.711978','2021-03-04 12:40:29.965173','R','2021-03-03','ZG.0172.1.2021.OW','ZG.0172.1.2021.OW_Nadleśnictwo_Lwówek_Śląski_Konsultacje_społeczne_w_Nadleśnictwach_-_Fedrowanie_-_pozostawienie_sprawy_bez_rozpoznania_PT03.03.2021.pdf',2,'pozostawienie sprawy bez rozpoznania\r\nDo złożenia SNB',1550,1311,2,47,NULL),(10731,'2021-03-03 14:03:49.411473','2021-03-03 14:03:49.411473','R','2021-03-03','II SAB_Wa 98_21','II_SAB_Wa_98_21_Polski_Związek_Motorowy_BIP_umowa_z_ligą_żużlową_-_wpis_odp._na_skargę_PT03.03.2021.pdf',3,'',1488,71,2,69,'2021-03-09 23:00:00.000000'),(10732,'2021-03-04 09:14:25.981401','2021-03-05 09:57:16.016287','R','2021-03-03','PO IV Ko 167.2021','PO_IV_Ko_167.2021_UG_Chynów_-_Prokuratura_Rejonowa_w_Grójcu_udostepnienie_danych_PP_-_przekazanie_zawiadomienia_do_PO_w_Warszawie.pdf',1,'przekazanie zawiadomienia do PO w Warszawie',1556,1345,2,316,NULL),(10733,'2021-03-04 09:14:29.281522','2021-03-05 09:55:05.895766','R','2021-03-03','PO IV Ko 167.2021','PO_IV_Ko_167.2021_RP_IV_Ko_453.2020_PR_Ko_34.2021_-_przekazanie_zawiadomienia_do_PO_w_Warszawie_it2pYT7.pdf',1,'dot. RP IV Ko 453.2020 PR Ko 34.2021\r\n - przekazanie zawiadomienia do PO w Warszawie',1526,1345,2,316,NULL),(10735,'2021-03-04 10:07:10.203309','2021-03-04 10:07:10.203309','R','2021-03-03','BKZB.DOIN.0271.144.2020','BKZB.DOIN.0271.144.2020_Poczta_Polska_wnioski_o_kompensaty_za_wybory_-_decyzja_odmowna_PT03.03.2021.pdf',6,'',1495,151,2,22,'2021-04-01 22:00:00.000000'),(10742,'2021-03-05 06:22:36.550084','2021-03-05 06:22:36.550084','S','2021-03-05','120_SD_SOWP_2021_AZ','120_SD_SOWP_2021_AZ_MZGKiZM_Chocianów_lekceważące_posty_na_fb_ws._sprawy_udip_-_ponaglenie_dot._wniosku_KPA_5.03.2021_ePUAP.pdf',7,'ponaglenie ze względu na brak reakcji na wniosek KPA',1408,1152,1,167,NULL),(10743,'2021-03-05 07:19:53.234770','2021-03-05 10:49:58.676067','S','2021-03-05','121_AZ_SOWP_2021_AZ','121_AZ_SOWP_2021_AZ_KANCELARIA_PREZESA_RADY_MINISTRÓW_Rada_Medyczna_-_podtrzymanie_wniosku_5.03.2021_ePUAP_ax6p0Le.pdf',2,'prośba o przesłanie odpowiedzi na pyt. 2, bo niemożliwe, że Rada nie wytworzyła żadnych dokumentów',1541,498,1,80,NULL),(10746,'2021-03-05 09:23:16.114793','2021-03-05 09:23:16.114793','R','2021-03-03','ZG.0172.4.2021','ZG.0172.4.2021_Nadleśnictwo_Józefów_Konsultacje_społeczne_w_Nadleśnictwach_-_Fedrowanie_-_decyzja_odmowna_PT03.03.2021.pdf',2,'',1553,1314,2,22,'2021-04-01 22:00:00.000000'),(10747,'2021-03-05 09:30:31.761388','2021-03-05 09:31:54.136774','R','2021-03-03','ZG.0172.1.2021','ZG.0172.1.2021_Nadleśnictwo_Tomaszów_Konsultacje_społeczne_w_Nadleśnictwach_-_Fedrowanie_-_pozostawienie_sprawy_bez_rozpoznania_PT03.03.2021.pdf',2,'pozostawienie sprawy bez rozpoznania',1552,1313,2,47,NULL),(10749,'2021-03-05 10:21:56.662107','2021-03-12 13:04:37.168577','R','2021-03-03','PR 2 Ds 59.2021','PR_2_Ds_59.2021_Gmina_Tarnowiec_-_Prokuratura_Rejonowa_w_Jaśle_udostępnienie_danych_Poczcie_Polskiej_-_odmowa_wszczęcia_dochodzenia_PT03.03.2021.pdf',1,'',1521,889,2,189,'2021-03-09 23:00:00.000000'),(10750,'2021-03-05 10:47:38.955258','2021-03-05 10:47:38.955258','S','2021-03-04','119_MB_SOWP_2021_ePUAP','119_MB_SOWP_2021_ePUAP_NADLEŚNICTWO_NIEPOŁOMICE_Konsultacje_społeczne_w_Nadleśnictwach_-_Fedrowanie_-_odpowiedź_na_wezwanie_-_brak_podpisu.pdf',2,'',1524,88,1,41,NULL),(10753,'2021-03-05 12:01:28.596417','2021-03-19 17:05:59.486226','R','2021-03-04','II Kp 53_21 (PO I Ds 113.2020)','II_Kp_53_21_PO_I_Ds_113.2020_UM_Lubycza_Królewska_-_Prokuratura_Rejonowa_w_Tomaszowie_Lubelskim_udostępnienie_danych_Poczcie_Po_-_zawiadomienie_PT04.03.2021.pdf',6,'o wydaniu postanowienia, w którym uchylono zaskarżone zarządzenie\r\nmec. Kuczyński otrzymał pismo 18.03.2021',1436,1346,2,47,NULL),(10754,'2021-03-08 08:01:34.791760','2021-03-08 08:01:34.791760','R','2021-03-04','II Kp 48_21','150520200001006_II_Kp_48_21_20210304_id17047308_postanowienie.pdf',7,'wygenerowane z systemu - podmienić jak przyjdzie oryginał',1431,1306,5,32,NULL),(10761,'2021-03-08 15:18:43.684256','2021-03-08 15:20:07.914372','R','2021-03-05','ZG.0172.03.2021','ZG.0172.03.2021_Nadleśnictwo_Supraśl_Konsultacje_społeczne_w_Nadleśnictwach_-_Fedrowanie_-_pozostawienie_sprawy_bez_rozpoznania_PT05.03.2021.pdf',2,'pozostawienie sprawy bez rozpoznania',1547,1308,2,47,NULL),(10762,'2021-03-08 15:27:07.018751','2021-03-08 15:27:07.018751','R','2021-03-05','ZG.0172.1.2021','ZG.0172.1.2021_Nadleśnictwo_Zwierzyniec_Konsultacje_społeczne_w_Nadleśnictwach_-_Fedrowanie_-_pozostawienie_sprawy_bez_rozpoznania_PT05.03.2021.pdf',2,'pozostawienie sprawy bez rozpoznania',1551,1312,2,47,NULL),(10765,'2021-03-09 08:22:26.265828','2021-03-09 08:23:01.667745','R','2021-03-03','OP-0168_10_2021','OP-0168_10_2021__Zarząd_Morskich_Portów_Szczecin_i_Świnoujście_Jawność_w_spółkach_komunalnych_-_Fedrowanie_-_PT03.03.2021.pdf',0,'',1592,1347,2,22,'2021-04-01 22:00:00.000000'),(10768,'2021-03-09 09:23:13.063550','2021-03-24 08:19:27.902848','R','2021-03-08','II Ko 40_21 (PR 2 Ds 339.2020)','II_Ko_40_21_PR_s_Ds._339.2020_Kono_Jedwabne_Wizna__Zbójna_udostępnienie_danych_Poczcie_Polskiej_-_wyłączenie_sędziów_przekazanie_sprawy_do_SR_w_Ostrołęce_PT08.03.2021_Yc5vwmO.pdf',3,'o wyłączeniu sędziów i przekazaniu sprawy do do SR o Ostrołęce\r\ndot. II Kp 67_21\r\npostępowanie II K 721_19\r\nmec. Kuczyński otrzymał pismo 23.03.2021',1406,584,2,32,NULL),(10771,'2021-03-09 10:43:12.411431','2021-03-09 10:43:12.411431','R','2021-03-08','ZG.0172.3.2021','ZG.0172.3.2021_Nadleśnictwo_Radziwiłłów_Konsultacje_społeczne_w_Nadleśnictwach_-_Fedrowanie_-_pozostawienie_sprawy_bez_rozpatrzenia_PT08.03.2021.pdf',2,'o pozostawieniu sprawy bez rozpatrzenia',1555,1316,2,47,NULL),(10772,'2021-03-09 11:27:27.212089','2021-04-20 05:21:43.478160','R','2021-03-09','BPD-III.0171.3.2021.MKG','BPD-III.0171.3.2021.MKG_Ministerstwo_Rodziny_i_Polityki_Społecznej_umowa_na_badanie_dot._demografii_-_odp._na_wniosek_epuap09.03.2021.pdf',2,'',1475,1348,1,7,NULL),(10773,'2021-03-09 11:37:57.481166','2021-03-09 14:02:28.267492','R','2021-03-09','II SA_Op 40_21','II_SA_Op_40_21_Nadleśnictwo_Prószków_Konsultacje_społeczne_w_Nadleśnictwach_-_Fedrowanie_-_pismo_procesowe_epuap09.03.2021.pdf',3,'DODATKOWE WYJAŚNIENIA',1504,87,1,315,NULL),(10774,'2021-03-09 11:54:10.987382','2021-03-09 11:54:10.987382','R','2021-03-09','II SAB_Wa 65_21','II_SAB_Wa_65_21_Kancelaria_Prezesa_Rady_Ministrów_zamknięcie_cmentarzy_11.2020_-_wpis_odpowiedź_na_skargę_epuap09.03.2021.pdf',3,'',1426,71,1,69,'2021-03-15 23:00:00.000000'),(10779,'2021-03-10 08:12:37.715048','2021-03-10 08:12:37.715048','R','2021-03-09','II Kp 582_20','II_Kp_582_20_UMiG_Otmuchów_-_Prokuratura_Rejonowa_w_Nysie_przekazanie_danych_Poczcie_Polskiej_-_postanowienie.pdf',7,'pobrane z systemu - DO PODMIANY',1420,1299,5,32,NULL),(10781,'2021-03-10 10:18:43.096233','2021-03-15 08:53:37.413275','S','2021-03-12','123_SD_SOWP_2021_ePUAP','123_SD_SOWP_2021_ePUAP_Rada_Gminy_Trzcianne_wzmocnienie_praworządności_-_wniosek_KPA.pdf',0,'',1593,1349,1,45,NULL),(10782,'2021-03-10 10:48:45.223356','2021-03-15 08:57:20.229377','S','2021-03-12','124_SD_SOWP_2021_ePUAP','124_SD_SOWP_2021_ePUAP_Dolnośląski_Urząd_Wojewódzki_-_Rada_Gminy_Trzcianne_skarga_na_działalność_12.03.21ePUAP.pdf',0,'błędnie wysłane, nie do tego wojewody!',1594,29,1,318,NULL),(10784,'2021-03-10 12:29:20.181011','2021-03-10 12:29:20.181011','R','2021-03-10','PKDP_IP_5_2021','Państwowa_Komisja_ds._Pedofilii_działalność_i_koszty_komisji_-_przedłużenie_do_24.04.2021_r._mail_biuro.pdf',1,'przyszło na biuro@ przedłużenie do 24.04.2021 r.',1580,1338,3,239,NULL),(10785,'2021-03-10 13:32:55.305741','2021-03-10 13:39:47.097645','R','2021-03-10','II SA_Wa 108_21','II_SA_Wa_108_21_Ministerstwo_Spraw_Wewnętrznych_i_Administracji_ochrona_SOP_-_lista_osób_koszty_faktury_-_wpis_odp._na_skargę_mec..pdf',3,'',1441,71,5,69,'2021-03-16 23:00:00.000000'),(10786,'2021-03-10 14:00:01.389949','2021-03-10 14:00:01.389949','S','2021-03-09','123_MB_SOWP_2021_ePUAP','123_MB_SOWP_2021_ePUAP_NADLEŚNICTWO_KRZYSTKOWICE_Konsultacje_społeczne_w_Nadleśnictwach_-_Fedrowanie_-_odpowiedź_na_wezwanie_II_SA_Go_147_21.pdf',2,'',1523,210,1,41,NULL),(10797,'2021-03-11 09:37:10.547638','2021-04-13 05:57:34.457213','R','2021-03-11','Kwo-581_477_21_JK','Kwo-581_477_21_JK_Komenda_Główna_Policji_raport_działań_policji_z_18_listopada_-_Decyzja_odmowna_epuap11.03.2021.doc',1,'Decyzja nr 6/21 - nie złożyliśmy SND, nikt nie przygotował',1575,716,1,22,'2021-04-11 22:00:00.000000'),(10799,'2021-03-11 10:24:38.898933','2021-03-12 09:40:08.420659','R','2021-03-11','II SAB_Bk 23_21','II_SAB_Bk_23_21_Gmina_Trzcianne_Mieszkańcy_i_radni_wobec_raportu_o_stanie_gminy_-_Fedrowanie_-_wpis_odp._na_skargę_epuap11.03.2021.pdf',1,'nie opłacamy wpisu, SO chce aby jeszcze raz złożyć wniosek',1576,83,1,69,NULL),(10800,'2021-03-11 10:30:43.752410','2021-03-11 10:30:43.752410','R','2021-03-11','II SAB_Bk 26_21','II_SAB_Bk_26_21_Gmina_Trzcianne_Cyfryzacja_urzędów_-_Fedrowanie_-_wpis_odp._na_skargę_epuap11.03.2021.pdf',1,'',1579,83,1,69,'2021-03-17 23:00:00.000000'),(10801,'2021-03-11 10:34:42.144384','2021-03-12 09:40:15.388913','R','2021-03-11','II SAB_Bk 25_21','II_SAB_Bk_25_21_Gmina_Trzcianne_O_liczbę_wniosków_-_Fedrowanie_-_wpis_odp._na_skargę_epuap11.03.2021.pdf',1,'nie opłacamy wpisu, SO chce aby jeszcze raz złożyć wniosek',1578,83,1,69,NULL),(10802,'2021-03-11 10:42:03.558396','2021-03-12 09:40:20.514311','R','2021-03-11','II SAB_Bk 24_21','II_SAB_Bk_24_21_Gmina_Trzcianne_Monitoring_samorządy_-_Fedrowanie_-_wpis_odp._na_skargę_epuap11.03.2021.pdf',1,'nie opłacamy wpisu, SO chce aby jeszcze raz złożyć wniosek',1577,83,1,69,NULL),(10803,'2021-03-11 11:08:49.388291','2021-03-11 11:08:49.388291','R','2021-03-11','ROP-0016-18_21','ROP-0016-18_21_Katolicki_Uniwersytet_Lubelski_współpraca_PFN_i_KUL_-_odp._na_wniosek_epuap11.03.2021.pdf',1,'+ załącznik \"list intencyjny\"',1581,1185,1,7,NULL),(10804,'2021-03-11 11:20:18.236325','2021-03-11 11:20:18.236325','R','2021-03-11','','UMiG_Chocianów_lekceważące_posty_na_fb_ws._sprawy_udip_-_odp._na_ponaglenie_epuap11.03.2021.pdf',8,'odpowiedź na ponaglenie',1408,1152,1,316,NULL),(10811,'2021-03-12 07:21:32.263750','2021-03-22 15:30:39.220902','S','2021-03-11','129_AM_SOWP_2021_SOKBT','129_AM_SOWP_2021_SOKBT_Ekstraliga_żużlowa_BIP_statut_umowa_ze_związkiem_-_SNB_11.03.21_PT_ok.pdf',2,'',1489,1204,2,1,NULL),(10812,'2021-03-12 08:28:52.055875','2021-03-12 08:28:52.055875','R','2021-03-10','BBZ7-073_12_2021','PKP_Intercity_koszty_naprawy_Pendolino_-_odp._częściowa_i_wezwanie_do_podpisania_10.03.21_email.pdf',1,'+ wezwanie do podpisania wniosku, bo co do pyt. 2 chcą wydać decyzję odmowną - przyszło na biuro@',1586,522,3,253,NULL),(10814,'2021-03-12 09:50:11.063860','2021-04-13 05:15:00.023617','R','2021-03-10','NA.0172.2.2021','NA.0172.2.2021_Nadleśnictwo_Międzyrzecz_Konsultacje_społeczne_w_Nadleśnictwach_-_Fedrowanie_-_decyzja_odmowna_PT10.03.2021.pdf',2,'nie złożyliśmy SND, bo zarząd był w Warszawie na rozprawie i nie ogarnęliśmy',1569,1332,2,22,'2021-04-08 22:00:00.000000'),(10815,'2021-03-12 09:51:03.214101','2021-03-12 09:51:03.214101','S','2021-03-12','','Dolnośląski_Urząd_Wojewódzki_-_Rada_Gminy_Trzcianne_skarga_na_działalność_-_przeprosimy_za_błędne_przesłanie_pisma_12.03.21_ePUAP.pdf',1,'przeprosimy za błędne przesłanie pisma',1594,29,1,316,NULL),(10816,'2021-03-12 09:58:08.498817','2021-03-15 10:23:14.226411','S','2021-03-12','130_SD_SOWP_2021_ePUAP','130_SD_SOWP_2021_EPUAP_Podlaski_Urząd_Wojewódzki_-_Rada_Gminy_Trzcianne_skarga_na_działalność.pdf',2,'zmiana adresata',1594,37,1,318,NULL),(10818,'2021-03-12 10:20:27.853441','2021-03-15 10:50:33.875876','R','2021-03-11','PR 2 Ds 221.2021','PR_2_Ds_221.2021_UG_Drzycim_-_Prokuratura_Rejonowa_w_Świeciu_udostępnienie_danych_PP_-_odmowa_wszczęcie_śledztwa_PT11.03.2021.pdf',1,'',1557,1319,2,308,NULL),(10820,'2021-03-12 12:59:25.476811','2021-03-12 12:59:25.476811','S','2021-03-10','(PR 2 Ds 59.2021)','Gmina_Tarnowiec_-_Prokuratura_Rejonowa_w_Jaśle_udostępnienie_danych_Poczcie_Polskiej_-_zażalenie_mec.2021.03.10.docx',2,'',1521,889,5,51,NULL),(10821,'2021-03-12 13:04:37.704460','2021-03-12 13:04:37.704460','R','2021-03-12','ZG.0172.1.2021','ZG.0171.1.2021_Nadleśnictwo_Złotoryja_Konsultacje_społeczne_w_Nadleśnictwach_-_Fedrowanie_-_pozostawienie_sprawy_bez_rozpatrzenia_PT12.03.2021.pdf',2,'pozostawienie sprawy bez rozpatrzenia',1572,1335,2,47,NULL),(10822,'2021-03-12 13:16:32.760060','2021-05-21 08:56:35.642426','R','2021-03-12','ZG.0172.10.2020','ZG.0172.10.2020_Nadleśnictwo_Krotoszyn_Konsultacje_społeczne_w_Nadleśnictwach_-_Fedrowanie_-_wezwanie_do_wykazania_interesu_publicznego_PT12.03.2021.pdf',5,'',1571,1334,2,14,'2021-03-18 23:00:00.000000'),(10824,'2021-03-15 10:32:20.220954','2021-03-15 10:32:38.660925','S','2021-03-12','','Komenda_Rejonowa_Policji_Warszawa_I_interwencja_w_warszawskim_lokalu_-_wniosek_o_inf._publiczną_epuap12.03.2021.pdf',1,'',1596,133,1,18,NULL),(10825,'2021-03-15 10:34:41.545655','2021-04-02 10:47:59.816699','S','2021-03-12','','Komenda_Rejonowa_Policji_Warszawa_I_parawan_policyjny_przed_TK_podczas_protestu_10.03.2021_-_wniosek_o_inf._publiczną_epuap12.03.2021.pdf',0,'',1597,133,1,18,NULL),(10827,'2021-03-15 10:54:40.888097','2021-03-15 10:54:40.888097','S','2021-03-15','(PR 2 Ds 221.2021)','UG_Drzycim_-_Prokuratura_Rejonowa_w_Świeciu_udostępnienie_danych_PP_-_zażalenie_mec.2021.03.15.docx',2,'mec. Kuczyński',1557,1319,5,51,NULL),(10831,'2021-03-15 11:50:59.345918','2021-03-15 12:17:50.225589','R','2021-03-15','II SA_Kr 169_21','II_SA_Kr_169_21_NADLEŚNICTWO_NIEPOŁOMICE_Konsultacje_społeczne_w_Nadleśnictwach_-_Fedrowanie_-_posiedzenie_niejawne__08.04.2021__odp._na_skargę_epuap15.03.2021.pdf',3,'+ odp. na skargę\r\n\r\nSkład sędziowski:\r\nJ. Człowiekowska (spr.)\r\nM. Łoboz\r\nJ. Tuszyńska',1524,88,1,363,'2021-04-07 22:00:00.000000'),(10835,'2021-03-16 08:22:59.777618','2021-04-16 05:24:51.223673','S','2021-03-16','','PKP_Intercity_koszty_naprawy_Pendolino_-_podpisany_elektr._wniosek_16.03.21_email.pdf',2,'wysłanie wniosku podpisanego elektronicznie z biuro@',1586,522,3,18,NULL),(10838,'2021-03-16 08:58:46.794217','2021-03-30 08:15:30.151046','R','2021-03-15','II Kp 48_21 (PR Ds 2983.2020)','II_Kp_48_21_PR_Ds_2983.2020_UG_Bakałarzewo_-_Prokuratura_Rejonowa_w_Suwałkach_udostępnienie_danych_Poczcie_Polskiej_-_postanowienie_o_uchyleniu_zaskarżonego_postanowienia_PT15.03.2021.pdf',8,'mec. Kuczyński otrzymał pismo 29.03.2021',1431,1306,2,362,NULL),(10841,'2021-03-16 10:32:54.943017','2021-03-16 10:43:02.909525','R','2021-03-15','PO I Ds. 113.2020.','PO_I_Ds._113.2020._UM_Lubycza_Królewska_-_Prokuratura_Rejonowa_w_Tomaszowie_Lubelskim_udostępnienie_danych_Poczcie_Po_-_odmowa_wszczęcia_śledztwa_PT15.03.2021.pdf',7,'',1436,985,2,308,'2021-03-21 23:00:00.000000'),(10852,'2021-03-17 09:50:01.836434','2021-03-31 07:16:19.900773','R','2021-03-16','PR Ds 484.2021','PR_Ds_484.2021_UG_Bakałarzewo_-_Prokuratura_Rejonowa_w_Suwałkach_udostępnienie_danych_Poczcie_Polskiej_-_wszczęcie_śledztwa_PT16.03.2021.pdf',9,'mec. Kuczyński odebrał pismo 30.03.2021',1431,855,2,357,NULL),(10854,'2021-03-17 09:58:10.585698','2021-03-17 09:58:10.585698','R','2021-03-16','ZG.0172.1.2021','ZG.0172.1.2021_Nadleśnictwo_Grójec_Konsultacje_społeczne_w_Nadleśnictwach_-_Fedrowanie_-_pozostawienie_sprawy_bez_rozpoznania_PT16.03.2021.pdf',1,'pozostawienie sprawy bez rozpoznania',1570,1333,2,47,NULL),(10856,'2021-03-18 06:58:13.301705','2021-03-18 06:58:13.301705','R','2020-10-22','ORG.1331.29.2020','ORG.1331.29.2020_WSSE_w_Lublinie_testy_trójgenowe_na_obecność_COVID-19_ilość_koszt_0910.2020_-_od._na_wn._22.10.20_ePUAP.pdf',1,'nie posiadają testów trójgenowych',1417,1155,1,7,NULL),(10858,'2021-03-18 09:42:43.232723','2021-03-18 09:42:43.232723','R','2021-03-17','PR Ds 179.2021','PR_Ds_179.2021_Gmina_Zambrów_-_Prokuratura_Rejonowa_w_Zambrowie_udostępnienie_danych_PP_-_odmowa_wszczęcia_śledztwa_-_PT17.03.2021.pdf',1,'',1534,764,2,308,'2021-03-23 23:00:00.000000'),(10867,'2021-03-19 06:54:36.256301','2021-03-24 09:29:56.297122','S','2021-03-23','137_MWojtk_SOWP_2021_ePUAP','137_MWojtk_SOWP_2021_ePUAP_Ministerstwo_Edukacji_Narodowej_protest_kobiet_zdalna_szkoła_i_wypadnięcie_z_systemu_szkolnego_-_SNB_epuap23.03.2021.pdf',2,'',1424,1173,1,1,NULL),(10869,'2021-03-19 07:07:35.922657','2021-04-29 07:14:42.117434','S','2021-03-11','','Katolicki_Uniwersytet_Lubelski_tłumaczenie_encyklopedii_filozofii-wniosek_o_podwyższenie_subwencji_-_SNB_11.03.21_mec._Gargas.pdf',4,'mec. Gargas-Zielińska. Skarga wpłynęła do WSA 16 marca, sygnatura to: II SAB_Lu 43_21, rozpoznanie będzie w trybie uproszczonym.',1466,1185,5,1,NULL),(10880,'2021-03-22 09:44:35.845543','2021-04-02 11:48:00.194111','S','2021-03-19','','MINISTERSTWO_KULTURY_I_DZIEDZICTWA_NARODOWEGO_dokumenty_pokontrolne_odwołanie_dyrektora_FINA_-_wniosek_o_inf._publiczną.pdf',0,'',1599,111,1,18,NULL),(10881,'2021-03-22 10:00:16.226925','2021-05-21 08:56:35.639791','S','2021-03-19','140_MB_SOWP_2021_ePUAP','140_MB_SOWP_2021_ePUAP_Nadleśnictwo_Krotoszyn_Konsultacje_społeczne_w_Nadleśnictwach_-_Fedrowanie_-_odp._na_wezwanie_mail19.03.2021.pdf',3,'w sygnaturze błędnie wpisane zostało ePUAP. Pismo pierwotnie miało iść przez ePUAP ale ze względów na problemy techniczne musiało zostać wysłane mailem.',1571,1334,3,41,NULL),(10884,'2021-03-22 11:28:41.761326','2021-03-22 11:28:41.761326','R','2021-03-22','CIR.WOAIP.1510.195.2021.AK(6)','CIR.WOAIP.1510.195.2021.AK6_KANCELARIA_PREZESA_RADY_MINISTRÓW_Rada_Medyczna_-_odp._na_wniosek_epuap22.03.2021.pdf',3,'',1541,498,1,7,NULL),(10885,'2021-03-22 13:26:02.923200','2021-03-25 08:47:07.205997','S','2021-03-22','141_KP_SOWP_2021_SOKBT','141_KP_SOWP_2021_SOKBT_Polska_Wytwórnia_Papierów_Wartościowych_wnioski_o_kompensaty_za_wybory_-_SNB_22.03.21_PT_ok.pdf',5,'',1496,155,2,16,NULL),(10886,'2021-03-22 14:02:42.128345','2021-03-22 14:02:42.128345','S','2020-12-01','','Stadion_Śląski_ambasador_stadionu_-_wniosek_1.12.2020_email.pdf',0,'',1600,360,3,18,NULL),(10887,'2021-03-22 14:02:42.129363','2021-04-29 09:45:54.762955','S','2021-03-22','142_GK_SOWP_2021_SOKBT','142_GK_SOWP_2021_SOKBT_Stadion_Śląski_ambasador_stadionu_-_SNB_22.03.21_PT_ok.pdf',1,'wolo: Dzwoniłam w sprawie skargi, wpłynęła 19 kwietnia i wtedy też zostało sporządzone zarządzenie, ale powiedzieli mi, że wezwać powinni Stowarzyszenie jakoś chwilę po majówce. Sygnatura to: III SAB/ Gl 75/2',1600,360,2,1,NULL),(10892,'2021-03-23 11:24:31.638953','2021-03-23 11:24:31.638953','S','2021-03-22','(PO I Ds 113.2020)','UM_Lubycza_Królewska_-_Prokuratura_Rejonowa_w_Tomaszowie_Lubelskim_udostępnienie_danych_Poczcie_Po_-_Zażalenie_mec.2021.03.22.docx',8,'',1436,985,5,51,NULL),(10895,'2021-03-23 14:13:00.279464','2021-03-23 14:13:00.279464','S','2021-03-22','','Instytut_Muzyki_i_Tańca_Fundusz_Wsparcia_Kultury_-_skarga_na_decyzję_epuap.pdf',6,'',1469,1187,1,16,NULL),(10897,'2021-03-24 09:16:20.463453','2021-03-31 11:52:31.543893','S','2021-03-23','','MINISTERSTWO_OBRONY_NARODOWEJ_wpisy_z_oficjalnego_profilu_Ministerstwa_na_Twitter_-_wniosek_o_inf._publiczną_epuap23.03.2021.pdf',0,'',1601,8,1,18,NULL),(10904,'2021-03-25 09:51:51.689576','2021-03-25 09:51:51.689576','S','2021-03-24','PR Ds 179.2021','Gmina_Zambrów_-_Prokuratura_Rejonowa_w_Zambrowie_udostępnienie_danych_PP_-_Zażalenie_mec.2021.03.24.docx',2,'',1534,764,5,51,NULL),(10915,'2021-03-26 09:46:38.431519','2021-03-26 09:48:15.248471','R','2021-03-26','II SA_Go 147_21','II_SA_Go_147_21_NADLEŚNICTWO_KRZYSTKOWICE_Konsultacje_społeczne_w_Nadleśnictwach_-_Fedrowanie_-_rozprawa__21.04.2021_g.9.00_s.B_epuap26.03.2021.pdf',3,'sala B \r\nSkład sędziowski:\r\nA. Jutrzenka-Trzebiatowski (spr.)\r\nJ. Piątek\r\nM. Ruszyński',1523,210,1,4,'2021-04-21 07:00:00.000000'),(10917,'2021-03-26 10:52:57.971801','2021-04-15 08:56:48.791867','R','2021-03-26','','pismo_od_anonimowego_nadawcy_Ad5HjGq.pdf',0,'Zawiadomienie popełnienia przestępstwa przez nadleśniczego i zastępcę w Nadleśnictwie Łuków, dot. nieprawidłowości związanych ze \'zmuszaniem\' pracowników w przechodzeniu na emeryturę i zatrudnianiu na ich miejsce znajomych, jak również przychodzenia do pracy podczas izolacji.',1609,118,2,352,NULL),(10918,'2021-03-26 11:02:00.217685','2021-04-27 12:14:50.619281','R','2021-03-25','BBZ7-073_12.2_2021','BBZ7-073_12.2_2021_PKP_Intercity_koszty_naprawy_Pendolino_-_decyzja_odmowna_PT25.03.2021.pdf',3,'nie złożyliśmy skargi w terminie',1586,522,2,22,'2021-04-25 22:00:00.000000'),(10923,'2021-03-26 12:21:26.348030','2021-03-26 12:21:26.348030','R','2021-03-25','NED.0172.1.2021','NED.0172.1.2021_Nadleśnictwo_Milicz_Konsultacje_społeczne_w_Nadleśnictwach_-_Fedrowanie_-_decyzja_odmowna_PT25.03.2021.pdf',2,'DECYZJA Nr 7/2021',1554,1315,2,22,'2021-04-25 22:00:00.000000'),(10925,'2021-03-26 13:25:20.579016','2021-03-26 13:25:20.579016','R','2021-03-26','PR 2 Ds 335.2021','PR_2_Ds_335.2021_UMiG_Otmuchów_-_Prokuratura_Rejonowa_w_Nysie_przekazanie_danych_Poczcie_Polskiej_-_wszczęcie_śledztwa_PT26.03.2021.pdf',8,'',1420,1158,2,357,NULL),(10926,'2021-03-26 13:35:40.450772','2021-04-08 11:26:29.616523','R','2021-03-26','PR 2 Ds 221_2021 (1 Ds. 205.2021)','PR_2_Ds._221.2021_1_Ds_205.2021_UG_Drzycim_-_Prokuratura_Rejonowa_w_Świeciu_udostępnienie_danych_PP_-_przekazanie_zażalenia_do_SR_w_Świeciu_PT26.03.2021.pdf',3,'przekazanie zażalenia do SR w Świeciu \r\nmec. Kuczyński otrzymał pismo 06.04.2021',1557,1319,2,316,NULL),(10927,'2021-03-26 13:42:11.170634','2021-04-06 07:06:26.747244','R','2021-03-26','PR 3 Ds 499.2020','PR_3_Ds_499.2020_UG_Kamień_-_Prokuratura_Rejonowa_w_Rzeszowie_udostępnienie_danych_Poczcie_Polskiej_-_odmowa_wszczęcia_śledztwa_PT26.0.2021.pdf',2,'',1435,814,2,189,NULL),(10938,'2021-03-30 10:57:07.181763','2021-04-19 10:39:36.617458','R','2021-03-30','II SA_Sz 100_21 (NN.1.052.2.2020)','II_SA_Sz_100_21_NN.1.052.2.2020_NADLEŚNICTWO_GOLENIÓW_Konsultacje_społeczne_w_Nadleśnictwach_-_Fedrowanie_-_rozprawa_29.04.2021_g.13.00_s.A__odp._na_skargę_epuap30.03.2021.pdf',3,'29.04.2021 g.1300 s.A',1517,126,1,70,NULL),(10949,'2021-03-31 11:52:31.491398','2021-03-31 11:52:31.491398','R','2021-03-31','','Ministerstwo_Obrony_Narodowej_wpisy_z_oficjalnego_profilu_Ministerstwa_na_Twitter_-_odp._na_wniosek_epuap31.03.2021.pdf',1,'materiały i wpisy publikowane w SM nie muszą być oznaczone danymi osób, które je wytworzyły, dane te nie podlegają udostępnieniu.',1601,8,1,37,NULL),(10952,'2021-03-31 12:28:27.883223','2021-04-15 08:25:38.654188','R','2021-03-31','II Kp 100_21','II_Kp_100_21_UG_Komarówka_Podlaska_-_Prokuratura_Rejonowa_w_Radzyniu_Podlaskim_udostępnienie_danych_Poczcie_Pol_-_posiedzenie_25.05.2021_g.8.45_s.IX_PT31.03.2021.pdf',1,'sala IX \r\nmec. Kuczyński otrzymał pismo 13.04.2021',1432,1353,2,141,'2021-05-25 06:45:00.000000'),(10953,'2021-03-31 12:52:15.515025','2021-04-15 07:14:37.610480','R','2021-03-31','II Kp 42_21','II_Kp_42_21_Gmina_Tarnowiec_-_Prokuratura_Rejonowa_w_Jaśle_udostępnienie_danych_Poczcie_Polskiej_-_posiedzenie__22.04.2021_g.12.50_s.B106_PT31.03.2021.pdf',3,'sala B106\r\nmec. Kuczyński otrzymał pismo 13.04.2021',1521,1086,2,141,'2021-04-22 10:50:00.000000'),(10960,'2021-04-02 09:34:40.079461','2021-04-06 08:21:33.204043','S','2021-04-02','157_SO_SOWP_2021_ePUAP','157_SO_SOWP_2021_ePUAP_Nadleśnictwo_Józefów_Konsultacje_społeczne_w_Nadleśnictwach_-_Fedrowanie_-_skarga_na_decyzję.pdf',3,'dot. ZG.0172.4.2021',1553,1314,1,16,NULL),(10963,'2021-04-02 10:47:59.772744','2021-04-08 06:04:06.815217','S','2021-04-02','158_AZ_SOWP_2021_AZ','158_AZ_SOWP_2021_AZ_Komenda_Rejonowa_Policji_Warszawa_I_parawan_policyjny_przed_TK_podczas_protestu_10.03.2021_-_wniosek_o_informację_publiczną_-_przypomnienie_8.04.21_ePUAP.pdf',1,'',1597,133,1,273,NULL),(10964,'2021-04-02 11:48:00.123382','2021-04-02 11:48:00.123382','R','2021-04-02','CI.0111.101.2021.IJ','CI.0111.101.2021.IJ_MINISTERSTWO_KULTURY_I_DZIEDZICTWA_NARODOWEGO_dokumenty_pokontrolne_odwołanie_dyrektora_FINA_-_przedłużenie_terminu_epuap02.04.2021.pdf',1,'do 23.04.2021',1599,1354,1,239,NULL),(10966,'2021-04-02 12:13:11.337587','2021-04-16 08:44:19.644411','S','2021-04-02','','SĄD_REJONOWY_W_OLSZTYNIE_rejestr_umów_dokumentacja_pokontrolna_na_BIP_-_wniosek_o_inf._publiczną_epuap02.04.2021.pdf',0,'',1604,543,1,18,NULL),(10970,'2021-04-06 07:06:26.642521','2021-04-06 07:06:26.642521','S','2021-04-02','(PR 3 Ds 499.2020)','UG_Kamień_podk._-_Prokuratura_Rejonowa_w_Rzeszowie_udostępnienie_danych_Poczcie_Polskiej_-_Zażalenie_mec.2021.04.02.docx',3,'',1435,814,5,51,NULL),(10971,'2021-04-06 12:49:31.785225','2021-04-06 12:49:31.785225','S','2021-04-02','','Instytut_Teatralny__Fundusz_Wsparcia_Kultury_-_skarga_na_decyzję_epuap02.04.2021.pdf',6,'',1468,1186,1,16,NULL),(10972,'2021-04-06 12:59:05.529887','2021-04-06 12:59:05.529887','S','2021-04-02','','Poczta_Polska_wnioski_o_kompensaty_za_wybory_-_skarga_na_decyzję_epuap02.04.2021.pdf',7,'',1495,151,1,16,NULL),(10974,'2021-04-07 07:13:14.956575','2021-04-20 05:21:43.476263','S','2021-04-07','159_AZ_SOWP_2021_AZ','159_AZ_SOWP_2021_ePUAP_Minister_Rodziny_i_Polityki_Społecznej_raporty_dot._demografii_-_prośba_o_przesłanie_odp._na_wniosek_7.04.21_ePUAP.pdf',6,'dot. pierwszego wniosku (tego o treść raportów), bo z odp. na drugi wniosek wyszło, że w połowie marca powinno być wszystko gotowe',1475,1348,1,273,NULL),(10982,'2021-04-08 07:20:39.804062','2021-05-21 08:56:35.637963','R','2021-04-06','ZG.0172.10.2020','ZG.0172.10.2020_Nadleśnictwo_Krotoszyn_Konsultacje_społeczne_w_Nadleśnictwach_-_Fedrowanie_-_przedłużenie_terminu_PT06.04.2021.pdf',2,'do 16.04.2021',1571,1334,2,239,NULL),(10988,'2021-04-08 08:37:21.268189','2021-04-08 08:40:55.066543','R','2021-04-06','II SA_Wa 992_21','II_SA_Wa_992_21_Telewizja_Polska_TVP_szkoła_z_TVP_-_umowy_koszty_program_-_wpis_odp._na_skargę_PT06.04.2021.pdf',1,'dot. TVP_BZ-RS_027-26_2020',1409,71,2,69,'2021-04-12 22:00:00.000000'),(10989,'2021-04-08 08:54:16.356582','2021-05-07 04:58:21.077665','R','2021-04-06','TVP_BSK-RS_027-33_2021','TVP_BSK-RS_027-33_2021_Telewizja_Polska_TVP_koszty_transmisji_meczów_piłki_ręcznej_-_decyzja_odmowna_PT06.04.2021.pdf',0,'AZ zapomniała wysłać skargi na decyzję',1605,168,2,22,'2021-05-05 22:00:00.000000'),(10992,'2021-04-08 09:25:37.203380','2021-04-08 09:25:37.203380','R','2021-04-07','','Telewizja_Polska_TVP_TV_Trwam_-_udostępnienie_sygnału_z_przemówienia_J._Emilewicz_w_czasie_pielgrz_-_odp._na_wniosek_mail07.04.2021.pdf',1,'',1560,168,3,7,NULL),(10994,'2021-04-08 11:40:11.019533','2021-04-08 11:43:37.558127','R','2021-04-06','PR 2Ds 59.2021','PR_2Ds_59.2021_Gmina_Tarnowiec_-_Prokuratura_Rejonowa_w_Jaśle_udostępnienie_danych_Poczcie_Polskiej_-_przekazanie_zażalenia_do_SR_w_Jaśle_mec.06.04.2021.pdf',4,'przekazanie zażalenia do SR w Jaśle',1521,889,5,47,NULL),(10996,'2021-04-08 11:59:14.220153','2021-04-08 12:01:23.355181','R','2021-04-06','PR Ds. 1646.2020','PR_Ds._1646.2020_UG_Komarówka_Podlaska_-_Prokuratura_Rejonowa_w_Radzyniu_Podlaskim_udostępnienie_danych_Poczcie_Pol_-_przekazanie_zażalenia_do_SR_w_Radzyniu_Podlaskim_mec.06.04.2021.pdf',4,'przekazanie zażalenia do SR w Radzyniu Podlaskim',1432,1052,5,316,NULL),(11000,'2021-04-09 07:43:09.398022','2021-04-09 07:43:09.398022','R','2021-04-09','','Instytut_Muzyki_i_Tańca_Fundusz_Wsparcia_Kultury__-_odp._na_skargę_epuap09.04.2021.pdf',7,'',1469,1187,1,54,NULL),(11002,'2021-04-09 08:13:40.746486','2021-04-09 08:13:40.746486','R','2021-04-09','NK-II.1410.3.2021.AKR','NK-II.1410.3.2021.AKR_Podlaski_Urząd_Wojewódzki_-_Rada_Gminy_Trzcianne_skarga_na_działalność_-_odp._na_skargę_na_działalność_epuap09.04.2021.pdf',3,'',1594,37,1,54,NULL),(11003,'2021-04-09 08:38:42.954137','2021-04-09 08:38:42.954137','R','2021-04-09','DKO-WNP.0191.6.2020.DB','DKO-WNP.0191.6.2020.DB_Ministerstwo_Edukacji_Narodowej_protest_kobiet_zdalna_szkoła_i_wypadnięcie_z_systemu_szkolnego_-_odp._na_wniosek_częściowa__odniesienie_się_do_skargi_epuap09.04.2021.pdf',3,'+ odpowiedź na skargę (ale nie jest to wprost napisane) więc może odniesienie się do skargi',1424,1173,1,7,NULL),(11005,'2021-04-09 12:57:29.970246','2021-04-09 12:57:29.970246','R','2021-04-09','II SAB_Wa 185_21','II_SAB_Wa_185_21_Kancelaria_Prezydenta_RP_doradcy_społeczni_-_wpis_odp._na_skargę_epuap09.04.2021.pdf',5,'',1434,71,1,69,'2021-04-15 22:00:00.000000'),(11009,'2021-04-12 08:07:56.091223','2021-04-12 08:07:56.091223','R','2021-04-08','II SA_Wa 461_21','II_SA_Wa_461_21_Telewizja_Polska_TVP_porozumienie_z_Episkopatem_ws.__audycji_-_wpis_mec.08.04.2021.pdf',3,'',1410,71,5,10,'2021-04-14 22:00:00.000000'),(11010,'2021-04-12 08:14:03.993098','2021-04-12 08:14:03.993098','R','2021-04-08','II SA_Wa 461_21','II_SA_Wa_461_21_Telewizja_Polska_TVP_porozumienie_z_Episkopatem_ws.__audycji_-_odp._na_skargę_mec.08.04.2021.pdf',4,'',1410,71,5,54,NULL),(11012,'2021-04-12 09:27:11.885916','2021-04-12 09:27:11.885916','R','2021-04-12','OSO.1511.5.2021','OSO.1511.5.2021_Rada_Gminy_Trzcianne_wzmocnienie_praworządności_-__przedłużenie_terminu_epuap12.04.2021.pdf',1,'do 30.06.2021',1593,1349,1,239,NULL),(11017,'2021-04-13 08:49:14.972706','2021-04-13 08:49:14.972706','R','2021-04-12','PO I Ds. 113.2020. PO I Rz. 6.2021.','PO_1_Ds._113.2020._PO_I_Rz.6.2021._UM_Lubycza_Królewska_-_Prokuratura_Rejonowa_w_Tomaszowie_Lubelskim_udostępnienie_danych_Poczcie_Po_-_info_o_dołączeniu_kolejnego_pisma_do_akt_sprawy_PT12.04.2021.pdf',9,'info o dołączeniu kolejnego pisma do akt sprawy PT12.04.2021',1436,985,2,316,NULL),(11020,'2021-04-13 09:34:07.334370','2021-04-27 09:27:40.617079','R','2021-04-12','II Kp 95_21 PO 1 Ds. 113.20','II_Kp_95_21_dot._PO_1_Ds._113.20_UM_Lubycza_Królewska_-_Prokuratura_Rejonowa_w_Tomaszowie_Lubelskim_udostępnienie_danych_Poczcie_Po_-_posiedzenie_12.05.2021_g.11.00_s.II_PT12.04.2021.pdf',10,'sala II \r\nmec. Kuczyński otrzymał pismo 26.04.2021',1436,1346,2,141,'2021-05-12 09:00:00.000000'),(11021,'2021-04-13 10:00:10.231756','2021-04-30 12:23:25.653924','S','2021-04-22','165_KP_SOWP_2021_ePUAP','165_KP_SOWP_2021_ePUAP_Kancelaria_Prezesa_Rady_Ministrów_wprowadzenie_Narodowej_Kwarantanny_-_zawiadomienie_o_popełnieniu_przestępstwa.pdf',4,'',1491,80,1,354,NULL),(11022,'2021-04-13 10:02:15.838869','2021-04-30 15:15:04.510346','S','2021-04-22','166_KP_SOWP_2021_ePUAP','166_KP_SOWP_2021_ePUAP_Ministerstwo_Zdrowia_wprowadzenie_Narodowej_Kwarantanny_-_zawiadomienie_o_popełnieniu_przestępstwa.pdf',4,'',1492,1182,1,354,NULL),(11033,'2021-04-15 08:19:28.522793','2021-04-15 08:19:28.522793','R','2021-04-13','RGW.0005.4.2021','RGW.0005.4.2021_Rada_Gminy_Trzcianne_wzmocnienie_praworządności_-_odp._na_wniosek_KPA_PT.13.04.2021.pdf',2,'',1593,493,2,300,NULL),(11034,'2021-04-15 08:54:24.177210','2021-04-15 08:54:24.177210','R','2021-04-14','PR 1 Ds 613.2021','PR_1_Ds._613.2021_Anonim_-_Nadleśnictwo_Łuków__zawiadomienie_o_popełnieniu_przestęp._przez_nadleśniczego_i_zastępcę_-_wezwanie_do_nadesłania_pisma_PT14.04.2021.pdf',1,'wezwanie do nadesłania pisma, które otrzymaliśmy od anonimowego nadawcy',1609,759,2,2,'2021-04-20 22:00:00.000000'),(11048,'2021-04-15 15:45:11.354057','2021-04-15 15:45:11.354057','S','2021-04-15','172_AZ_SOWP_2021_AZ','172_AZ_SOWP_2021_AZ_Telewizja_Polska_TVP_porozumienie_z_Episkopatem_ws._audycji_-_wyjaśnienie_błędu_w_przelewie_wpisu_15.04.21_ePUAP.pdf',5,'wyjaśnienie, że przelew poszedł z sygnaturą 46/21 i prosimy o uwzględnienie tego jako błąd i uznanie za przelew za sprawę 461/21',1410,71,1,316,NULL),(11051,'2021-04-16 08:27:19.767320','2021-04-20 05:21:43.474330','R','2021-04-15','BPD-II.0171.4.2021.KM','BPD-II.0171.4.2021.KM_Ministerstwo_Rodziny_i_Polityki_Społecznej_umowa_na_badanie_dot._demografii_-_odp._na_prośbę_o_uzupełnienie_informacji_epuap15.04.2021.pdf',4,'odp. na prośbę o uzupełnienie informacji - cały czas nie mają gotowego raportu',1475,169,1,316,NULL),(11052,'2021-04-16 08:44:19.598056','2021-04-16 08:44:19.598056','R','2021-04-16','','OA-067-37-21_Sąd_Rejonowy_w_Olsztynie_rejestr_umów_dokumentacja_pokontrolna_na_BIP_-_odp._na_wniosek_epuap16.04.2021.pdf',1,'Spis spraw: G-2133 za rok 2018 (tabela w pdf)',1604,543,1,7,NULL),(11053,'2021-04-16 08:46:52.862881','2021-04-16 08:46:52.862881','R','2021-04-16','','Sąd_Rejonowy_w_Olsztynie_-_odp._na_wniosek_epuap16.04.2021.zip',2,'(4 tabele w xls.)',1604,543,1,7,NULL),(11058,'2021-04-16 13:13:25.299689','2021-05-04 08:18:29.381139','R','2021-04-15','II Kp 115_21 (PR 2 Ds 339.2020)','II_Kp_115_21_PR_2_Ds_339.2020_Jedwabne_Kolno_Zbójna_Wizna_udostępnienie_danych_Poczcie_Polskiej-_posiedzenie_26.05.2021_PT15.04.2021_yLywmp7.pdf',4,'sala II \r\nmec. Kuczyński otrzymał pismo 30.04.2021',1406,1225,2,141,'2021-05-26 09:00:00.000000'),(11063,'2021-04-19 10:37:56.589818','2021-04-19 10:37:56.589818','R','2021-04-19','II SA_Sz 100_21','II_SA_Sz_100_21_NADLEŚNICTWO_GOLENIÓW_Konsultacje_społeczne_w_Nadleśnictwach_-_Fedrowanie_-_odwołanie_rozprawy_epuap19.04.2021.pdf',4,'o odwołaniu rozprawy',1517,126,1,47,NULL),(11066,'2021-04-20 05:21:43.342076','2021-04-30 15:20:09.626924','S','2021-04-22','173_AZ_SOWP_2021_ePUAP','173_AZ_SOWP_2021_ePUAP_Ministerstwo_Rodziny_i_Polityki_Społecznej_umowa_na_badanie_dot._demografii_-_wniosek_wyjaśniający_odp._ministerstwa.pdf',7,'+ nowe pytania dotyczące tego, czemu nie ma jeszcze wyników raportu',1475,1348,1,80,NULL),(11069,'2021-04-20 09:18:08.129211','2021-04-20 09:18:08.129211','R','2021-04-19','II SAB_Wa 263_21','II_SAB_Wa_263_21_Ekstraliga_żużlowa_BIP_statut_umowa_ze_związkiem_-_wpis_odp._na_skargę_PT19.04.2021.pdf',3,'',1489,71,2,69,'2021-04-25 22:00:00.000000'),(11071,'2021-04-20 09:26:26.953292','2021-05-06 08:11:45.437700','R','2021-04-19','II Kp 65_21','II_Kp_65_21_UG_Drzycim_-_Prokuratura_Rejonowa_w_Świeciu_udostępnienie_danych_PP_-_posiedzenie_20.05.2021_g.11.30_s.34_PT19.04.2021.pdf',4,'sala 34 \r\nmec. Kuczyński otrzymał pismo 04.05.2021',1557,1358,2,141,'2021-05-20 09:30:00.000000'),(11072,'2021-04-20 09:29:01.467222','2021-04-20 09:29:01.467222','R','2021-04-19','ZG.0172.10.2020','ZG.0172.10.2020_Nadleśnictwo_Krotoszyn_Konsultacje_społeczne_w_Nadleśnictwach_-_Fedrowanie_-_decyzja_odmowa_PT19.04.2021.pdf',1,'',1571,1334,2,22,'2021-05-18 22:00:00.000000'),(11075,'2021-04-20 12:08:41.963971','2021-04-21 08:38:51.386087','R','2021-04-20','ADO.0164.47.2021.AL','ADO.0164.47.2021.AL_MInisterstwo_Zdrowia_Nagrody_w_ministerstwach_-_Fedrowanie_-_decyzja_odmowna_PT20.04.2021.pdf',0,'',1612,18,2,22,'2021-05-03 22:00:00.000000'),(11077,'2021-04-21 07:07:47.226675','2021-04-30 12:21:30.040095','S','2021-04-22','175_GK_SOWP_2021_ePUAP','175_GK_SOWP_2021_ePUAP_Instytut_Muzyki_i_Tańca_umowa_z_Witkac_w_związku_z_Funduszem_Wsparcia_Kultury_-_skarga_na_bezczynność__epuap_22.04.2021.pdf',1,'',1509,1187,1,1,NULL),(11078,'2021-04-21 07:09:40.956609','2021-04-30 12:17:38.692867','S','2021-04-22','176_GK_SOWP_2021_ePUAP','176_GK_SOWP_2021_ePUAP_Instytut_Teatralny_umowa_z_Witkac_w_związku_z_Funduszem_Wsparcia_Kultury_-_skarga_na_bezczynność__epuap22.04.2021_ciFumOy.pdf',1,'',1510,1186,1,1,NULL),(11082,'2021-04-22 07:44:26.216364','2021-04-22 07:44:26.216364','R','2021-04-22','II SA_Op 40_21','II_SA_Op_40_21_Nadleśnictwo_Prószków_Konsultacje_społeczne_w_Nadleśnictwach_-_Fedrowanie_-_wyrok_epuap22.04.2021.pdf',4,'1) uchyla zaskarżoną decyzję, 2) zasądza od Nadleśniczego Nadleśnictwa Prószków Państwowego Gospodarstwa Leśnego Lasy Państwowe na rzecz skarżącego Stowarzyszenia A w [...] kwotę 200 (dwieście) złotych, tytułem zwrotu kosztów postępowania sądowego. (onp)',1504,87,1,12,NULL),(11085,'2021-04-22 09:05:02.765415','2021-04-22 10:03:53.462323','R','2021-04-22','II SAB_Bk 23_21','II_SAB_Bk_23_21_Gmina_Trzcianne_Mieszkańcy_i_radni_wobec_raportu_o_stanie_gminy_-_Fedrowanie_-_wezwanie_epuap22.04.2021.pdf',2,'do nadesłania wniosku wraz z potwierdzeniem jego wysłania',1576,83,1,2,NULL),(11086,'2021-04-22 09:13:50.861402','2021-04-22 10:03:49.934521','R','2021-04-22','II SAB_Bk 24_21','II_SAB_Bk_24_21_Gmina_Trzcianne_Monitoring_samorządy_-_Fedrowanie_-_wezwanie_epuap22.04.2021.pdf',2,'',1577,83,1,2,NULL),(11087,'2021-04-22 09:17:05.321777','2021-04-22 10:03:46.307353','R','2021-04-22','II SAB_Bk 25_21','II_SAB__Bk_25_21_Gmina_Trzcianne_O_liczbę_wniosków_-_Fedrowanie_-_wezwanie_epuap22.04.2021.pdf',2,'',1578,83,1,2,NULL),(11088,'2021-04-22 09:21:08.107201','2021-04-26 04:34:00.941777','R','2021-04-22','II SAB_Bk 26_21','II_SAB_Bk_26_21_Gmina_Trzcianne_Cyfryzacja_urzędów_-_Fedrowanie_-_wezwanie_epuap22.04.2021.pdf',2,'',1579,83,1,2,NULL),(11089,'2021-04-22 09:35:50.640187','2021-04-22 09:35:50.640187','R','2021-04-22','II SA_Op 47_21','II_SA_Op_47_21_Muzeum_Śląska_Opolskiego_wynagrodzenie_pracowników_-_wyrok_epuap22.04.2021.pdf',7,'1) uchyla zaskarżoną decyzję, 2) zasądza od Dyrektora Muzeum Śląska Opolskiego w Opolu na rzecz skarżącego Stowarzyszenia A w [...] kwotę 200 (dwieście) złotych, tytułem zwrotu kosztów postępowania sądowego. (onp)',1439,87,1,12,NULL),(11090,'2021-04-22 09:51:14.499563','2021-04-22 09:51:14.499563','R','2021-04-22','CIR.WOAIP.1510.207.2021.AK','CIR.WOAIP.1510.207.2021.AK_KANCELARIA_PREZESA_RADY_MINISTRÓW_Narodowy_Program_Szczepień_-_kampanie_reklamowe_-_odp._na_wniosek_epuap22.04.2021.pdf',1,'',1546,498,1,7,NULL),(11091,'2021-04-22 10:16:36.155476','2021-04-22 10:23:22.680451','R','2021-04-22','CIR-WOAIP.1510.303.2021.AK','CIR-WOAIP.1510.303.2021.AK_Kancelaria_Prezesa_Rady_Ministrów_wprowadzenie_Narodowej_Kwarantanny_-_odp._na_wniosek_epuap22.04.2021.pdf',5,'',1491,498,1,7,NULL),(11092,'2021-04-22 10:28:04.896584','2021-04-22 10:28:04.896584','R','2021-04-22','II SA_Wa 2534_20','II_SA_Wa_2534_20_Telewizja_Polska_TVP_autor_pytań_na_debatę_prezydencką_z_17.06.2020_-_posiedzenie_niejawne_epuap22.04.2021.pdf',4,'Skład sędziowski:\r\nA. Kołodziej\r\nE. Kwiecińska (spr.)\r\nI. Maciejuk',1413,71,1,363,'2021-05-13 22:00:00.000000'),(11098,'2021-04-23 09:14:21.919777','2021-04-26 04:33:54.999635','S','2021-04-23','180_AZ_SOWP_2021_AZ','180_AZ_SOWP_2021_AZ_Gmina_Trzcianne_Cyfryzacja_urzędów_-_Fedrowanie_-_odp._na_wezwanie_II_SAB_Bk_26_21_26.04.21_ePUAP.pdf',3,'',1579,83,1,41,NULL),(11099,'2021-04-23 09:26:19.937095','2021-04-23 09:26:19.937095','R','2021-03-04','','Odpowiedź_na_wniosek.odt',4,'',1579,493,8,7,NULL),(11100,'2021-04-23 09:46:42.537523','2021-05-05 16:12:32.805935','S','2021-05-04','','Gmina_Trzcianne_Monitoring_samorządy_-_Fedrowanie_-_wniosek_o_informację_publiczną_epuap04.05.2021.pdf',3,'Wysyłamy ponownie wniosek ze zmienionym zakresem dat.',1577,493,1,18,NULL),(11103,'2021-04-26 07:30:50.620530','2021-04-26 07:30:50.620530','R','2021-04-23','II SAB_Wa 280_21','II_SAB_Wa_280_21_Telewizja_Polska_TVP_TV_Trwam_-_udostępnienie_sygnału_z_przemówienia_J._Emilewicz_w_czasie_pielgrz_-_wpis_odp._na_skargę_PT23.04.2021.pdf',3,'',1560,71,2,69,'2021-04-29 22:00:00.000000'),(11108,'2021-04-27 09:43:28.536408','2021-04-30 08:25:18.381083','R','2021-04-26','PKDP_IP_5_2021','PKDP_IP_5_2021_Państwowa_Komisja_ds._Pedofilii_działalność_i_koszty_komisji_-_odp._na_wniosek_mail26.04.2021.pdf',2,'odpowiedzi nie do końca na temat\r\nto samo pismo przyszło pocztą 29.04.2021',1580,1338,3,253,NULL),(11110,'2021-04-27 15:08:10.924407','2021-05-06 09:08:42.561290','S','2021-05-04','','KANCELARIA_PREZESA_RADY_MINISTRÓW_Narodowy_Program_Szczepień_-_kampanie_reklamowe_12.2020-03.2021_-_wniosek_o_inf._publiczną_epuap04.05.2021.pdf',2,'wniosek wysłany ponownie, trochę zmodyfikowany, aby dowiedzieć się kto realizował kampanię za free a kto za kasę',1546,498,1,18,NULL),(11111,'2021-04-27 15:19:01.395187','2021-05-18 18:29:00.535701','S','2021-05-04','','Kancelaria_Prezesa_Rady_Ministrów_nagrania_z_posiedzenia_rządu_21.04.2021_dot._FO_i_KPO_-_wniosek_o_inf._publiczną_epuap04.05.2021.pdf',0,'',1614,498,1,18,NULL),(11113,'2021-04-27 15:54:13.198010','2021-05-05 16:10:19.356487','S','2021-05-04','182_GK_SOWP_2021_ePUAP','182_GK_SOWP_2021_ePUAP_Komenda_Rejonowa_Policji_Warszawa_I_parawan_policyjny_przed_TK_podczas_protestu_10.03.2021_-_skarga_na_bezczynność_epuap04.05.2021.pdf',2,'',1597,133,1,1,NULL),(11115,'2021-04-27 16:38:19.576464','2021-04-30 10:25:19.785031','S','2021-04-23','','LASY_PAŃSTWOWE_DYREKCJA_GENERALNA_LASÓW_PAŃSTWOWYCH_Warszawa_Plan_Urządzenia_Lasu_w_i_po_2021_-_wniosek_o_udost._info._o_środowisku__epuap.pdf',0,'',1615,1361,1,366,NULL),(11116,'2021-04-28 07:28:17.898839','2021-04-28 07:28:17.898839','R','2021-04-27','PR 3 Ds. 499.2020','PR_3_Ds._499.2020_UG_Kamień_podk._-_Prokuratura_Rejonowa_w_Rzeszowie_udostępnienie_danych_Poczcie_Polskiej_-_zarządzenie_o_przyjęciu_zażalenia_i_przekazaniu_go_do_SR_w_Rzeszowie_PT27.04.2021.pdf',4,'o przyjęciu za żalenia - przekazanie zażalenia do SR w Rzeszowie',1435,814,2,317,NULL),(11118,'2021-04-28 07:57:55.013936','2021-05-04 08:25:52.524981','R','2021-04-27','II Kp 42_21','II_Kp_42_21_Gmina_Tarnowiec_-_Prokuratura_Rejonowa_w_Jaśle_udostępnienie_danych_Poczcie_Polskiej_-_postanowienie_o_nieuwzględnieniu_zażalenia_i_utrzymaniu_w_mocy_poprzedniego_postanowienia_PT27.04.2021.pdf',5,'o nieuwzględnieniu zażalenia i utrzymaniu w mocy poprzedniego postanowienia \r\nmec. Kuczyński otrzymał pismo 28.04.2021',1521,1086,2,32,NULL),(11119,'2021-04-29 07:18:41.582447','2021-04-29 07:18:41.582447','R','2021-04-28','II SAB_Lu 43_21','II_SAB_Lu_43_21_Katolicki_Uniwersytet_Lubelski_tłumaczenie_encyklopedii_filozofii-wniosek_o_podwyższenie_subwencji_-_odpowiedź_na_skargę_mail28.04.2021.pdf',5,'',1466,177,3,54,NULL),(11120,'2021-04-30 06:56:25.161807','2021-04-30 06:56:37.410317','S','2021-04-30','183_AZ_SOWP_2021_AZ','183_AZ_SOWP_2021_AZ_Telewizja_Polska_TVP_TV_Trwam_-_udostępnienie_sygnału_z_przemówienia_J._Emilewicz_w_czasie_pielgrz_-_wycofanie_SNB_30.04.21_ePUAP.pdf',4,'wycofanie skargi, bo udzielili odpowiedzi',1560,71,1,314,NULL),(11125,'2021-04-30 10:25:56.825648','2021-04-30 10:25:56.825648','S','2021-04-23','','LASY_PAŃSTWOWE_DYREKCJA_GENERALNA_LASÓW_PAŃSTWOWYCH_-_wniosek_o_dostęp_do_informacji_epuap23.04.2021.pdf',0,'',1617,1361,1,18,NULL),(11126,'2021-04-30 10:39:51.909456','2021-04-30 10:39:51.909456','R','2021-04-30','II SA_Sz 100_21','II_SA_Sz_100_21_NADLEŚNICTWO_GOLENIÓW_Konsultacje_społeczne_w_Nadleśnictwach_-_Fedrowanie_-_postanowienie_epuap30.04.2021.pdf',5,'1. odrzucić skargę,\r\n2. zwrócić stronie skarżącej 200 zł tytułem uiszczonego wpisu od skargi',1517,126,1,32,NULL),(11127,'2021-04-30 10:55:18.893078','2021-04-30 10:55:18.893078','R','2021-04-30','CI.0111.101.2021.IJ','CI.0111.101.2021.IJ_MINISTERSTWO_KULTURY_I_DZIEDZICTWA_NARODOWEGO_dokumenty_pokontrolne_odwołanie_dyrektora_FINA_-_przedłużenie_terminu_do_19.06.2021_epuap30.04.2021.pdf',2,'do 19.06.2021',1599,1354,1,239,NULL),(11134,'2021-04-30 12:09:57.537013','2021-05-06 08:48:39.938843','R','2021-04-30','II SAB_Wa 82_21','II_SAB_Wa_82_21_Poczta_Polska_rejestracja_odbiorników_rtv_-_wpis_epuap30.04.2021.pdf',3,'',1507,71,1,10,NULL),(11139,'2021-05-04 10:41:42.834139','2021-05-06 09:17:03.520851','S','2021-05-04','187_AM_SOWP_2021_ePUAP','187_AM_SOWP_2021_ePUAP_Ministerstwo_Zdrowia_Nagrody_w_ministerstwach_-_Fedrowanie_-_WNIOSEK_O_PONOWNE_ROZPATRZENIE_SPRAWY_epuap04.05.2021.pdf',1,'',1612,18,1,210,NULL),(11141,'2021-05-05 16:15:22.104416','2021-05-19 09:01:06.903052','S','2021-05-04','','Poradnia_psychologiczno-pedagogiczna_w_Krasnymstawie_nagrody_pracowników_-_wniosek_o_informację_epuap04.05.2021.pdf',0,'',1618,1365,1,18,NULL),(11150,'2021-05-06 11:41:46.180651','2021-05-06 11:41:46.180651','R','2021-05-06','II SA_Wa 108_21','II_SA_Wa_108_21_Ministerstwo_Spraw_Wewnętrznych_i_Administracji_ochrona_SOP_-_lista_osób_koszty_faktury_-_posiedzenie_niejawne_epuap06.05.2021.pdf',4,'Skład sędziowski:\r\nS. Antoniuk (spr.)\r\nI. Głowacka-Klimas\r\nA. Wieczorek',1441,71,1,363,'2021-05-18 22:00:00.000000'),(11153,'2021-05-11 07:42:20.371367','2021-05-11 07:42:20.371367','R','2021-05-10','PR 4 Ds. 504.2021.III','PR_4_Ds._504.2021.III_Kancelaria_Prezesa_Rady_Ministrów_wprowadzenie_Narodowej_Kwarantanny_Ministerstwo_Zdrowia_wprowadzenie_Narodowej_Kwarantanny_-_postanowienie_o_odmowie_wszczęcia_dochodzenia_PT10.05.2021.pdf',5,'',1492,1182,2,189,'2021-05-16 22:00:00.000000'),(11154,'2021-05-11 07:42:29.353683','2021-05-11 07:42:29.353683','R','2021-05-10','PR 4 Ds. 504.2021.III','PR_4_Ds._504.2021.III_Kancelaria_Prezesa_Rady_Ministrów_wprowadzenie_Narodowej_Kwarantanny_Ministerstwo_Zdrowia_wprowadzenie_Narodowej_Kwarantanny_-_postanowienie_o_odmowie_wszczęcia_dochodzenia_PT10.05.2021_v1YXzID.pdf',6,'',1491,1182,2,189,'2021-05-16 22:00:00.000000'),(11155,'2021-05-11 08:00:21.815965','2021-05-27 14:28:30.891310','R','2021-05-10','PR 1 Ds. 181.2021','PR_1_Ds._181.2021_Gmina_Łabunie_-_Prokuratura_Rejonowa_w_Zamościu_udostępnienie_danych_PP_-_odmowa_wszczęcie_śledztwa_T10.05.2021.pdf',1,'nie wysłaliśmy zażalenia',1536,852,2,308,'2021-05-16 22:00:00.000000'),(11157,'2021-05-11 08:20:54.197193','2021-05-17 07:14:11.040359','R','2021-05-10','BSA I-055-328_21','BSA_I-055-328_21_Sąd_Najwyższy_-_zawiadomienie_o_nieuwzględnieniu_petycji_PT10.05.2021.pdf',0,'o sposobie załatwienia petycji - nieuwzględnienie petycji',1621,308,2,47,NULL),(11160,'2021-05-11 09:04:35.103537','2021-05-11 09:04:35.103537','R','2021-05-10','OSO.1511.5.2021','OSO.1511.2021_Rada_Gminy_Trzcianne_wzmocnienie_praworządności_-_uznanie_wniosku_KPA_za_zasadny_PT10.05.2021.pdf',3,'uznanie wniosku KPA za zasadny',1593,1349,2,300,NULL),(11165,'2021-05-11 18:44:19.439368','2021-05-11 18:44:19.439368','R','2021-05-11','II SA_Kr 169_21','II_SA_Kr_169_21_NADLEŚNICTWO_NIEPOŁOMICE_Konsultacje_społeczne_w_Nadleśnictwach_-_Fedrowanie_-_wyrok_epuap11.05.2021.pdf',4,'1. uchyla zaskarżoną decyzję\r\n2. zasądza od Nadleśnictwa Niepołomice na rzecz SOWP kwotę 200 zł tytułem zwrotu kosztów postępowania.',1524,88,1,12,NULL),(11170,'2021-05-13 16:15:13.315923','2021-05-13 16:15:13.315923','R','2021-05-13','','Instytut_Muzyki_i_Tańca_umowa_z_Witkac_w_związku_z_Funduszem_Wsparcia_Kultury_-_odp._na_wniosek_epuap13.05.2021.pdf',2,'',1509,1187,1,7,NULL),(11172,'2021-05-13 16:42:05.669942','2021-05-13 16:42:05.669942','R','2021-05-13','ADP.0164.61.2021','ADP.0164.61.2021__Ministerstwo_Zdrowia_Nagrody_w_ministerstwach_-_Fedrowanie_-_wezwanie_do_przesłanie_wniosku_PT_lun_ePUAPem_epuap13.05.2021.pdf',2,'wezwanie do przesłanie wniosku PT lub ePUAPem',1612,18,1,2,'2021-05-19 22:00:00.000000'),(11174,'2021-05-13 17:15:39.217821','2021-05-13 17:15:39.217821','R','2021-05-13','II SA_Go 147_21','II_SA_Go_147_21_NADLEŚNICTWO_KRZYSTKOWICE_Konsultacje_społeczne_w_Nadleśnictwach_-_Fedrowanie_-_wyrok_epuap13.05.2021.pdf',4,'I. uchyla zaskarżoną decyzję, II. zasądza od Nadleśniczego Nadleśnictwa [...] na rzecz skarżącego S. kwotę 200 (dwieście) złotych, tytułem zwrotu kosztów postępowania sądowego. (onp)',1523,210,1,12,NULL),(11175,'2021-05-13 17:31:26.656584','2021-05-13 17:31:26.656584','R','2021-05-13','II SA_Wa 461_21','II_SA_Wa_461_21_Telewizja_Polska_TVP_porozumienie_z_Episkopatem_ws.__audycji_-_posiedzenie_niejawne_24.05.2021__epuap13.05.2021.pdf',6,'Skład sędziowski:\r\nI. Głowacka-Klimas\r\nJ. Kruszewska-Grońska (spr.)\r\nA. Wieczorek',1410,71,1,363,'2021-05-23 22:00:00.000000'),(11177,'2021-05-14 09:59:24.391359','2021-05-14 09:59:24.391359','R','2021-05-14','II SAB_Bk 23_21','II_SAB_Bk_23_21_Gmina_Trzcianne_Mieszkańcy_i_radni_wobec_raportu_o_stanie_gminy_-_Fedrowanie_-_wyrok_epuap14.05.2021.pdf',3,'skarga odrzucona',1576,83,1,12,'2021-06-13 22:00:00.000000'),(11178,'2021-05-14 10:05:43.077182','2021-05-21 07:24:49.514268','R','2021-05-14','II SAB_Bk 24_21','II_SAB_Bk_24_21_Gmina_Trzcianne_Monitoring_samorządy_-_Fedrowanie_-_postanowienie_o_odrzuceniu_skargi_epuap14.05.2021.pdf',4,'o odrzuceniu skargi  - nie składamy zażalenia bo celowo nie opłaciliśmy wpisu',1577,83,1,32,NULL),(11179,'2021-05-14 10:09:37.166347','2021-05-21 07:24:41.118652','R','2021-05-14','II SAB_Bk 25_21','II_SAB_Bk_25_21_Gmina_Trzcianne_O_liczbę_wniosków_-_Fedrowanie_-_postanowienie_o_odrzuceniu_skargi_epuap14.05.2021.pdf',3,'o odrzuceniu skargi - nie składamy zażalenia bo celowo nie opłaciliśmy wpisu',1578,83,1,32,NULL),(11181,'2021-05-14 10:30:23.190692','2021-05-27 14:15:07.743118','R','2021-05-14','NN1.052.2.2020','NN1.052.2.2020.TZA_NADLEŚNICTWO_GOLENIÓW_Konsultacje_społeczne_w_Nadleśnictwach_-_Fedrowanie_-_decyzja_odmowna_epuap14.05.2021_bez_UPO_decyja_była_podpisana_ale_po_połączeniu_2_pism_nie_widać_podpisu.pdf',6,'DECYZJA Nr 34/2020',1517,1283,1,22,NULL),(11182,'2021-05-14 10:40:15.582624','2021-05-20 08:24:35.733968','S','2021-05-19','192_AZ_SOWP_2021_ePUAP','192_AZ_SOWP_2021_ePUAP_Ministerstwo_Zdrowia_Nagrody_w_ministerstwach_-_Fedrowanie_-_odpowiedź_na_wezwanie_ADP.0164.61.2021.pdf',3,'ponowne przesłanie wniosku',1612,18,1,41,NULL),(11183,'2021-05-17 05:56:01.248505','2021-05-17 05:56:01.248505','R','2020-12-17','NN1.052.2.2020','NADLEŚNICTWO_GOLENIÓW_Konsultacje_społeczne_w_Nadleśnictwach_-_Fedrowanie_-_decyzja_fedrowanie_17.12.20.pdf',7,'doręczona mailowo przez fedrowanie',1517,1283,8,22,NULL),(11184,'2021-05-17 07:13:01.784713','2021-05-17 07:13:01.784713','S','2021-03-24','','Petycja_do_Pierwszej_Prezes_Sądu_Nawyższego_w_sprawie_jej_wniosku_do_Trybunału_Konstytucyjnego_-_Sieć_Obywatelska_Watchdog_24.03.2021.pdf',0,'',1621,308,2,367,NULL),(11191,'2021-05-17 12:28:32.302606','2021-05-17 12:32:09.294551','R','2021-05-17','NN1.052.2.2020','NN1.052.2.2020_NADLEŚNICTWO_GOLENIÓW_Konsultacje_społeczne_w_Nadleśnictwach_-_Fedrowanie_-_decyzja_odmowna_PT17.05.2021.pdf',8,'DECYZJA Nr 34/2020 \r\n(ta sama decyzja co poniżej)',1517,1283,2,22,NULL),(11194,'2021-05-18 07:49:21.106354','2021-05-18 07:49:21.106354','S','2021-05-17','(PR 4 Ds 504.2021.III)','PR_4_Ds_504.2021.III_Kancelaria_Prezesa_Rady_Ministrów_wprowadzenie_Narodowej_Kwarantanny_Ministerstwo_Zdrowia_wprowadzenie_Narodowej_Kwarantanny_-_Zażalenie_mec.2021.05.17.docx',7,'',1491,1182,5,51,NULL),(11195,'2021-05-18 07:49:31.124194','2021-05-18 07:49:31.124194','S','2021-05-17','(PR 4 Ds 504.2021.III)','PR_4_Ds_504.2021.III_Kancelaria_Prezesa_Rady_Ministrów_wprowadzenie_Narodowej_Kwarantanny_Ministerstwo_Zdrowia_wprowadzenie_Narodowej_Kwarantanny_-_Zażalenie_mec.2021.05.17_AUHoCDC.docx',6,'',1492,1182,5,51,NULL),(11197,'2021-05-18 08:17:52.595225','2021-05-18 08:17:52.595225','R','2021-05-17','DFA.0153.11.2021','DFA.0153.11.2021_Instytut_Teatralny_umowa_z_Witkac_w_związku_z_Funduszem_Wsparcia_Kultury_-_odp._na_wniosek_PT17.05.2021.pdf',2,'',1510,1186,2,7,NULL),(11200,'2021-05-18 18:11:36.287095','2021-05-18 18:15:25.876453','R','2021-05-18','CIR.WOAIP.1510.553.2021.AK','CIR.WOAIP.1510.553.2021.AK_Kancelaria_Prezesa_Rady_Ministrów_nagrania_z_posiedzenia_rządu_21.04.2021_dot._FO_i_KPO_-_odp._na_wniosek_epuap18.05.2021.pdf',1,'link z treści odpowiedzi https://www.gov.pl/web/premier/porzadek-obrad-rm-2021',1614,498,1,253,NULL),(11202,'2021-05-18 18:46:54.484140','2021-05-19 04:30:55.972100','R','2021-05-18','II SAB_Wa 785_20','II_SAB_Wa_785_20_Ministerstwo_Zdrowia_raport_zespołu_o_przygotowaniu_ws._epidemii_na_jesień_2020_r._-_sentencja_epuap18.05.2021.pdf',5,'skarga oddalona',1421,71,1,36,NULL),(11203,'2021-05-18 18:48:54.838809','2021-05-19 04:30:50.968837','S','2021-05-18','194_AZ_SOWP_2021_AZ','194_AZ_SOWP_2021_AZ_Ministerstwo_Zdrowia_raport_zespołu_o_przygotowaniu_ws._epidemii_na_jesień_2020_r._-_wniosek_o_uzasadnienie_wyroku_II_SAB_Wa_785_20_ePUAP_19.05.21.pdf',6,'dot. II SAB_Wa 785_20',1421,71,1,21,NULL),(11204,'2021-05-19 04:46:55.710909','2021-05-19 04:46:55.710909','S','2021-05-19','195_AZ_SOWP_2021_AZ','195_AZ_SOWP_2021_AZ_Kancelaria_Prezesa_Rady_Ministrów_nagrania_z_posiedzenia_rządu_21.04.2021_dot._FO_i_KPO_-_wniosek_wyjaśnienie__ePUAP_19.05.21.pdf',2,'dopytanie, czy na posiedzeniu 21.04 toczyły się rozmowy dotyczące planu odbudowy',1614,498,1,80,NULL),(11205,'2021-05-19 08:56:51.247256','2021-05-19 08:56:51.247256','R','2021-05-19','II SA_Lu 328_21','II_SA_Lu_328_21_Nadleśnictwo_Józefów_Konsultacje_społeczne_w_Nadleśnictwach_-_Fedrowanie_-_wpis_odp._na_skargę_epuap19.05.2021.pdf',4,'',1553,177,1,69,'2021-05-25 22:00:00.000000'),(11206,'2021-05-19 09:01:06.849632','2021-05-19 09:01:06.849632','R','2021-05-19','PPP-0611_1_2021','PPP-0611_1_2021_Poradnia_psychologiczno-pedagogiczna_w_Krasnymstawie_nagrody_pracowników_-_odp._na_wniosek_epuap19.05.2021.pdf',1,'',1618,1365,1,7,NULL),(11210,'2021-05-19 11:43:05.629936','2021-05-19 11:43:05.629936','R','2021-05-19','ADP.0164.61.2021.MK','ADP.0164.61.2021.MK_Ministerstwo_Zdrowia_Nagrody_w_ministerstwach_-_Fedrowanie_-_przedłużenie_terminu_do_04.07.2021_epuap19.05.2021.pdf',4,'Ministerstwo Zdrowia (Nagrody w ministerstwach - Fedrowanie) - przedłużenie terminu do 04.07.2021 epuap19.05.2021',1612,18,1,239,NULL),(11212,'2021-05-20 08:04:16.533139','2021-05-27 06:04:45.498183','S','2021-05-26','196_SO_SOWP_2021_ePUAP','196_SO_SOWP_2021_ePUAP_NADLEŚNICTWO_GOLENIÓW_Konsultacje_społeczne_w_Nadleśnictwach_-_Fedrowanie_-_SND_26.05.21_ePUAP.pdf',9,'',1517,1283,1,16,NULL),(11216,'2021-05-21 08:56:35.502982','2021-05-21 08:56:35.502982','S','2021-05-19','','Nadleśnictwo_Krotoszyn_Konsultacje_społeczne_w_Nadleśnictwach_-_Fedrowanie_-_skarga_na_decyzję.pdf',6,'dot. ZG.0172.10.2020',1571,1334,1,16,NULL),(11219,'2021-05-21 09:43:56.737780','2021-05-21 10:57:49.911509','R','2021-05-21','OSO.1431.13.2021','OSO.1431.14.2021_Gmina_Trzcianne_Monitoring_samorządy_-_Fedrowanie__-_odp._na_wniosek_epuap21.05.2021.pdf',5,'odp. na drugi wniosek ze zmienionymi datami',1577,493,1,7,NULL),(11221,'2021-05-21 11:08:24.249861','2021-05-21 11:08:24.249861','R','2021-05-21','CIR.WOAIP.1510.552.2021.AK','CIR.WOAIP.1510.552.2021.AK_KANCELARIA_PREZESA_RADY_MINISTRÓW_Narodowy_Program_Szczepień_-_kampanie_reklamowe_-_odp._na_wniosek_epuap21.05.2021.pdf',3,'',1546,498,1,7,NULL),(11225,'2021-05-21 12:37:08.089907','2021-05-21 12:38:28.773839','R','2021-05-21','II SA_Wa 108_21','II_SA_Wa_108_21_Ministerstwo_Spraw_Wewnętrznych_i_Administracji_ochrona_SOP_-_lista_osób_koszty_faktury_-_sentencja_epuap21.05.2021.pdf',5,'skarga oddalona',1441,71,1,36,'2021-05-27 22:00:00.000000'),(11226,'2021-05-21 15:10:45.621656','2021-05-21 15:10:45.621656','R','2021-05-21','II SAB_Bk 26_21','II_SAB_Bk_26_21_Gmina_Trzcianne_Cyfryzacja_urzędów_-_Fedrowanie_-_wyrok_epuap21.05.2021.pdf',5,'1. umarza postępowanie sądowe w zakresie zobowiązania Wójta Gminy T. do załatwienia wniosku Stowarzyszenia S. w W. z dnia [...] września 2020 roku o udostępnienie informacji publicznej; 2. stwierdza, że organ dopuścił się bezczynności; 3. stwierdza, że bezczynność organu miała miejsce z rażącym naruszeniem prawa; 4. zasądza od Wójta Gminy T. na rzecz skarżącego Stowarzyszenia S. w W. kwotę 100 (sto) złotych tytułem zwrotu kosztów postępowania sądowego. (onp)',1579,83,1,12,NULL),(11227,'2021-05-21 15:27:28.706618','2021-05-21 15:27:28.706618','R','2021-05-21','ZG.0172.3.2021 (II SA_Go 147_21)','ZG.0172.3.2021_II_SA_Go_147_21_NADLEŚNICTWO_KRZYSTKOWICE_Konsultacje_społeczne_w_Nadleśnictwach_-_Fedrowanie_-_prośba_o_numer_konta_PT21.05.2021.pdf',5,'',1523,1289,2,59,NULL),(11232,'2021-05-25 14:15:59.997680','2021-05-25 14:15:59.997680','S','2021-05-25','198_AZ_SOWP_2021_AZ','198_AZ_SOWP_2021_AZ_Ministerstwo_Spraw_Wewnętrznych_i_Administracji_ochrona_SOP_-_lista_osób_koszty_faktury_-_wniosek_o_uzasadnienie_25.05.2021_ePUAP.pdf',6,'',1441,71,1,21,NULL),(11233,'2021-05-26 06:09:51.749443','2021-05-26 06:09:51.749443','R','2021-05-18','II Kp 95_21','UM_Lubycza_Królewska_-_Prokuratura_Rejonowa_w_Tomaszowie_Lubelskim_udostępnienie_danych_Poczcie_Po_-_inf._18.05.21_PT.pdf',11,'informacja o uchyleniu zaskarżonego postanowienia',1436,1346,2,316,NULL),(11241,'2021-05-27 07:29:48.593769','2021-05-27 07:29:48.593769','R','2021-05-27','II SA_Bd 580_21','II_SA_Bd_580_21_NADLEŚNICTWO_CIERPISZEWO_Konsultacje_społeczne_w_Nadleśnictwach_-_Fedrowanie_-_odp._na_skargę_27.05.21_ePUAP.pdf',1,'',1516,82,1,54,NULL),(11242,'2021-05-27 07:38:00.137677','2021-05-27 07:38:00.137677','R','2021-05-21','D.013.59.2020','Muzeum_Śląska_Opolskiego_wynagrodzenie_pracowników_-_odp._na_wn._po_wyroku_21.05.21_ePUAP_ok.pdf',8,'',1439,1174,1,7,NULL),(11246,'2021-05-28 04:26:53.000023','2021-05-28 04:26:53.000023','S','2021-05-28','203_AZ_SOWP_2021_AZ','203_AZ_SOWP_2021_AZ_NADLEŚNICTWO_KRZYSTKOWICE_Konsultacje_społeczne_w_Nadleśnictwach_-_Fedrowanie_-_podanie_numeru_konta_do_zwrotu_kosztów_28.05.21_ePUAP.pdf',6,'',1523,1289,1,316,NULL),(11248,'2021-05-28 06:13:51.851843','2021-05-28 06:13:51.851843','S','2021-05-28','205_AZ_SOWP_2021_AZ','205_AZ_SOWP_2021_AZ_Minister_Rodziny_i_Polityki_Społecznej_raporty_dot._demografii_-_przypomnienie_o_wniosku_28.05.21_ePUAP.pdf',8,'',1475,1348,1,273,NULL);
/*!40000 ALTER TABLE `cases_letter` ENABLE KEYS */;
UNLOCK TABLES;

--
-- Table structure for table `cases_lettername`
--

DROP TABLE IF EXISTS `cases_lettername`;
/*!40101 SET @saved_cs_client     = @@character_set_client */;
/*!40101 SET character_set_client = utf8 */;
CREATE TABLE `cases_lettername` (
  `id` int(11) NOT NULL AUTO_INCREMENT,
  `created` datetime(6) NOT NULL,
  `modified` datetime(6) NOT NULL,
  `content` varchar(200) COLLATE utf8_polish_ci NOT NULL,
  PRIMARY KEY (`id`)
) ENGINE=InnoDB AUTO_INCREMENT=368 DEFAULT CHARSET=utf8 COLLATE=utf8_polish_ci;
/*!40101 SET character_set_client = @saved_cs_client */;

--
-- Dumping data for table `cases_lettername`
--

LOCK TABLES `cases_lettername` WRITE;
/*!40000 ALTER TABLE `cases_lettername` DISABLE KEYS */;
INSERT INTO `cases_lettername` VALUES (1,'2019-03-02 05:31:57.397089','2019-03-02 05:31:57.410252','skarga na bezczynność'),(2,'2019-03-02 05:31:57.415520','2019-03-02 05:31:57.419226','wezwanie'),(4,'2019-03-02 05:31:57.433257','2019-03-02 05:31:57.435042','rozprawa'),(7,'2019-03-02 05:31:57.470296','2019-03-02 05:31:57.471913','odpowiedź na wniosek'),(8,'2019-03-02 05:31:57.482979','2019-03-02 05:31:57.485549','potwierdzenie uiszczenia wpisu'),(10,'2019-03-02 05:31:57.548759','2019-03-02 05:31:57.551318','wpis'),(11,'2019-03-02 05:31:57.555588','2019-03-02 05:31:57.557120','opłata kancelaryjna'),(12,'2019-03-02 05:31:57.562269','2019-03-02 05:31:57.563801','wyrok'),(13,'2019-03-02 05:31:57.571091','2019-03-02 05:31:57.572588','przekazanie odwołania'),(14,'2019-03-02 05:31:57.579348','2019-03-02 05:31:57.580962','wezwanie do wykazania interesu publicznego'),(16,'2019-03-02 05:31:57.592182','2019-03-02 05:31:57.593634','skarga na decyzję'),(17,'2019-03-02 05:31:57.598693','2019-03-02 05:31:57.600426','odpowiedź na skargę kasacyjną'),(18,'2019-03-02 05:31:57.641135','2019-03-02 05:31:57.642795','wniosek o informację publiczną'),(20,'2019-03-02 05:31:57.687332','2019-03-02 05:31:57.689197','skarga kasacyjna'),(21,'2019-03-02 05:31:57.694129','2019-03-02 05:31:57.696668','wniosek o uzasadnienie wyroku'),(22,'2019-03-02 05:31:57.722335','2019-03-02 05:31:57.723776','decyzja odmowna'),(26,'2019-03-02 05:31:57.795669','2019-03-02 05:31:57.797206','odwołanie od decyzji'),(27,'2019-03-02 05:31:57.804965','2019-03-02 05:31:57.806855','decyzja uchylająca'),(28,'2019-03-02 05:31:57.827552','2019-03-02 05:31:57.829193','przedłużenie'),(31,'2019-03-02 05:31:57.924282','2019-03-02 05:31:57.926014','wezwanie do opłaty'),(32,'2019-03-02 05:31:57.930636','2019-03-02 05:31:57.933412','postanowienie'),(35,'2019-03-02 05:31:58.001688','2019-03-02 05:31:58.003596','przystąpienie'),(36,'2019-03-02 05:31:58.020349','2019-03-02 05:31:58.022130','sentencja'),(37,'2019-03-02 05:31:58.028630','2019-03-02 05:31:58.030174','odpowiedź na wniosek - nie odpowiedzą'),(39,'2019-03-02 05:31:58.055616','2019-03-02 05:31:58.057194','pismo strony skarżącej'),(41,'2019-03-02 05:31:58.167652','2019-03-02 05:31:58.170299','odpowiedź na wezwanie'),(45,'2019-03-02 05:31:58.263552','2019-03-02 05:31:58.265289','wniosek KPA'),(47,'2019-03-02 05:31:58.286237','2019-03-02 05:31:58.288008','zawiadomienie'),(51,'2019-03-02 05:31:58.456764','2019-03-02 05:31:58.459502','zażalenie'),(54,'2019-03-02 05:31:58.658341','2019-03-02 05:31:58.660916','odpowiedź na skargę'),(58,'2019-03-02 05:31:58.743464','2019-03-02 05:31:58.744866','wszczęcie dochodzenia'),(59,'2019-03-02 05:31:58.748963','2019-03-02 05:31:58.750436','prośba o numer konta'),(68,'2019-03-02 05:31:58.940229','2019-03-02 05:31:58.943119','wniosek o przywrócenie terminu'),(69,'2019-03-02 05:31:58.950461','2019-03-02 05:31:58.951942','wpis, odpowiedź na skargę'),(70,'2019-03-02 05:31:58.997462','2019-03-02 05:31:59.000056','rozprawa, odpowiedź na skargę'),(79,'2019-03-02 05:31:59.563158','2019-03-02 05:31:59.565280','uzupełnienie'),(80,'2019-03-02 05:31:59.573984','2019-03-02 05:31:59.576118','wniosek o informację publiczną - wyjaśnienie'),(90,'2019-03-02 05:32:00.107520','2019-03-02 05:32:00.109040','wniosek o ukaranie grzywną'),(94,'2019-03-02 05:32:00.184238','2019-03-02 05:32:00.185751','wezwanie do podpisania wniosku'),(95,'2019-03-02 05:32:00.194358','2020-03-26 12:39:08.639980','zmiana sygnatury'),(96,'2019-03-02 05:32:00.210073','2019-03-02 05:32:00.211515','zawiadomienie o możliwości popełnienia przestępstwa'),(98,'2019-03-02 05:32:00.223318','2019-03-02 05:32:00.224567','informacja'),(100,'2019-03-02 05:32:00.234025','2019-03-02 05:32:00.235806','pełnomocnictwo'),(109,'2019-03-02 05:32:00.335701','2019-03-02 05:32:00.338358','odpowiedź na petycję'),(132,'2019-03-02 05:32:00.717948','2019-03-02 05:32:00.719720','pozostawienie wniosku bez rozpoznania'),(133,'2019-03-02 05:32:00.732031','2019-03-02 05:32:00.733558','skarga na postanowienie'),(141,'2019-03-02 05:32:00.876846','2019-03-02 05:32:00.878358','posiedzenie'),(153,'2019-03-02 05:32:01.044070','2019-03-02 05:32:01.045721','przypomnienie'),(160,'2019-03-02 05:32:01.204548','2019-03-02 05:32:01.206790','przywrócenie terminu do odwołania'),(167,'2019-03-02 05:32:01.339852','2019-03-02 05:32:01.341870','ponaglenie'),(189,'2019-03-02 05:32:01.880756','2019-03-02 05:32:01.882800','odmowa wszczęcia dochodzenia'),(193,'2019-03-02 05:32:01.995562','2019-03-02 05:32:01.997233','umorzenie'),(194,'2019-03-02 05:32:02.037944','2019-03-02 05:32:02.039898','odmowa przyznania prawa pomocy'),(200,'2019-03-02 05:32:02.153501','2019-03-02 05:32:02.155195','przedłużenie rozpatrywania odwołania'),(202,'2019-03-02 05:32:02.199959','2019-03-02 05:32:02.201731','wniosek o przyznanie prawa pomocy'),(210,'2019-03-02 05:32:02.422234','2019-03-02 05:32:02.424020','wniosek o ponowne rozpatrzenie sprawy'),(222,'2019-03-02 05:32:02.666314','2019-03-02 05:32:02.668087','wniosek o udostępnienie akt sprawy'),(232,'2019-03-02 05:32:02.784686','2020-03-26 13:17:33.036016','decyzja odmowna i odpowiedź częściowa'),(239,'2019-03-02 05:32:02.976371','2019-03-02 05:32:02.978517','przedłużenie terminu odpowiedzi na wniosek'),(253,'2019-03-02 05:32:03.453197','2019-03-02 05:32:03.455270','odpowiedź na wniosek - częściowa'),(271,'2019-03-02 05:32:03.981376','2019-03-02 05:32:03.983323','dopuszczenie'),(273,'2019-03-02 05:32:03.997861','2019-03-02 05:32:03.999758','wniosek o informację publiczną - przypomnienie'),(290,'2019-03-02 05:32:04.385524','2019-03-02 05:32:04.387778','wezwanie do usunięcia braków formalnych'),(296,'2019-03-07 20:05:22.058590','2019-03-07 20:05:22.059381','utrzymanie decyzji odmownej'),(298,'2019-03-10 19:36:33.944953','2020-03-26 12:46:27.056102','administracja, faktury, umowy'),(299,'2019-03-11 10:27:11.328102','2019-03-11 10:27:11.328892','odpowiedź na wniosek o ukaranie grzywną'),(300,'2019-03-11 11:27:07.723436','2019-03-11 11:27:07.725031','odpowiedź na wniosek KPA'),(301,'2019-03-11 11:30:14.496715','2019-03-11 11:30:14.497566','pouczenie'),(303,'2019-03-12 14:09:33.803493','2019-03-12 14:09:33.805215','wpis, wezwanie'),(304,'2019-03-17 17:38:43.249330','2019-03-17 17:38:43.250407','oddalenie zażalenia'),(305,'2019-03-17 22:04:08.727414','2019-03-17 22:04:08.728372','przekazanie skargi'),(308,'2019-03-22 08:13:48.994605','2019-03-22 08:13:48.995350','odmowa wszczęcia śledztwa'),(310,'2019-03-22 09:19:16.400202','2019-03-22 09:19:16.400916','wniosek'),(313,'2019-03-26 09:40:50.533304','2019-03-26 09:40:50.534049','przekazanie przystąpienia'),(314,'2019-03-27 10:38:12.996161','2019-03-27 10:38:12.996729','wycofanie skargi'),(315,'2019-04-02 20:29:45.141239','2019-04-02 20:29:45.142035','pismo procesowe'),(316,'2019-04-02 20:32:14.634922','2019-04-02 20:32:14.635694','pismo'),(317,'2019-04-03 20:15:39.767133','2019-04-03 20:15:39.767852','zarządzenie'),(318,'2019-04-04 20:17:00.547584','2019-04-04 20:17:00.548438','skarga na działalność'),(319,'2019-04-24 09:09:06.790433','2019-04-24 09:09:06.791200','skarga na akt'),(324,'2019-05-20 10:57:15.334165','2019-05-20 10:57:15.334835','przekazanie zażalenia'),(327,'2019-06-25 07:56:52.242523','2019-06-25 07:56:52.243264','odrzucenie skargi'),(330,'2019-08-29 08:39:42.183284','2019-08-29 08:39:42.184086','wezwanie do wykonania wniosku'),(332,'2019-09-09 08:13:03.775377','2019-09-09 08:13:03.776103','odpowiedź na pismo'),(335,'2019-10-08 08:43:02.547461','2019-10-08 08:43:02.548265','przekazanie wniosku'),(336,'2019-10-09 07:39:38.412541','2019-10-09 07:39:38.413304','przesłuchanie'),(338,'2019-10-30 08:19:04.379322','2019-10-30 08:19:04.380139','sprzeciw'),(342,'2019-12-11 10:50:59.500725','2020-03-26 12:17:02.993729','opinia przyjaciela sądu'),(343,'2019-12-12 09:46:37.866257','2019-12-12 09:46:37.866257','RACHUNEK DO UMOWY'),(344,'2019-12-20 10:05:50.049382','2019-12-20 10:05:50.049382','prośba o zwrot wpisu'),(345,'2019-12-27 09:03:47.624729','2019-12-27 09:03:47.624729','wezwanie do wykonania wyroku'),(347,'2020-01-15 13:04:44.394447','2020-01-15 13:04:44.394447','wezwanie do wydania decyzji'),(348,'2020-01-29 09:00:55.674383','2020-01-29 09:00:55.674383','skarga na niewykonanie wyroku'),(349,'2020-01-30 07:59:16.942254','2020-01-30 07:59:16.942254','skarga na przewlekłość postępowania'),(350,'2020-02-06 09:59:59.465634','2020-02-06 09:59:59.465634','skarga do ETPCz'),(352,'2020-03-05 13:20:26.662388','2020-03-05 13:20:26.662388','prośba na poradnię'),(354,'2020-05-05 15:39:07.005803','2020-05-05 15:39:07.005803','zawiadomienie o popełnieniu przestępstwa'),(357,'2020-06-09 08:30:49.167027','2020-06-09 08:30:49.167027','wszczęcie śledztwa'),(359,'2020-06-19 07:16:29.641881','2020-06-19 07:16:29.641881','subsydiarny akt oskarżenia'),(360,'2020-07-15 07:43:26.724609','2020-07-15 07:43:26.724609','wezwanie, odpowiedź na skargę'),(361,'2020-08-20 12:08:32.925977','2020-08-20 12:08:32.925977','prośba o wycofanie skargi'),(362,'2020-09-17 15:30:17.612059','2020-09-17 15:30:17.612059','uchylenie postanowienia'),(363,'2020-11-03 13:37:02.522942','2020-11-03 13:37:02.522942','posiedzenie niejawne'),(364,'2020-11-04 13:32:04.587092','2020-11-04 13:32:04.587092','wycofanie zawiadomienia'),(365,'2021-01-14 09:18:32.135676','2021-01-14 09:18:32.135676','odpowiedź na zażalenie'),(366,'2021-04-27 16:36:26.699418','2021-04-27 16:36:26.699418','wniosek o informację o środowisku'),(367,'2021-05-17 07:09:28.973018','2021-05-17 07:09:28.973018','petycja');
/*!40000 ALTER TABLE `cases_lettername` ENABLE KEYS */;
UNLOCK TABLES;

--
-- Table structure for table `cases_person`
--

DROP TABLE IF EXISTS `cases_person`;
/*!40101 SET @saved_cs_client     = @@character_set_client */;
/*!40101 SET character_set_client = utf8 */;
CREATE TABLE `cases_person` (
  `id` int(11) NOT NULL AUTO_INCREMENT,
  `created` datetime(6) NOT NULL,
  `modified` datetime(6) NOT NULL,
  `name` varchar(100) COLLATE utf8_polish_ci NOT NULL,
  `user_id` int(11) DEFAULT NULL,
  PRIMARY KEY (`id`),
  KEY `cases_person_user_id_f464a5f4_fk_auth_user_id` (`user_id`),
  CONSTRAINT `cases_person_user_id_f464a5f4_fk_auth_user_id` FOREIGN KEY (`user_id`) REFERENCES `auth_user` (`id`)
) ENGINE=InnoDB AUTO_INCREMENT=18 DEFAULT CHARSET=utf8 COLLATE=utf8_polish_ci;
/*!40101 SET character_set_client = @saved_cs_client */;

--
-- Dumping data for table `cases_person`
--

LOCK TABLES `cases_person` WRITE;
/*!40000 ALTER TABLE `cases_person` DISABLE KEYS */;
INSERT INTO `cases_person` VALUES (1,'2018-06-08 06:35:38.430807','2020-10-15 07:34:20.840304','Agnieszka Zdanowicz',3),(2,'2018-06-19 13:44:17.411337','2020-10-15 07:34:33.141291','Bartosz Wilk',8),(3,'2018-06-19 14:14:03.233027','2020-10-15 07:37:48.291765','Katarzyna Batko-Tołuć',26),(4,'2018-06-19 14:23:35.385519','2020-10-15 07:39:08.581169','Paula Kłucińska',12),(5,'2018-11-22 11:37:22.346429','2020-10-15 07:32:05.276293','Adam Kuczyński',13),(6,'2019-03-01 09:22:32.256855','2020-10-15 07:39:28.764685','Szymon Osowski',20),(7,'2019-03-11 13:29:30.263202','2020-10-15 07:39:18.055974','Roksana Maślankiewicz',16),(8,'2019-03-11 13:29:44.173611','2020-10-15 07:38:43.832750','Martyna Bójko',19),(9,'2020-01-22 09:19:06.257518','2020-10-15 07:33:18.162363','Alina Czyżewska',35),(11,'2020-10-15 07:33:04.378035','2020-10-15 07:33:04.378035','Agnieszka Podgórska',18),(12,'2020-10-15 07:34:49.313370','2020-10-15 07:34:49.313370','Ewa Newelska',15),(13,'2020-10-15 07:37:31.793197','2020-10-15 07:37:31.793197','Joanna Gucman-Muż',11),(14,'2020-10-15 07:38:03.536458','2020-10-15 07:38:03.536458','Katarzyna Witek',7),(16,'2020-10-15 07:38:59.463768','2020-10-15 07:38:59.463768','Marzena Błaszczyk',49),(17,'2020-10-15 07:39:38.677415','2020-10-15 07:39:38.677415','Szymon Dubiel',36);
/*!40000 ALTER TABLE `cases_person` ENABLE KEYS */;
UNLOCK TABLES;

--
-- Table structure for table `cases_tag`
--

DROP TABLE IF EXISTS `cases_tag`;
/*!40101 SET @saved_cs_client     = @@character_set_client */;
/*!40101 SET character_set_client = utf8 */;
CREATE TABLE `cases_tag` (
  `id` int(11) NOT NULL AUTO_INCREMENT,
  `created` datetime(6) NOT NULL,
  `modified` datetime(6) NOT NULL,
  `name` varchar(100) COLLATE utf8_polish_ci NOT NULL,
  PRIMARY KEY (`id`),
  UNIQUE KEY `cases_tag_name_1705f705_uniq` (`name`)
) ENGINE=InnoDB AUTO_INCREMENT=91 DEFAULT CHARSET=utf8 COLLATE=utf8_polish_ci;
/*!40101 SET character_set_client = @saved_cs_client */;

--
-- Dumping data for table `cases_tag`
--

LOCK TABLES `cases_tag` WRITE;
/*!40000 ALTER TABLE `cases_tag` DISABLE KEYS */;
INSERT INTO `cases_tag` VALUES (1,'2018-06-08 06:27:10.884976','2018-06-08 06:27:10.886604','ministerstwa'),(2,'2018-06-08 06:27:18.321425','2018-06-08 06:27:18.322603','partie polityczne'),(3,'2018-06-08 06:27:24.815138','2018-06-08 06:27:24.815712','urzędy wojewódzkie'),(4,'2018-06-08 06:27:31.718992','2018-06-08 06:27:31.719756','urzędy marszałkowskie'),(5,'2018-06-14 08:18:59.804489','2018-06-14 08:18:59.808630','nagrody'),(6,'2018-06-19 13:42:18.883167','2018-06-19 13:42:18.887030','zdrowie'),(7,'2018-06-19 14:30:02.623599','2018-06-19 14:30:02.625660','Zatrudnianie osób z niepełnosprawnościami'),(8,'2018-06-19 14:32:32.645920','2018-06-19 14:32:32.648604','wyżywienie przedszkola'),(9,'2018-06-19 14:46:47.153519','2018-06-19 14:46:47.156698','edukacja'),(10,'2018-09-24 10:16:48.946998','2018-09-24 10:16:48.949792','cmentarze'),(12,'2018-10-17 20:47:13.108046','2018-10-17 20:47:13.111131','faktura'),(13,'2018-10-17 20:54:13.158582','2018-10-17 20:54:13.161333','nadleśnictwa'),(14,'2018-11-06 22:08:22.982762','2018-11-06 22:08:22.985728','spółki komunalne'),(15,'2018-11-06 22:08:40.690810','2018-11-06 22:08:40.693741','obsługa prawna'),(16,'2018-11-14 11:12:39.095380','2018-11-14 11:12:39.098774','klienci_tki'),(17,'2018-11-22 11:34:46.217802','2018-11-22 11:34:46.220665','wynagrodzenie'),(18,'2018-11-22 11:35:10.049779','2018-11-22 11:35:10.053069','wykształcenie'),(19,'2018-11-22 11:36:54.196570','2018-11-22 11:36:54.199528','organizacje pozarządowe'),(20,'2018-11-22 11:40:53.224111','2018-11-22 11:40:53.227787','postępowanie karne'),(21,'2018-11-22 11:42:08.955885','2018-11-22 11:42:08.958749','wyciągi'),(22,'2018-11-22 11:43:59.692438','2018-11-22 11:43:59.697331','uczelnie'),(23,'2018-11-22 11:50:05.302403','2018-11-22 11:50:05.305664','opłata DIP'),(24,'2018-11-22 11:57:27.412438','2018-11-22 11:57:27.415895','spółki skarbu państwa'),(25,'2018-11-22 11:58:05.521566','2018-11-22 11:58:05.524445','media'),(26,'2018-11-22 11:59:48.361406','2018-11-22 12:00:51.507957','urzędy gmin (i miast)'),(27,'2018-11-23 10:28:21.099107','2018-11-23 10:28:21.101666','Prezydent'),(28,'2018-11-23 10:59:35.176168','2018-11-23 10:59:35.178507','sądy'),(29,'2018-11-29 15:38:40.438339','2018-11-29 15:38:40.441396','sko'),(30,'2018-12-05 09:31:09.519013','2018-12-05 09:31:09.522371','szpitale'),(31,'2018-12-06 08:30:20.537988','2018-12-06 08:30:20.540652','wydatki'),(32,'2018-12-06 08:35:26.160953','2018-12-06 08:35:26.163954','umowy'),(33,'2018-12-18 09:08:11.100067','2018-12-18 09:08:11.102734','TV'),(34,'2019-01-07 10:04:43.710492','2019-01-07 10:04:43.714361','Prokuratura'),(35,'2019-01-07 10:48:15.491200','2019-01-07 10:48:15.494798','Premier'),(36,'2019-01-10 19:56:01.849596','2019-01-10 19:56:01.851800','uzdrowiska'),(37,'2019-01-17 21:05:44.145142','2019-01-17 21:05:44.148008','urzędy powiatowe'),(38,'2019-02-04 09:37:34.892999','2019-02-04 09:37:34.896359','odznaczenia'),(39,'2019-02-27 12:41:21.353462','2019-02-27 12:41:21.357107','egzaminy'),(40,'2019-03-07 09:38:26.023723','2019-03-07 09:38:26.026747','imprezy masowe'),(41,'2019-03-26 13:27:59.873108','2019-03-26 13:27:59.878182','starostwa'),(42,'2019-04-11 09:14:45.789635','2019-04-11 09:14:45.793716','plan zagospodarowania'),(43,'2019-04-11 09:18:57.227917','2019-04-11 09:18:57.231977','inwestycje'),(45,'2019-05-08 11:42:00.549129','2019-05-08 11:42:00.552357','dotacje'),(46,'2019-05-08 11:42:56.675717','2019-05-08 11:42:56.680864','oświadczenia majątkowe'),(47,'2019-05-08 11:46:47.248767','2019-05-08 11:46:47.251852','samochody służbowe'),(48,'2019-05-08 11:49:37.181681','2019-05-08 11:49:37.184890','konkurs na stanowisko'),(49,'2019-05-08 11:54:06.204452','2019-05-08 11:54:06.208292','mięso z ubojni'),(50,'2019-05-09 08:48:18.929017','2019-05-09 08:48:18.932059','kalendarz spotkań'),(51,'2019-05-10 07:34:03.006769','2019-05-10 07:34:03.010158','srodki publiczne'),(52,'2019-05-21 08:42:45.542209','2019-05-21 08:42:45.544527','sesje rady miejskiej'),(53,'2019-06-25 08:38:12.532779','2019-06-25 08:38:12.535514','orzeczenia'),(54,'2019-06-25 08:38:34.688284','2019-06-25 08:38:34.690845','ugody'),(55,'2019-07-02 20:26:37.519111','2019-07-02 20:26:37.522818','połączenia kolejowe'),(56,'2019-07-22 08:15:02.330793','2019-07-22 08:15:02.333365','wnioski o IP'),(57,'2019-08-21 11:21:02.711533','2019-08-21 11:21:02.714202','sport'),(58,'2019-08-21 11:21:29.668513','2019-08-21 11:21:29.671510','budżet'),(59,'2019-08-27 08:26:03.742698','2019-08-27 08:26:03.745510','media społecznościowe'),(60,'2019-08-28 08:16:38.683260','2019-08-28 08:16:38.685626','stypendia naukowe'),(61,'2019-10-25 07:46:28.208970','2019-10-25 07:46:28.211580','wyżywienie szpitale'),(62,'2019-11-13 09:01:08.098886','2019-11-13 09:01:08.108858','nagrania'),(63,'2019-11-13 12:38:24.150201','2019-11-13 12:38:24.155129','loże VIP'),(64,'2019-11-18 10:34:43.425450','2019-11-18 10:34:43.430400','świadczenia dla niepełnosprawnych'),(65,'2019-11-20 10:40:34.360619','2019-11-20 10:40:34.364016','Izba Dyscyplinarna'),(66,'2019-12-16 10:09:10.534949','2019-12-16 10:09:10.534949','instytucje kultury'),(67,'2019-12-16 10:11:52.077131','2019-12-16 10:11:52.077131','obrady Rady Gminy'),(68,'2020-01-03 13:37:34.613109','2020-01-03 13:37:34.613109','diety'),(69,'2020-01-03 13:37:46.195019','2020-01-03 13:37:46.195019','radni'),(70,'2020-01-08 10:11:17.186756','2020-01-08 10:11:17.186756','podróże służbowe'),(71,'2020-01-08 13:40:28.196279','2020-01-08 13:40:28.196279','środowisko'),(72,'2020-01-10 11:31:55.698372','2020-01-10 11:31:55.698372','zatrudnienie'),(73,'2020-01-10 13:07:22.456196','2020-01-10 13:07:22.456196','NFZ'),(74,'2020-01-22 12:56:28.471698','2020-01-22 12:56:28.471698','komendy policji'),(75,'2020-01-30 07:57:16.165593','2020-01-30 07:58:16.833003','kancelarie sejmu (i senatu)'),(76,'2020-02-14 10:18:23.384776','2020-02-14 10:18:23.384776','szkoły (i przedszkola)'),(77,'2020-02-27 11:14:39.315679','2020-02-27 11:14:39.315679','RODO'),(78,'2020-03-12 09:22:46.772351','2020-03-12 09:22:46.772351','wybory'),(79,'2020-03-25 09:47:16.905482','2020-03-25 09:47:16.905482','koronawirus'),(80,'2020-04-01 14:59:01.218267','2020-04-01 14:59:01.218267','psychiatria'),(81,'2020-04-14 16:10:46.387842','2020-04-14 16:10:46.387842','Kuratoria Oświaty'),(82,'2020-08-11 09:53:34.922055','2020-08-11 09:53:34.922055','protesty'),(83,'2020-08-20 08:02:36.245780','2020-08-20 08:02:36.245780','programy rządowe'),(84,'2020-09-24 10:38:33.055234','2020-09-24 10:38:33.055234','środki unijne'),(86,'2020-09-24 10:46:08.943403','2020-09-24 10:46:08.943403','pomoc humanitarna'),(87,'2020-12-22 09:16:12.511936','2020-12-22 09:16:12.511936','sanepid'),(88,'2021-01-21 13:41:24.986540','2021-01-21 13:41:24.986540','samorządy'),(89,'2021-02-02 08:18:54.695332','2021-02-02 08:18:54.695332','szczepionki'),(90,'2021-04-21 07:57:38.124009','2021-04-21 07:57:38.124009','LGBT');
/*!40000 ALTER TABLE `cases_tag` ENABLE KEYS */;
UNLOCK TABLES;

--
-- Table structure for table `django_admin_log`
--

DROP TABLE IF EXISTS `django_admin_log`;
/*!40101 SET @saved_cs_client     = @@character_set_client */;
/*!40101 SET character_set_client = utf8 */;
CREATE TABLE `django_admin_log` (
  `id` int(11) NOT NULL AUTO_INCREMENT,
  `action_time` datetime(6) NOT NULL,
  `object_id` longtext COLLATE utf8_polish_ci,
  `object_repr` varchar(200) COLLATE utf8_polish_ci NOT NULL,
  `action_flag` smallint(5) unsigned NOT NULL,
  `change_message` longtext COLLATE utf8_polish_ci NOT NULL,
  `content_type_id` int(11) DEFAULT NULL,
  `user_id` int(11) NOT NULL,
  PRIMARY KEY (`id`),
  KEY `django_admin_log_content_type_id_c4bce8eb_fk_django_co` (`content_type_id`),
  KEY `django_admin_log_user_id_c564eba6_fk_auth_user_id` (`user_id`),
  CONSTRAINT `django_admin_log_content_type_id_c4bce8eb_fk_django_co` FOREIGN KEY (`content_type_id`) REFERENCES `django_content_type` (`id`),
  CONSTRAINT `django_admin_log_user_id_c564eba6_fk_auth_user_id` FOREIGN KEY (`user_id`) REFERENCES `auth_user` (`id`)
) ENGINE=InnoDB AUTO_INCREMENT=26438 DEFAULT CHARSET=utf8 COLLATE=utf8_polish_ci;
/*!40101 SET character_set_client = @saved_cs_client */;

--
-- Dumping data for table `django_admin_log`
--

LOCK TABLES `django_admin_log` WRITE;
/*!40000 ALTER TABLE `django_admin_log` DISABLE KEYS */;
/*!40000 ALTER TABLE `django_admin_log` ENABLE KEYS */;
UNLOCK TABLES;

--
-- Table structure for table `django_content_type`
--

DROP TABLE IF EXISTS `django_content_type`;
/*!40101 SET @saved_cs_client     = @@character_set_client */;
/*!40101 SET character_set_client = utf8 */;
CREATE TABLE `django_content_type` (
  `id` int(11) NOT NULL AUTO_INCREMENT,
  `app_label` varchar(100) COLLATE utf8_polish_ci NOT NULL,
  `model` varchar(100) COLLATE utf8_polish_ci NOT NULL,
  PRIMARY KEY (`id`),
  UNIQUE KEY `django_content_type_app_label_model_76bd3d3b_uniq` (`app_label`,`model`)
) ENGINE=InnoDB AUTO_INCREMENT=25 DEFAULT CHARSET=utf8 COLLATE=utf8_polish_ci;
/*!40101 SET character_set_client = @saved_cs_client */;

--
-- Dumping data for table `django_content_type`
--

LOCK TABLES `django_content_type` WRITE;
/*!40000 ALTER TABLE `django_content_type` DISABLE KEYS */;
INSERT INTO `django_content_type` VALUES (9,'account','emailaddress'),(8,'account','emailconfirmation'),(1,'admin','logentry'),(4,'auth','group'),(2,'auth','permission'),(3,'auth','user'),(23,'authkey','key'),(24,'authkey','scope'),(14,'cases','case'),(17,'cases','channel'),(19,'cases','dictionary'),(13,'cases','institution'),(15,'cases','letter'),(21,'cases','lettername'),(18,'cases','person'),(16,'cases','tag'),(5,'contenttypes','contenttype'),(22,'events','event'),(20,'extracts','mail'),(6,'sessions','session'),(7,'sites','site'),(11,'socialaccount','socialaccount'),(12,'socialaccount','socialapp'),(10,'socialaccount','socialtoken');
/*!40000 ALTER TABLE `django_content_type` ENABLE KEYS */;
UNLOCK TABLES;

--
-- Table structure for table `django_migrations`
--

DROP TABLE IF EXISTS `django_migrations`;
/*!40101 SET @saved_cs_client     = @@character_set_client */;
/*!40101 SET character_set_client = utf8 */;
CREATE TABLE `django_migrations` (
  `id` int(11) NOT NULL AUTO_INCREMENT,
  `app` varchar(255) COLLATE utf8_polish_ci NOT NULL,
  `name` varchar(255) COLLATE utf8_polish_ci NOT NULL,
  `applied` datetime(6) NOT NULL,
  PRIMARY KEY (`id`)
) ENGINE=InnoDB AUTO_INCREMENT=45 DEFAULT CHARSET=utf8 COLLATE=utf8_polish_ci;
/*!40101 SET character_set_client = @saved_cs_client */;

--
-- Dumping data for table `django_migrations`
--

LOCK TABLES `django_migrations` WRITE;
/*!40000 ALTER TABLE `django_migrations` DISABLE KEYS */;
INSERT INTO `django_migrations` VALUES (1,'contenttypes','0001_initial','2018-06-05 08:16:25.653588'),(2,'auth','0001_initial','2018-06-05 08:16:26.778832'),(3,'account','0001_initial','2018-06-05 08:16:27.106832'),(4,'account','0002_email_max_length','2018-06-05 08:16:27.231645'),(5,'admin','0001_initial','2018-06-05 08:16:27.500793'),(6,'admin','0002_logentry_remove_auto_add','2018-06-05 08:16:27.540947'),(7,'contenttypes','0002_remove_content_type_name','2018-06-05 08:16:27.728948'),(8,'auth','0002_alter_permission_name_max_length','2018-06-05 08:16:27.857329'),(9,'auth','0003_alter_user_email_max_length','2018-06-05 08:16:27.974969'),(10,'auth','0004_alter_user_username_opts','2018-06-05 08:16:28.006413'),(11,'auth','0005_alter_user_last_login_null','2018-06-05 08:16:28.095356'),(12,'auth','0006_require_contenttypes_0002','2018-06-05 08:16:28.105221'),(13,'auth','0007_alter_validators_add_error_messages','2018-06-05 08:16:28.136224'),(14,'auth','0008_alter_user_username_max_length','2018-06-05 08:16:28.240991'),(15,'auth','0009_alter_user_last_name_max_length','2018-06-05 08:16:28.350947'),(16,'cases','0001_initial','2018-06-05 08:16:28.655456'),(17,'sessions','0001_initial','2018-06-05 08:16:28.727384'),(18,'sites','0001_initial','2018-06-05 08:16:28.787227'),(19,'sites','0002_alter_domain_unique','2018-06-05 08:16:28.823345'),(20,'socialaccount','0001_initial','2018-06-05 08:16:29.606188'),(21,'socialaccount','0002_token_max_lengths','2018-06-05 08:16:29.876799'),(22,'socialaccount','0003_extra_data_default_dict','2018-06-05 08:16:29.905744'),(23,'cases','0002_auto_20180608_0331','2018-06-08 01:51:13.141798'),(24,'cases','0003_auto_20180608_1123','2018-06-13 08:50:45.243630'),(25,'cases','0004_auto_20180613_1042','2018-06-13 08:50:48.177086'),(26,'cases','0005_auto_20180614_0259','2018-06-14 01:02:43.893728'),(27,'extracts','0001_initial','2018-06-29 01:10:06.132026'),(28,'extracts','0002_auto_20180629_0256','2018-06-29 01:10:06.337313'),(29,'admin','0003_logentry_add_action_flag_choices','2018-11-26 02:06:41.269822'),(30,'cases','0006_auto_20181107_2349','2018-11-26 02:06:41.319451'),(31,'cases','0007_remove_letter_tags','2018-11-26 02:06:42.171115'),(32,'cases','0008_auto_20181126_0254','2018-11-26 02:06:42.214266'),(33,'cases','0009_case_audited_institution','2018-11-26 02:06:42.407279'),(34,'cases','0010_auto_20181126_0302','2018-11-26 02:06:42.580731'),(35,'cases','0011_auto_20181127_2109','2018-11-27 20:13:50.620604'),(36,'cases','0012_auto_20190104_2012','2019-03-02 05:31:56.817468'),(37,'cases','0013_auto_20190302_0518','2019-03-02 05:32:05.066503'),(38,'auth','0010_alter_group_name_max_length','2019-06-08 09:57:21.062898'),(39,'auth','0011_update_proxy_permissions','2019-06-08 09:57:21.140983'),(40,'authkey','0001_initial','2020-11-04 12:56:39.921277'),(41,'events','0001_initial','2020-11-04 12:56:40.593278'),(42,'authkey','0002_auto_20201112_0218','2020-11-12 13:59:16.223744'),(43,'events','0002_auto_20201112_0218','2020-11-12 13:59:16.707583'),(44,'cases','0014_letter_event','2021-01-28 06:31:59.996262');
/*!40000 ALTER TABLE `django_migrations` ENABLE KEYS */;
UNLOCK TABLES;

--
-- Table structure for table `django_session`
--

DROP TABLE IF EXISTS `django_session`;
/*!40101 SET @saved_cs_client     = @@character_set_client */;
/*!40101 SET character_set_client = utf8 */;
CREATE TABLE `django_session` (
  `session_key` varchar(40) COLLATE utf8_polish_ci NOT NULL,
  `session_data` longtext COLLATE utf8_polish_ci NOT NULL,
  `expire_date` datetime(6) NOT NULL,
  PRIMARY KEY (`session_key`),
  KEY `django_session_expire_date_a5c62663` (`expire_date`)
) ENGINE=InnoDB DEFAULT CHARSET=utf8 COLLATE=utf8_polish_ci;
/*!40101 SET character_set_client = @saved_cs_client */;

--
-- Dumping data for table `django_session`
--

LOCK TABLES `django_session` WRITE;
/*!40000 ALTER TABLE `django_session` DISABLE KEYS */;
/*!40000 ALTER TABLE `django_session` ENABLE KEYS */;
UNLOCK TABLES;

--
-- Table structure for table `django_site`
--

DROP TABLE IF EXISTS `django_site`;
/*!40101 SET @saved_cs_client     = @@character_set_client */;
/*!40101 SET character_set_client = utf8 */;
CREATE TABLE `django_site` (
  `id` int(11) NOT NULL AUTO_INCREMENT,
  `domain` varchar(100) COLLATE utf8_polish_ci NOT NULL,
  `name` varchar(50) COLLATE utf8_polish_ci NOT NULL,
  PRIMARY KEY (`id`),
  UNIQUE KEY `django_site_domain_a2e37b91_uniq` (`domain`)
) ENGINE=InnoDB AUTO_INCREMENT=2 DEFAULT CHARSET=utf8 COLLATE=utf8_polish_ci;
/*!40101 SET character_set_client = @saved_cs_client */;

--
-- Dumping data for table `django_site`
--

LOCK TABLES `django_site` WRITE;
/*!40000 ALTER TABLE `django_site` DISABLE KEYS */;
INSERT INTO `django_site` VALUES (1,'small-eod.siecobywatelska.pl','small-eod.siecobywatelska.pl');
/*!40000 ALTER TABLE `django_site` ENABLE KEYS */;
UNLOCK TABLES;

--
-- Table structure for table `events_event`
--

DROP TABLE IF EXISTS `events_event`;
/*!40101 SET @saved_cs_client     = @@character_set_client */;
/*!40101 SET character_set_client = utf8 */;
CREATE TABLE `events_event` (
  `id` int(11) NOT NULL AUTO_INCREMENT,
  `modified_on` datetime(6) NOT NULL,
  `created_on` datetime(6) NOT NULL,
  `date` datetime(6) NOT NULL,
  `name` varchar(256) COLLATE utf8_polish_ci NOT NULL,
  `comment` longtext COLLATE utf8_polish_ci NOT NULL,
  `case_id` int(11) NOT NULL,
  PRIMARY KEY (`id`),
  KEY `events_event_case_id_ceb3c455_fk_cases_case_id` (`case_id`),
  CONSTRAINT `events_event_case_id_ceb3c455_fk_cases_case_id` FOREIGN KEY (`case_id`) REFERENCES `cases_case` (`id`)
) ENGINE=InnoDB AUTO_INCREMENT=23 DEFAULT CHARSET=utf8 COLLATE=utf8_polish_ci;
/*!40101 SET character_set_client = @saved_cs_client */;

--
-- Dumping data for table `events_event`
--

LOCK TABLES `events_event` WRITE;
/*!40000 ALTER TABLE `events_event` DISABLE KEYS */;
/*!40000 ALTER TABLE `events_event` ENABLE KEYS */;
UNLOCK TABLES;

--
-- Table structure for table `extracts_mail`
--

DROP TABLE IF EXISTS `extracts_mail`;
/*!40101 SET @saved_cs_client     = @@character_set_client */;
/*!40101 SET character_set_client = utf8 */;
CREATE TABLE `extracts_mail` (
  `id` int(11) NOT NULL AUTO_INCREMENT,
  `created` datetime(6) NOT NULL,
  `modified` datetime(6) NOT NULL,
  `subject` longtext COLLATE utf8_polish_ci NOT NULL,
  `from_address` longtext COLLATE utf8_polish_ci NOT NULL,
  `body` longtext COLLATE utf8_polish_ci NOT NULL,
  `attachments_count` longtext COLLATE utf8_polish_ci NOT NULL,
  `date` longtext COLLATE utf8_polish_ci NOT NULL,
  `text` longtext COLLATE utf8_polish_ci NOT NULL,
  `to_address` longtext COLLATE utf8_polish_ci NOT NULL,
  PRIMARY KEY (`id`)
) ENGINE=InnoDB AUTO_INCREMENT=2743 DEFAULT CHARSET=utf8 COLLATE=utf8_polish_ci;
/*!40101 SET character_set_client = @saved_cs_client */;

--
-- Dumping data for table `extracts_mail`
--

LOCK TABLES `extracts_mail` WRITE;
/*!40000 ALTER TABLE `extracts_mail` DISABLE KEYS */;
/*!40000 ALTER TABLE `extracts_mail` ENABLE KEYS */;
UNLOCK TABLES;

--
-- Table structure for table `socialaccount_socialaccount`
--

DROP TABLE IF EXISTS `socialaccount_socialaccount`;
/*!40101 SET @saved_cs_client     = @@character_set_client */;
/*!40101 SET character_set_client = utf8 */;
CREATE TABLE `socialaccount_socialaccount` (
  `id` int(11) NOT NULL AUTO_INCREMENT,
  `provider` varchar(30) COLLATE utf8_polish_ci NOT NULL,
  `uid` varchar(191) COLLATE utf8_polish_ci NOT NULL,
  `last_login` datetime(6) NOT NULL,
  `date_joined` datetime(6) NOT NULL,
  `extra_data` longtext COLLATE utf8_polish_ci NOT NULL,
  `user_id` int(11) NOT NULL,
  PRIMARY KEY (`id`),
  UNIQUE KEY `socialaccount_socialaccount_provider_uid_fc810c6e_uniq` (`provider`,`uid`),
  KEY `socialaccount_socialaccount_user_id_8146e70c_fk_auth_user_id` (`user_id`),
  CONSTRAINT `socialaccount_socialaccount_user_id_8146e70c_fk_auth_user_id` FOREIGN KEY (`user_id`) REFERENCES `auth_user` (`id`)
) ENGINE=InnoDB AUTO_INCREMENT=53 DEFAULT CHARSET=utf8 COLLATE=utf8_polish_ci;
/*!40101 SET character_set_client = @saved_cs_client */;

--
-- Dumping data for table `socialaccount_socialaccount`
--

LOCK TABLES `socialaccount_socialaccount` WRITE;
/*!40000 ALTER TABLE `socialaccount_socialaccount` DISABLE KEYS */;
/*!40000 ALTER TABLE `socialaccount_socialaccount` ENABLE KEYS */;
UNLOCK TABLES;

--
-- Table structure for table `socialaccount_socialapp`
--

DROP TABLE IF EXISTS `socialaccount_socialapp`;
/*!40101 SET @saved_cs_client     = @@character_set_client */;
/*!40101 SET character_set_client = utf8 */;
CREATE TABLE `socialaccount_socialapp` (
  `id` int(11) NOT NULL AUTO_INCREMENT,
  `provider` varchar(30) COLLATE utf8_polish_ci NOT NULL,
  `name` varchar(40) COLLATE utf8_polish_ci NOT NULL,
  `client_id` varchar(191) COLLATE utf8_polish_ci NOT NULL,
  `secret` varchar(191) COLLATE utf8_polish_ci NOT NULL,
  `key` varchar(191) COLLATE utf8_polish_ci NOT NULL,
  PRIMARY KEY (`id`)
) ENGINE=InnoDB AUTO_INCREMENT=3 DEFAULT CHARSET=utf8 COLLATE=utf8_polish_ci;
/*!40101 SET character_set_client = @saved_cs_client */;

--
-- Dumping data for table `socialaccount_socialapp`
--

LOCK TABLES `socialaccount_socialapp` WRITE;
/*!40000 ALTER TABLE `socialaccount_socialapp` DISABLE KEYS */;
/*!40000 ALTER TABLE `socialaccount_socialapp` ENABLE KEYS */;
UNLOCK TABLES;

--
-- Table structure for table `socialaccount_socialapp_sites`
--

DROP TABLE IF EXISTS `socialaccount_socialapp_sites`;
/*!40101 SET @saved_cs_client     = @@character_set_client */;
/*!40101 SET character_set_client = utf8 */;
CREATE TABLE `socialaccount_socialapp_sites` (
  `id` int(11) NOT NULL AUTO_INCREMENT,
  `socialapp_id` int(11) NOT NULL,
  `site_id` int(11) NOT NULL,
  PRIMARY KEY (`id`),
  UNIQUE KEY `socialaccount_socialapp_sites_socialapp_id_site_id_71a9a768_uniq` (`socialapp_id`,`site_id`),
  KEY `socialaccount_socialapp_sites_site_id_2579dee5_fk_django_site_id` (`site_id`),
  CONSTRAINT `socialaccount_social_socialapp_id_97fb6e7d_fk_socialacc` FOREIGN KEY (`socialapp_id`) REFERENCES `socialaccount_socialapp` (`id`),
  CONSTRAINT `socialaccount_socialapp_sites_site_id_2579dee5_fk_django_site_id` FOREIGN KEY (`site_id`) REFERENCES `django_site` (`id`)
) ENGINE=InnoDB AUTO_INCREMENT=3 DEFAULT CHARSET=utf8 COLLATE=utf8_polish_ci;
/*!40101 SET character_set_client = @saved_cs_client */;

--
-- Dumping data for table `socialaccount_socialapp_sites`
--

LOCK TABLES `socialaccount_socialapp_sites` WRITE;
/*!40000 ALTER TABLE `socialaccount_socialapp_sites` DISABLE KEYS */;
/*!40000 ALTER TABLE `socialaccount_socialapp_sites` ENABLE KEYS */;
UNLOCK TABLES;

--
-- Table structure for table `socialaccount_socialtoken`
--

DROP TABLE IF EXISTS `socialaccount_socialtoken`;
/*!40101 SET @saved_cs_client     = @@character_set_client */;
/*!40101 SET character_set_client = utf8 */;
CREATE TABLE `socialaccount_socialtoken` (
  `id` int(11) NOT NULL AUTO_INCREMENT,
  `token` longtext COLLATE utf8_polish_ci NOT NULL,
  `token_secret` longtext COLLATE utf8_polish_ci NOT NULL,
  `expires_at` datetime(6) DEFAULT NULL,
  `account_id` int(11) NOT NULL,
  `app_id` int(11) NOT NULL,
  PRIMARY KEY (`id`),
  UNIQUE KEY `socialaccount_socialtoken_app_id_account_id_fca4e0ac_uniq` (`app_id`,`account_id`),
  KEY `socialaccount_social_account_id_951f210e_fk_socialacc` (`account_id`),
  CONSTRAINT `socialaccount_social_account_id_951f210e_fk_socialacc` FOREIGN KEY (`account_id`) REFERENCES `socialaccount_socialaccount` (`id`),
  CONSTRAINT `socialaccount_social_app_id_636a42d7_fk_socialacc` FOREIGN KEY (`app_id`) REFERENCES `socialaccount_socialapp` (`id`)
) ENGINE=InnoDB AUTO_INCREMENT=53 DEFAULT CHARSET=utf8 COLLATE=utf8_polish_ci;
/*!40101 SET character_set_client = @saved_cs_client */;

--
-- Dumping data for table `socialaccount_socialtoken`
--

LOCK TABLES `socialaccount_socialtoken` WRITE;
/*!40000 ALTER TABLE `socialaccount_socialtoken` DISABLE KEYS */;
/*!40000 ALTER TABLE `socialaccount_socialtoken` ENABLE KEYS */;
UNLOCK TABLES;
/*!40103 SET TIME_ZONE=@OLD_TIME_ZONE */;

/*!40101 SET SQL_MODE=@OLD_SQL_MODE */;
/*!40014 SET FOREIGN_KEY_CHECKS=@OLD_FOREIGN_KEY_CHECKS */;
/*!40014 SET UNIQUE_CHECKS=@OLD_UNIQUE_CHECKS */;
/*!40101 SET CHARACTER_SET_CLIENT=@OLD_CHARACTER_SET_CLIENT */;
/*!40101 SET CHARACTER_SET_RESULTS=@OLD_CHARACTER_SET_RESULTS */;
/*!40101 SET COLLATION_CONNECTION=@OLD_COLLATION_CONNECTION */;
/*!40111 SET SQL_NOTES=@OLD_SQL_NOTES */;

-- Dump completed on 2021-05-31  2:27:30
